session_id,occurred_at,screen_name,university_code
d4c4e4b7-0fd9-477d-8148-6a08980b80e6,2026-04-12 16:29:43.000,Grades Overview,de_fhswf
5965f73d-273e-4afc-9721-8bf329ff7be5,2026-04-12 23:59:54.000,Mail Detail,de_ks
ba9831ed-0646-4171-a063-6c3314cc9d7a,2026-04-13 00:00:00.000,Mail Overview,de_fhwo
e6b042fc-725b-4a93-888f-171db04f5989,2026-04-12 23:59:55.000,calendar_overview,de_cbs
3648f469-c886-48e9-afcf-f28ecd58374d,2026-04-12 23:59:55.000,Calendar Day View,de_phlb
3648f469-c886-48e9-afcf-f28ecd58374d,2026-04-13 00:00:01.000,Calendar Week View,de_phlb
3c08d0b0-e86b-4850-a9e6-9d670365d0fe,2026-04-13 00:00:05.000,Mail Overview,de_dhbws
3529ab3e-7976-46bd-853b-86ea35bc7734,2026-04-12 23:59:55.000,Generic Links Overview,de_pum
f6da7437-9fd0-42d3-b780-a616e4ecabbf,2026-04-13 00:00:05.000,Studie Modules,de_hsmz
feee9949-4278-4f45-b7f0-50dd7692cd24,2026-04-13 00:00:04.000,Mail Detail,de_hsge
6f6d63df-0c0c-4a8c-aced-0b2c51ecf5dd,2026-04-12 19:08:51.000,wallet,de_si
6f6d63df-0c0c-4a8c-aced-0b2c51ecf5dd,2026-04-12 19:08:50.000,Studie Modules,de_si
eaf3f3c5-5eed-4eef-a7c2-ccfebf32cae6,2026-04-13 00:00:06.000,Mail Detail,de_thm
eaf3f3c5-5eed-4eef-a7c2-ccfebf32cae6,2026-04-13 00:00:02.000,Mail Overview,de_thm
eaf3f3c5-5eed-4eef-a7c2-ccfebf32cae6,2026-04-13 00:00:06.000,Mail Overview,de_thm
eaf3f3c5-5eed-4eef-a7c2-ccfebf32cae6,2026-04-13 00:00:01.000,Mail Detail,de_thm
eaf3f3c5-5eed-4eef-a7c2-ccfebf32cae6,2026-04-13 00:00:03.000,Mail Detail,de_thm
eaf3f3c5-5eed-4eef-a7c2-ccfebf32cae6,2026-04-12 23:59:57.000,Mail Detail,de_thm
eaf3f3c5-5eed-4eef-a7c2-ccfebf32cae6,2026-04-13 00:00:00.000,Mail Overview,de_thm
e8b2e40d-6e67-43be-85bc-20251585e709,2026-04-13 00:00:04.000,Feed,de_tubf
00201752-7cac-4f46-a435-583f900e437f,2026-04-13 00:00:08.000,Schedule Detail,de_hsfd
e8b2e40d-6e67-43be-85bc-20251585e709,2026-04-13 00:00:04.000,Courses Login,de_tubf
e8b2e40d-6e67-43be-85bc-20251585e709,2026-04-13 00:00:06.000,Mail Setup Manual,de_tubf
71087b23-0ce2-480c-9b1e-0402a2c1a656,2026-04-13 00:00:06.000,Schedule Detail,de_dhbws
71087b23-0ce2-480c-9b1e-0402a2c1a656,2026-04-13 00:00:05.000,Calendar Day View,de_dhbws
e8b2e40d-6e67-43be-85bc-20251585e709,2026-04-12 23:59:58.000,Feed,de_tubf
1a5da177-7389-494f-8b59-cf9a6adf6bd7,2026-04-13 00:00:02.000,Mail Overview,de_pum
15dfd70b-6271-4cfd-ab10-6c1a1c21c0ed,2026-04-13 00:00:09.000,Mail Overview,de_lmum
c82defd6-97a7-45f6-a967-bf757f2e1319,2026-04-13 00:00:05.000,Feed Detail,de_pum
c82defd6-97a7-45f6-a967-bf757f2e1319,2026-04-13 00:00:09.000,Studie Modules,de_pum
c82defd6-97a7-45f6-a967-bf757f2e1319,2026-04-13 00:00:08.000,Feed,de_pum
f4606561-0c62-4791-bb34-cecb5771657e,2026-04-13 00:00:02.000,Mail Overview,de_hm
f4606561-0c62-4791-bb34-cecb5771657e,2026-04-12 23:59:54.000,Mail Detail,de_hm
c2b0efd2-32b3-478d-acac-095ffb69f840,2026-04-12 22:12:48.000,Calendar Week View,de_hsgh
c2b0efd2-32b3-478d-acac-095ffb69f840,2026-04-12 22:12:46.000,Schedule Detail,de_hsgh
47533c10-8e29-4b1d-bf5c-d5ba50b4d6b5,2026-04-12 22:59:04.000,Global Ory Login,de_evhb
47533c10-8e29-4b1d-bf5c-d5ba50b4d6b5,2026-04-12 23:29:07.000,Global Ory Login,de_evhb
3648f469-c886-48e9-afcf-f28ecd58374d,2026-04-13 00:00:10.000,Calendar List View,de_phlb
f6da7437-9fd0-42d3-b780-a616e4ecabbf,2026-04-13 00:00:09.000,Generic Links Overview,de_hsmz
f6da7437-9fd0-42d3-b780-a616e4ecabbf,2026-04-13 00:00:08.000,Studie Modules,de_hsmz
2ccb9e5a-eff5-473c-93eb-bf83a1aed997,2026-04-13 00:00:04.000,Study Field Onboarding,de_fhki
f6da7437-9fd0-42d3-b780-a616e4ecabbf,2026-04-13 00:00:06.000,Links,de_hsmz
309276aa-9ce0-4d33-b6b3-ec02c3940104,2026-04-13 00:00:06.000,Mail Overview,de_hm
309276aa-9ce0-4d33-b6b3-ec02c3940104,2026-04-13 00:00:09.000,Mail Detail,de_hm
309276aa-9ce0-4d33-b6b3-ec02c3940104,2026-04-13 00:00:05.000,Studie Modules,de_hm
00201752-7cac-4f46-a435-583f900e437f,2026-04-13 00:00:10.000,Calendar Week View,de_hsfd
eaf3f3c5-5eed-4eef-a7c2-ccfebf32cae6,2026-04-13 00:00:10.000,Mail Detail,de_thm
eaf3f3c5-5eed-4eef-a7c2-ccfebf32cae6,2026-04-13 00:00:11.000,Mail Overview,de_thm
00201752-7cac-4f46-a435-583f900e437f,2026-04-13 00:00:10.000,Schedule Detail,de_hsfd
eaf3f3c5-5eed-4eef-a7c2-ccfebf32cae6,2026-04-13 00:00:14.000,Mail Overview,de_thm
1a5da177-7389-494f-8b59-cf9a6adf6bd7,2026-04-13 00:00:12.000,Feed,de_pum
eaf3f3c5-5eed-4eef-a7c2-ccfebf32cae6,2026-04-13 00:00:09.000,Mail Overview,de_thm
eaf3f3c5-5eed-4eef-a7c2-ccfebf32cae6,2026-04-13 00:00:12.000,Mail Detail,de_thm
1a5da177-7389-494f-8b59-cf9a6adf6bd7,2026-04-13 00:00:15.000,Studie Modules,de_pum
eaf3f3c5-5eed-4eef-a7c2-ccfebf32cae6,2026-04-13 00:00:15.000,Mail Detail,de_thm
02c68098-0581-40f1-965a-5551a688e4cb,2026-04-12 19:00:34.000,Mail Overview,de_tuda
02c68098-0581-40f1-965a-5551a688e4cb,2026-04-12 19:00:32.000,Career Main,de_tuda
02c68098-0581-40f1-965a-5551a688e4cb,2026-04-12 19:00:33.000,Studie Modules,de_tuda
15dfd70b-6271-4cfd-ab10-6c1a1c21c0ed,2026-04-13 00:00:14.000,Mail Detail,de_lmum
34d0e26f-8563-4a6b-94e9-6b3236390aa3,2026-04-12 17:26:20.000,Studie Modules,de_thm
e6b042fc-725b-4a93-888f-171db04f5989,2026-04-13 00:00:20.000,Calendar Detail,de_cbs
34d0e26f-8563-4a6b-94e9-6b3236390aa3,2026-04-12 17:26:18.000,Generic Links Overview,de_thm
c82defd6-97a7-45f6-a967-bf757f2e1319,2026-04-13 00:00:20.000,Studie Modules,de_pum
61615df9-dc58-4aea-9a41-204c00f16afb,2026-04-12 23:55:36.000,Mail Overview,de_jlug
61615df9-dc58-4aea-9a41-204c00f16afb,2026-04-12 23:55:35.000,Studie Modules,de_jlug
c82defd6-97a7-45f6-a967-bf757f2e1319,2026-04-13 00:00:14.000,Mail Overview,de_pum
119999b5-5889-44bf-94b3-d336659df16e,2026-04-13 00:00:22.000,Career Main,de_hsda
5965f73d-273e-4afc-9721-8bf329ff7be5,2026-04-13 00:00:21.000,Mail Overview,de_ks
3529ab3e-7976-46bd-853b-86ea35bc7734,2026-04-13 00:00:23.000,Studie Modules,de_pum
d8debc3f-e315-4355-b6ea-37cb01e8451f,2026-04-13 00:00:18.000,Mail Overview,de_si
22d3f737-c3ec-48d2-bdbf-d458d1799af6,2026-04-13 00:00:21.000,Mail Overview,de_hsaa
d8debc3f-e315-4355-b6ea-37cb01e8451f,2026-04-13 00:00:16.000,Studie Modules,de_si
d8debc3f-e315-4355-b6ea-37cb01e8451f,2026-04-13 00:00:22.000,Mail Detail,de_si
d9e96a14-54f7-4a18-878e-c73dcb1cba94,2026-04-13 00:00:16.000,Mail Overview,de_bt
a2ddd479-f2db-4b1d-b091-e4eed1d2147f,2026-04-12 13:56:28.000,Mail Overview,de_pum
a2ddd479-f2db-4b1d-b091-e4eed1d2147f,2026-04-12 13:56:27.000,Studie Modules,de_pum
a2ddd479-f2db-4b1d-b091-e4eed1d2147f,2026-04-12 23:59:25.000,Studie Modules,de_pum
d1306e2a-c67c-4648-93d1-a1efef6ddf76,2026-04-13 00:00:25.000,Schedule Create,de_pum
a2ddd479-f2db-4b1d-b091-e4eed1d2147f,2026-04-12 23:59:26.000,Mail Overview,de_pum
d9e96a14-54f7-4a18-878e-c73dcb1cba94,2026-04-13 00:00:25.000,Mail Detail,de_bt
3c08d0b0-e86b-4850-a9e6-9d670365d0fe,2026-04-13 00:00:18.000,Mail Overview,de_dhbws
309276aa-9ce0-4d33-b6b3-ec02c3940104,2026-04-13 00:00:17.000,Mail Overview,de_hm
309276aa-9ce0-4d33-b6b3-ec02c3940104,2026-04-13 00:00:19.000,Mail Detail,de_hm
3c08d0b0-e86b-4850-a9e6-9d670365d0fe,2026-04-13 00:00:21.000,Mail Detail,de_dhbws
3c08d0b0-e86b-4850-a9e6-9d670365d0fe,2026-04-13 00:00:17.000,Mail Detail,de_dhbws
5aebf5e4-f5d7-4e1f-aba7-c8eecfcc1583,2026-04-12 11:34:47.000,wallet,de_hshb
eaf3f3c5-5eed-4eef-a7c2-ccfebf32cae6,2026-04-13 00:00:20.000,Mail Overview,de_thm
eaf3f3c5-5eed-4eef-a7c2-ccfebf32cae6,2026-04-13 00:00:21.000,Mail Detail,de_thm
4628c079-af3f-4bd3-b1a4-101c45419acf,2026-04-13 00:00:20.000,Cafeteria Overview,de_eufb
4628c079-af3f-4bd3-b1a4-101c45419acf,2026-04-13 00:00:21.000,Cafeteria Detail,de_eufb
4628c079-af3f-4bd3-b1a4-101c45419acf,2026-04-13 00:00:18.000,Studie Modules,de_eufb
1a5da177-7389-494f-8b59-cf9a6adf6bd7,2026-04-13 00:00:24.000,wallet,de_pum
52237c5e-6ad9-4ba5-b266-838b866283cc,2026-04-13 00:00:21.000,Setup External Login,de_tuda
f6da7437-9fd0-42d3-b780-a616e4ecabbf,2026-04-13 00:00:30.000,Studie Modules,de_hsmz
c82defd6-97a7-45f6-a967-bf757f2e1319,2026-04-13 00:00:23.000,Authenticator,de_pum
5965f73d-273e-4afc-9721-8bf329ff7be5,2026-04-13 00:00:24.000,Mail Detail,de_ks
fbd380ba-5ffd-4dc9-8d77-867e10822405,2026-04-13 00:00:26.000,wallet,de_fhswf
3529ab3e-7976-46bd-853b-86ea35bc7734,2026-04-13 00:00:24.000,Authenticator,de_pum
fbd380ba-5ffd-4dc9-8d77-867e10822405,2026-04-13 00:00:24.000,Studie Modules,de_fhswf
3529ab3e-7976-46bd-853b-86ea35bc7734,2026-04-13 00:00:29.000,Generic Links Overview,de_pum
3529ab3e-7976-46bd-853b-86ea35bc7734,2026-04-13 00:00:28.000,Studie Modules,de_pum
e48ea385-5849-47df-8254-f119b0d8b8c9,2026-04-13 00:00:32.000,Grades Detail,de_luh
15dfd70b-6271-4cfd-ab10-6c1a1c21c0ed,2026-04-13 00:00:34.000,Mail Overview,de_lmum
d8debc3f-e315-4355-b6ea-37cb01e8451f,2026-04-13 00:00:25.000,Mail Detail,de_si
d8debc3f-e315-4355-b6ea-37cb01e8451f,2026-04-13 00:00:28.000,Mail Detail,de_si
c04294f0-304d-4f3e-afee-43dc45f430b4,2026-04-13 00:00:33.000,Calendar Day View,de_tuda
d8debc3f-e315-4355-b6ea-37cb01e8451f,2026-04-13 00:00:24.000,Mail Overview,de_si
d8debc3f-e315-4355-b6ea-37cb01e8451f,2026-04-13 00:00:27.000,Mail Overview,de_si
e2bfa290-06bd-4c72-ac27-5d96b504372a,2026-04-02 10:25:14.000,Feed,de_tuda
e2bfa290-06bd-4c72-ac27-5d96b504372a,2026-04-02 10:25:15.000,Studie Modules,de_tuda
6f285100-2490-4054-bb68-fb9a7c1bdb5e,2026-04-13 00:00:25.000,Calendar Day View,de_ovgu
e2bfa290-06bd-4c72-ac27-5d96b504372a,2026-04-02 10:25:17.000,Settings Overview,de_tuda
d1306e2a-c67c-4648-93d1-a1efef6ddf76,2026-04-13 00:00:26.000,Calendar Day View,de_pum
309276aa-9ce0-4d33-b6b3-ec02c3940104,2026-04-13 00:00:29.000,Mail Overview,de_hm
eaf3f3c5-5eed-4eef-a7c2-ccfebf32cae6,2026-04-13 00:00:33.000,Mail Detail,de_thm
63b6055a-4c5a-4963-9596-be46ca269eb1,2026-04-13 00:00:33.000,Cafeteria Overview,de_hshz
eaf3f3c5-5eed-4eef-a7c2-ccfebf32cae6,2026-04-13 00:00:32.000,Mail Overview,de_thm
eaf3f3c5-5eed-4eef-a7c2-ccfebf32cae6,2026-04-13 00:00:35.000,Mail Overview,de_thm
eaf3f3c5-5eed-4eef-a7c2-ccfebf32cae6,2026-04-13 00:00:36.000,Mail Detail,de_thm
1a5da177-7389-494f-8b59-cf9a6adf6bd7,2026-04-13 00:00:37.000,Studie Modules,de_pum
0f56d050-4fd0-40e3-8f73-0848e93d623d,2026-04-13 00:00:38.000,Grades Overview,de_uhi
0f56d050-4fd0-40e3-8f73-0848e93d623d,2026-04-13 00:00:36.000,Studie Modules,de_uhi
4b50c3bb-78f8-4b39-955b-606312853def,2026-04-13 00:00:32.000,Schedule Detail,de_hsfd
f6da7437-9fd0-42d3-b780-a616e4ecabbf,2026-04-13 00:00:32.000,Generic Links Overview,de_hsmz
119999b5-5889-44bf-94b3-d336659df16e,2026-04-13 00:00:42.000,Refinement Popover,de_hsda
5965f73d-273e-4afc-9721-8bf329ff7be5,2026-04-13 00:00:35.000,Mail Detail,de_ks
5965f73d-273e-4afc-9721-8bf329ff7be5,2026-04-13 00:00:32.000,Mail Overview,de_ks
e48ea385-5849-47df-8254-f119b0d8b8c9,2026-04-13 00:00:34.000,Grades Overview,de_luh
d8debc3f-e315-4355-b6ea-37cb01e8451f,2026-04-13 00:00:42.000,Mail Detail,de_si
0257d101-ea99-4940-8337-9b9c7a02fc94,2026-04-13 00:00:34.000,Mail Overview,de_ua
0257d101-ea99-4940-8337-9b9c7a02fc94,2026-04-13 00:00:37.000,Mail Detail,de_ua
d8debc3f-e315-4355-b6ea-37cb01e8451f,2026-04-13 00:00:38.000,Mail Overview,de_si
73d959ab-2ecb-4585-83b1-e118fd7d5a9d,2026-04-12 22:55:30.000,Studie Modules,de_si
eaf3f3c5-5eed-4eef-a7c2-ccfebf32cae6,2026-04-13 00:00:39.000,Mail Detail,de_thm
eaf3f3c5-5eed-4eef-a7c2-ccfebf32cae6,2026-04-13 00:00:48.000,Mail Overview,de_thm
141de9dd-7725-4e06-8df2-78fcbf4ec2af,2026-04-13 00:00:39.000,Studie Modules,de_cbs
309276aa-9ce0-4d33-b6b3-ec02c3940104,2026-04-13 00:00:48.000,Mail Detail,de_hm
eaf3f3c5-5eed-4eef-a7c2-ccfebf32cae6,2026-04-13 00:00:43.000,Mail Overview,de_thm
eaf3f3c5-5eed-4eef-a7c2-ccfebf32cae6,2026-04-13 00:00:45.000,Mail Detail,de_thm
141de9dd-7725-4e06-8df2-78fcbf4ec2af,2026-04-13 00:00:40.000,calendar_overview,de_cbs
eaf3f3c5-5eed-4eef-a7c2-ccfebf32cae6,2026-04-13 00:00:38.000,Mail Overview,de_thm
eaf3f3c5-5eed-4eef-a7c2-ccfebf32cae6,2026-04-13 00:00:48.000,Mail Detail,de_thm
1a5da177-7389-494f-8b59-cf9a6adf6bd7,2026-04-13 00:00:44.000,Calendar Day View,de_pum
27eaf26a-5494-463e-a7d8-9102794c81d0,2026-04-13 00:00:49.000,Games Overview,de_tubs
3648f469-c886-48e9-afcf-f28ecd58374d,2026-04-13 00:00:50.000,Schedule Detail,de_phlb
5c45ffb3-d55e-4fa7-a38c-728cc4a55e20,2026-03-30 23:20:39.000,Feed,de_gufm
5c45ffb3-d55e-4fa7-a38c-728cc4a55e20,2026-03-30 23:20:39.000,Study Field Onboarding,de_gufm
5c45ffb3-d55e-4fa7-a38c-728cc4a55e20,2026-03-30 23:20:38.000,Mail Overview,de_gufm
5c45ffb3-d55e-4fa7-a38c-728cc4a55e20,2026-04-13 00:00:50.000,Feed,de_gufm
5c45ffb3-d55e-4fa7-a38c-728cc4a55e20,2026-03-30 23:20:40.000,Studie Modules,de_gufm
5c45ffb3-d55e-4fa7-a38c-728cc4a55e20,2026-04-13 00:00:51.000,Studie Modules,de_gufm
6bb666cb-e997-4a28-8660-48ebcf3cd0a6,2026-04-13 00:00:46.000,Mail Overview,de_hsm
5c45ffb3-d55e-4fa7-a38c-728cc4a55e20,2026-03-30 23:20:41.000,Mail Overview,de_gufm
f507b183-e765-49ae-a8e9-0bd0a9e549b7,2026-04-12 21:31:44.000,Mail Overview,de_hdm
f6afcf95-f89c-4e17-8ae8-20857d0ffa03,2026-04-12 16:59:28.000,Studie Modules,de_ks
3ac380ff-12be-434d-ac48-6d684b0d3060,2026-04-13 00:00:43.000,Mail Overview,de_hsko
c8ab69cd-d68f-4eba-89d1-34f2179c1e3f,2026-04-13 00:00:47.000,wallet,de_pum
52237c5e-6ad9-4ba5-b266-838b866283cc,2026-04-13 00:00:56.000,Feed,de_tuda
25d3f095-163f-41e9-86e9-3ade5734f8e1,2026-04-13 00:00:50.000,Mail Overview,de_phlb
eaf3f3c5-5eed-4eef-a7c2-ccfebf32cae6,2026-04-13 00:00:55.000,Mail Overview,de_thm
eaf3f3c5-5eed-4eef-a7c2-ccfebf32cae6,2026-04-13 00:00:52.000,Mail Detail,de_thm
25d3f095-163f-41e9-86e9-3ade5734f8e1,2026-04-12 17:35:07.000,Feed,de_phlb
eaf3f3c5-5eed-4eef-a7c2-ccfebf32cae6,2026-04-13 00:00:52.000,Mail Overview,de_thm
d1306e2a-c67c-4648-93d1-a1efef6ddf76,2026-04-13 00:00:57.000,Calendar Week View,de_pum
eaf3f3c5-5eed-4eef-a7c2-ccfebf32cae6,2026-04-13 00:00:55.000,Mail Detail,de_thm
ece56517-74bf-4e7c-821b-a17fecf9a3a5,2026-04-13 00:00:56.000,Mail Detail,de_hdm
ece56517-74bf-4e7c-821b-a17fecf9a3a5,2026-04-13 00:00:52.000,Studie Modules,de_hdm
ece56517-74bf-4e7c-821b-a17fecf9a3a5,2026-04-13 00:00:54.000,Mail Overview,de_hdm
27eaf26a-5494-463e-a7d8-9102794c81d0,2026-04-13 00:00:51.000,Studie Modules,de_tubs
5c2ebfd2-e19d-4568-95b9-8511956deb0c,2026-04-13 00:01:00.000,Mail Detail,de_pum
27eaf26a-5494-463e-a7d8-9102794c81d0,2026-04-13 00:00:57.000,Feed,de_tubs
5c2ebfd2-e19d-4568-95b9-8511956deb0c,2026-04-13 00:00:52.000,Mail Overview,de_pum
5c2ebfd2-e19d-4568-95b9-8511956deb0c,2026-04-13 00:00:51.000,Feed,de_pum
3648f469-c886-48e9-afcf-f28ecd58374d,2026-04-13 00:00:54.000,Calendar List View,de_phlb
5c2ebfd2-e19d-4568-95b9-8511956deb0c,2026-04-13 00:00:50.000,Career Onboarding,de_pum
1a5da177-7389-494f-8b59-cf9a6adf6bd7,2026-04-13 00:01:01.000,Studie Modules,de_pum
30cb211c-a246-47e2-b886-ae39dd0f4a01,2026-04-12 16:58:06.000,Calendar Day View,de_hslu
119999b5-5889-44bf-94b3-d336659df16e,2026-04-13 00:00:59.000,Career Main,de_hsda
d9e96a14-54f7-4a18-878e-c73dcb1cba94,2026-04-13 00:00:55.000,Feed Detail,de_bt
3ac380ff-12be-434d-ac48-6d684b0d3060,2026-04-13 00:01:05.000,Mail Detail,de_hsko
4519543e-08db-45ec-a306-92948fbc9964,2025-12-20 07:59:37.000,Mail Overview,de_thm
4519543e-08db-45ec-a306-92948fbc9964,2025-12-20 07:59:36.000,Studie Modules,de_thm
eaf3f3c5-5eed-4eef-a7c2-ccfebf32cae6,2026-04-13 00:00:59.000,Mail Overview,de_thm
eaf3f3c5-5eed-4eef-a7c2-ccfebf32cae6,2026-04-13 00:01:06.000,Mail Detail,de_thm
d1306e2a-c67c-4648-93d1-a1efef6ddf76,2026-04-13 00:01:01.000,Settings Overview,de_pum
d1306e2a-c67c-4648-93d1-a1efef6ddf76,2026-04-13 00:00:59.000,Feed,de_pum
eaf3f3c5-5eed-4eef-a7c2-ccfebf32cae6,2026-04-13 00:01:06.000,Mail Overview,de_thm
d1306e2a-c67c-4648-93d1-a1efef6ddf76,2026-04-13 00:01:06.000,Advanced Settings,de_pum
eaf3f3c5-5eed-4eef-a7c2-ccfebf32cae6,2026-04-13 00:01:00.000,Mail Detail,de_thm
eaf3f3c5-5eed-4eef-a7c2-ccfebf32cae6,2026-04-13 00:01:04.000,Mail Detail,de_thm
eaf3f3c5-5eed-4eef-a7c2-ccfebf32cae6,2026-04-13 00:01:03.000,Mail Overview,de_thm
5c2ebfd2-e19d-4568-95b9-8511956deb0c,2026-04-13 00:01:03.000,Mail Overview,de_pum
ece56517-74bf-4e7c-821b-a17fecf9a3a5,2026-04-13 00:01:01.000,Mail Overview,de_hdm
ece56517-74bf-4e7c-821b-a17fecf9a3a5,2026-04-13 00:01:02.000,Mail Detail,de_hdm
ece56517-74bf-4e7c-821b-a17fecf9a3a5,2026-04-13 00:01:02.000,Mail Overview,de_hdm
2180c9f8-b43a-40b3-a476-3a224107b304,2026-04-13 00:01:01.000,Studie Modules,de_tuda
2180c9f8-b43a-40b3-a476-3a224107b304,2026-04-13 00:01:04.000,Mail Detail,de_tuda
2180c9f8-b43a-40b3-a476-3a224107b304,2026-04-13 00:01:01.000,Mail Overview,de_tuda
1a5da177-7389-494f-8b59-cf9a6adf6bd7,2026-04-13 00:01:02.000,Feed,de_pum
d54cce4f-72c2-4fb2-a788-27ce489f214f,2026-04-13 00:01:11.000,Mail Overview,de_thm
4519543e-08db-45ec-a306-92948fbc9964,2026-04-13 00:01:07.000,Mail Overview,de_thm
4519543e-08db-45ec-a306-92948fbc9964,2026-04-13 00:01:11.000,Mail Detail,de_thm
4519543e-08db-45ec-a306-92948fbc9964,2026-04-13 00:01:05.000,Studie Modules,de_thm
d1306e2a-c67c-4648-93d1-a1efef6ddf76,2026-04-13 00:01:13.000,Settings Accounts,de_pum
d1306e2a-c67c-4648-93d1-a1efef6ddf76,2026-04-13 00:01:10.000,Settings Overview,de_pum
3ac380ff-12be-434d-ac48-6d684b0d3060,2026-04-13 00:01:18.000,Mail Overview,de_hsko
eaf3f3c5-5eed-4eef-a7c2-ccfebf32cae6,2026-04-13 00:01:11.000,Mail Overview,de_thm
eaf3f3c5-5eed-4eef-a7c2-ccfebf32cae6,2026-04-13 00:01:16.000,Mail Detail,de_thm
eaf3f3c5-5eed-4eef-a7c2-ccfebf32cae6,2026-04-13 00:01:15.000,Mail Overview,de_thm
eaf3f3c5-5eed-4eef-a7c2-ccfebf32cae6,2026-04-13 00:01:11.000,Mail Detail,de_thm
9fc11c5c-e9fb-4e0e-acde-e8d98c9d486e,2026-04-13 00:01:20.000,Studie Modules,de_pum
aec768a3-3d3b-4c76-96ae-c23f25d0a03d,2026-04-11 22:06:03.000,Feed,de_thm
1a5da177-7389-494f-8b59-cf9a6adf6bd7,2026-04-13 00:01:12.000,Studie Modules,de_pum
2180c9f8-b43a-40b3-a476-3a224107b304,2026-04-13 00:01:21.000,Mail Detail,de_tuda
2180c9f8-b43a-40b3-a476-3a224107b304,2026-04-13 00:01:22.000,Mail Overview,de_tuda
1a5da177-7389-494f-8b59-cf9a6adf6bd7,2026-04-13 00:01:17.000,Mail Overview,de_pum
2180c9f8-b43a-40b3-a476-3a224107b304,2026-04-13 00:01:19.000,Mail Overview,de_tuda
1a5da177-7389-494f-8b59-cf9a6adf6bd7,2026-04-13 00:01:20.000,Mail Detail,de_pum
119999b5-5889-44bf-94b3-d336659df16e,2026-04-13 00:01:16.000,Refinement Popover,de_hsda
5c2ebfd2-e19d-4568-95b9-8511956deb0c,2026-04-13 00:01:22.000,Mail Detail,de_pum
a1cd5f49-6db7-4ea8-b66c-640131712133,2026-04-12 19:27:16.000,Mail Overview,de_pum
d54cce4f-72c2-4fb2-a788-27ce489f214f,2026-04-13 00:01:16.000,Mail Detail,de_thm
4519543e-08db-45ec-a306-92948fbc9964,2026-04-13 00:01:26.000,Mail Overview,de_thm
d1306e2a-c67c-4648-93d1-a1efef6ddf76,2026-04-13 00:01:19.000,Settings Account Mail Advanced,de_pum
9bbdc48d-43df-4dc8-b417-ae2da5fbf80a,2026-04-13 00:01:18.000,External Login Expired,de_tuda
aec768a3-3d3b-4c76-96ae-c23f25d0a03d,2026-04-13 00:01:26.000,Mail Detail,de_thm
25d3f095-163f-41e9-86e9-3ade5734f8e1,2026-04-13 00:01:20.000,Feed,de_phlb
aec768a3-3d3b-4c76-96ae-c23f25d0a03d,2026-04-13 00:01:24.000,Mail Overview,de_thm
9bbdc48d-43df-4dc8-b417-ae2da5fbf80a,2026-04-12 23:31:01.000,External Login Expired,de_tuda
25d3f095-163f-41e9-86e9-3ade5734f8e1,2026-04-13 00:01:22.000,Calendar Day View,de_phlb
9fc11c5c-e9fb-4e0e-acde-e8d98c9d486e,2026-04-13 00:01:24.000,Schedule Overview,de_pum
42515429-b4c4-44c2-9232-08d7194bb1cb,2026-04-12 17:03:57.000,Mail Overview,de_si
c05c8db8-ed08-4bdf-9f21-e0f697881f35,2026-04-12 20:03:45.000,Studie Modules,de_tuda
42515429-b4c4-44c2-9232-08d7194bb1cb,2026-04-12 17:03:56.000,Studie Modules,de_si
1a5da177-7389-494f-8b59-cf9a6adf6bd7,2026-04-13 00:01:26.000,Studie Modules,de_pum
1a5da177-7389-494f-8b59-cf9a6adf6bd7,2026-04-13 00:01:24.000,Mail Overview,de_pum
7e230f2e-8342-45b0-a331-7c2fe15f48d3,2026-04-13 00:01:09.000,Mail Overview,de_hdm
119999b5-5889-44bf-94b3-d336659df16e,2026-04-13 00:01:28.000,Career Job V2,de_hsda
119999b5-5889-44bf-94b3-d336659df16e,2026-04-13 00:01:23.000,Career Main,de_hsda
5965f73d-273e-4afc-9721-8bf329ff7be5,2026-04-13 00:01:34.000,Mail Overview,de_ks
b67e44e4-0f2a-4700-9b5f-3394d4924e48,2026-04-13 00:01:32.000,Studie Modules,de_pum
b67e44e4-0f2a-4700-9b5f-3394d4924e48,2026-04-13 00:01:31.000,Todo,de_pum
8e4ddb8b-68a3-4143-812f-f307f116a14c,2026-04-12 22:37:15.000,External Login Expired,de_tuda
b67e44e4-0f2a-4700-9b5f-3394d4924e48,2026-04-13 00:01:33.000,Mail Overview,de_pum
b67e44e4-0f2a-4700-9b5f-3394d4924e48,2026-04-13 00:01:30.000,Studie Modules,de_pum
970d69fe-1f4a-48c4-aaec-d8182cc65b25,2026-04-12 23:14:52.000,Mail Overview,de_thm
4628c079-af3f-4bd3-b1a4-101c45419acf,2026-04-13 00:01:39.000,Cafeteria Overview,de_eufb
d1306e2a-c67c-4648-93d1-a1efef6ddf76,2026-04-13 00:01:36.000,Settings Accounts,de_pum
89de2688-258a-41ca-96a0-ef8209dc2c53,2026-04-13 00:01:33.000,Mail Detail,de_si
4519543e-08db-45ec-a306-92948fbc9964,2026-04-13 00:01:39.000,Mail Detail,de_thm
89de2688-258a-41ca-96a0-ef8209dc2c53,2026-04-13 00:01:32.000,Mail Overview,de_si
adc4a8b1-8d44-4036-8bca-0744d64058c7,2026-04-12 22:22:04.000,External Login Expired,de_tuda
89de2688-258a-41ca-96a0-ef8209dc2c53,2026-04-13 00:01:40.000,Mail Overview,de_si
adc4a8b1-8d44-4036-8bca-0744d64058c7,2026-04-12 22:52:06.000,External Login Expired,de_tuda
80316ba3-778d-4dea-b480-134074201e4e,2026-04-12 21:54:38.000,Authenticator,de_pum
80316ba3-778d-4dea-b480-134074201e4e,2026-04-12 21:54:37.000,Studie Modules,de_pum
25d3f095-163f-41e9-86e9-3ade5734f8e1,2026-04-13 00:01:31.000,Schedule Detail,de_phlb
6d66f430-f2c9-494c-94bc-f0eca72a0e75,2026-04-13 00:01:32.000,Mail Overview,de_hm
9fc11c5c-e9fb-4e0e-acde-e8d98c9d486e,2026-04-13 00:01:32.000,Calendar Day View,de_pum
5965f73d-273e-4afc-9721-8bf329ff7be5,2026-04-13 00:01:39.000,Mail Detail,de_ks
c9ae4bc8-8b15-4a43-be9a-401431590146,2026-04-12 23:31:46.000,Study Field Onboarding,de_hszg
6f1786be-fed8-4ec4-bd03-70b5f4d5bdae,2026-04-13 00:01:35.000,Studie Modules,de_hfwu
6f1786be-fed8-4ec4-bd03-70b5f4d5bdae,2026-04-13 00:01:36.000,Generic Links Overview,de_hfwu
90a9bc4c-f1f2-432a-ab72-b67f95de2f51,2026-04-13 00:01:38.000,Studie Modules,de_hsda
90a9bc4c-f1f2-432a-ab72-b67f95de2f51,2026-04-13 00:01:38.000,Grades Overview,de_hsda
d1306e2a-c67c-4648-93d1-a1efef6ddf76,2026-04-13 00:01:44.000,Uninow Account Informations Modal,de_pum
e8f8a3bb-cd13-45fe-8724-240a3f999c4b,2026-04-13 00:01:45.000,Studie Modules,de_pum
e8f8a3bb-cd13-45fe-8724-240a3f999c4b,2026-04-13 00:01:48.000,Generic Links Overview,de_pum
25d3f095-163f-41e9-86e9-3ade5734f8e1,2026-04-13 00:01:45.000,Calendar Day View,de_phlb
54fc6647-6c0b-46bf-80b1-71fc2f1fcf3e,2026-04-12 08:32:48.000,Studie Modules,de_ua
9fc11c5c-e9fb-4e0e-acde-e8d98c9d486e,2026-04-13 00:01:48.000,Calendar Day View,de_pum
9fc11c5c-e9fb-4e0e-acde-e8d98c9d486e,2026-04-13 00:01:46.000,Studie Modules,de_pum
201b90b2-e77e-428e-afa0-bf9330d4201d,2026-04-13 00:01:46.000,Generic Links Overview,de_hsmz
201b90b2-e77e-428e-afa0-bf9330d4201d,2026-04-13 00:01:52.000,Grades Overview,de_hsmz
0bd833a0-1d8a-4172-8750-073b16c1779c,2026-04-10 22:53:50.000,Mail Overview,de_jlug
96012a71-fa85-4b80-bb21-4413105415aa,2026-04-12 17:35:18.000,Schedule Detail,de_hslu
201b90b2-e77e-428e-afa0-bf9330d4201d,2026-04-13 00:01:51.000,Studie Modules,de_hsmz
96012a71-fa85-4b80-bb21-4413105415aa,2026-04-12 17:35:14.000,Calendar Day View,de_hslu
201b90b2-e77e-428e-afa0-bf9330d4201d,2026-04-13 00:01:43.000,Studie Modules,de_hsmz
5965f73d-273e-4afc-9721-8bf329ff7be5,2026-04-13 00:01:50.000,Mail Overview,de_ks
3eabc3a2-5391-4928-9148-18f6ecd58330,2026-04-13 00:01:45.000,Studie Modules,de_hsmz
3eabc3a2-5391-4928-9148-18f6ecd58330,2026-04-13 00:01:46.000,Generic Links Overview,de_hsmz
6c8874d0-229d-406b-9383-d624babb5192,2026-04-13 00:01:55.000,Todo,de_thm
0a17dabb-580d-44ee-a751-76a10d277395,2026-04-13 00:01:54.000,Mail Overview,de_hsu
6c8874d0-229d-406b-9383-d624babb5192,2026-04-13 00:01:53.000,Studie Modules,de_thm
6c8874d0-229d-406b-9383-d624babb5192,2026-04-13 00:01:48.000,Feed,de_thm
d1306e2a-c67c-4648-93d1-a1efef6ddf76,2026-04-13 00:01:55.000,Uninow Account Login,de_pum
d1306e2a-c67c-4648-93d1-a1efef6ddf76,2026-04-13 00:01:54.000,Settings Accounts,de_pum
38158b78-2c14-4480-b33f-27cdeb10789b,2026-04-13 00:01:07.000,Career Main,de_hsge
25d3f095-163f-41e9-86e9-3ade5734f8e1,2026-04-13 00:01:51.000,Schedule Detail,de_phlb
25d3f095-163f-41e9-86e9-3ade5734f8e1,2026-04-13 00:01:55.000,Calendar Day View,de_phlb
09e9c0a0-d0a1-4249-8248-a29149e867cb,2026-04-12 18:23:53.000,Mail Overview,de_ush
6d66f430-f2c9-494c-94bc-f0eca72a0e75,2026-04-13 00:01:57.000,Mail Login,de_hm
6d66f430-f2c9-494c-94bc-f0eca72a0e75,2026-04-13 00:01:52.000,Feed,de_hm
c5b1b489-2def-4ca2-a7a2-8989dec7dc92,2026-04-12 18:03:27.000,Feed,de_jlug
c5b1b489-2def-4ca2-a7a2-8989dec7dc92,2026-04-12 12:23:08.000,Mail Overview,de_jlug
9fc11c5c-e9fb-4e0e-acde-e8d98c9d486e,2026-04-13 00:01:57.000,wallet,de_pum
c5b1b489-2def-4ca2-a7a2-8989dec7dc92,2026-04-12 18:03:24.000,Mail Overview,de_jlug
9fc11c5c-e9fb-4e0e-acde-e8d98c9d486e,2026-04-13 00:01:54.000,Studie Modules,de_pum
0bd833a0-1d8a-4172-8750-073b16c1779c,2026-04-13 00:01:59.000,Cafeteria Detail,de_jlug
0bd833a0-1d8a-4172-8750-073b16c1779c,2026-04-13 00:01:55.000,Cafeteria Overview,de_jlug
a3e24948-fb49-4594-9d84-25087b58ecfb,2026-04-12 20:45:34.000,Mail Overview,de_hsmz
508ecf89-a72d-4682-ab16-3282be60270b,2026-04-12 14:34:12.000,Mail Overview,de_ush
47aed507-d4da-495e-a3e0-5f86df08f9ed,2026-04-12 16:16:25.000,Mail Overview,de_hsfd
47aed507-d4da-495e-a3e0-5f86df08f9ed,2026-04-12 16:16:28.000,Feed,de_hsfd
733eb348-2d0b-4788-839b-5b4ebdcee8cd,2026-04-12 16:11:07.000,Feed,de_hsmz
8e98e840-07ec-4c22-a9ea-2341f684b3af,2026-04-13 00:02:02.000,Courses Detail,de_hsda
8e98e840-07ec-4c22-a9ea-2341f684b3af,2026-04-13 00:01:58.000,Courses Overview,de_hsda
8ddaa3ea-9d4e-4dd8-af77-073d19ec772b,2026-04-11 15:23:54.000,Mail Overview,de_tuda
6c8874d0-229d-406b-9383-d624babb5192,2026-04-13 00:02:04.000,Feed,de_thm
6c8874d0-229d-406b-9383-d624babb5192,2026-04-13 00:02:06.000,Studie Modules,de_thm
6c8874d0-229d-406b-9383-d624babb5192,2026-04-13 00:02:02.000,Career Onboarding,de_thm
0a17dabb-580d-44ee-a751-76a10d277395,2026-04-13 00:02:06.000,Mail Detail,de_hsu
494749fb-e6a4-47c9-b0e1-8eb98f22d046,2026-04-12 23:01:45.000,Global Ory Login,de_upb
119999b5-5889-44bf-94b3-d336659df16e,2026-04-13 00:02:10.000,Career Main,de_hsda
e1c12316-5277-4577-a087-a6722d8675dc,2026-04-13 00:02:07.000,Mail Overview,de_pum
9fc11c5c-e9fb-4e0e-acde-e8d98c9d486e,2026-04-13 00:02:11.000,Feed,de_pum
c5b1b489-2def-4ca2-a7a2-8989dec7dc92,2026-04-13 00:02:01.000,Mail Overview,de_jlug
9fc11c5c-e9fb-4e0e-acde-e8d98c9d486e,2026-04-13 00:02:10.000,Studie Modules,de_pum
c5b1b489-2def-4ca2-a7a2-8989dec7dc92,2026-04-13 00:02:07.000,Calendar Day View,de_jlug
9fc11c5c-e9fb-4e0e-acde-e8d98c9d486e,2026-04-13 00:02:09.000,Career Onboarding,de_pum
9fc11c5c-e9fb-4e0e-acde-e8d98c9d486e,2026-04-13 00:02:06.000,Studie Modules,de_pum
e1c12316-5277-4577-a087-a6722d8675dc,2026-04-13 00:02:06.000,Studie Modules,de_pum
c5b1b489-2def-4ca2-a7a2-8989dec7dc92,2026-04-13 00:02:06.000,Feed,de_jlug
fa11ec79-ca7b-4f73-a7d5-9f19098b05c6,2026-04-13 00:02:12.000,Studie Modules,de_pum
6ffe5a0d-8432-4f9f-a556-39f575f70ff7,2026-04-12 17:20:45.000,Grades Overview,de_ovgu
e9ec9fca-8354-464c-a85a-87ef0eb0e707,2026-04-12 16:30:00.000,Mail Overview,de_pum
8e98e840-07ec-4c22-a9ea-2341f684b3af,2026-04-13 00:02:07.000,Feed,de_hsda
b8c8964e-5d8d-4131-aef8-11b5ab5561f4,2026-04-12 08:39:33.000,Feed Detail,de_ush
8e98e840-07ec-4c22-a9ea-2341f684b3af,2026-04-13 00:02:06.000,Courses Overview,de_hsda
6c8874d0-229d-406b-9383-d624babb5192,2026-04-13 00:02:09.000,Generic Links Overview,de_thm
1fefe814-93ad-4062-ba21-193a8bbf9afa,2026-04-12 16:45:56.000,Mail Overview,de_hm
fa11ec79-ca7b-4f73-a7d5-9f19098b05c6,2026-04-13 00:02:21.000,wallet,de_pum
9fc11c5c-e9fb-4e0e-acde-e8d98c9d486e,2026-04-13 00:02:13.000,Calendar Week View,de_pum
fa11ec79-ca7b-4f73-a7d5-9f19098b05c6,2026-04-13 00:02:13.000,Wallet Login,de_pum
66a26576-3985-4509-8d21-589c71d8b315,2026-04-13 00:02:17.000,Mail Overview,de_hsge
b7d831f9-c943-4e6b-bc19-914a98e3a42a,2026-04-13 00:02:15.000,Mail Overview,de_ur
b7d831f9-c943-4e6b-bc19-914a98e3a42a,2026-04-13 00:02:17.000,Mail Write,de_ur
8ddaa3ea-9d4e-4dd8-af77-073d19ec772b,2026-04-13 00:02:06.000,Mail Overview,de_tuda
8ddaa3ea-9d4e-4dd8-af77-073d19ec772b,2026-04-13 00:02:18.000,Mail Detail,de_tuda
bbce047d-5c7a-4647-967f-13664e72966b,2026-04-13 00:02:19.000,Mail Overview,de_hfts
10803230-fc9a-4e27-82f5-6ed52edc2d5d,2026-04-13 00:02:16.000,Studie Modules,de_aml
10803230-fc9a-4e27-82f5-6ed52edc2d5d,2026-04-13 00:02:17.000,Calendar Week View,de_aml
8e98e840-07ec-4c22-a9ea-2341f684b3af,2026-04-13 00:02:27.000,Courses Overview,de_hsda
b008e4ba-dee7-43c3-8dd7-09fd4ee7b46c,2026-04-13 00:02:25.000,Mail Detail,de_ubi
8b1d9ba6-41be-4e9e-aa58-02205363c856,2026-04-11 11:55:48.000,Mail Overview,de_hm
b008e4ba-dee7-43c3-8dd7-09fd4ee7b46c,2026-04-13 00:02:22.000,Mail Overview,de_ubi
8b1d9ba6-41be-4e9e-aa58-02205363c856,2026-04-12 18:07:22.000,Mail Overview,de_hm
8b1d9ba6-41be-4e9e-aa58-02205363c856,2026-04-12 18:07:28.000,Mail Detail,de_hm
8b1d9ba6-41be-4e9e-aa58-02205363c856,2026-04-11 11:56:03.000,Mail Detail,de_hm
8aa09b97-2258-4e1f-ac2e-c20a66d9e8ef,2026-04-12 22:13:08.000,Mail Overview,de_hsko
8aa09b97-2258-4e1f-ac2e-c20a66d9e8ef,2026-04-12 18:11:21.000,Mail Detail,de_hsko
8aa09b97-2258-4e1f-ac2e-c20a66d9e8ef,2026-04-12 18:11:26.000,Mail Overview,de_hsko
8b1d9ba6-41be-4e9e-aa58-02205363c856,2026-04-12 18:07:13.000,Mail Overview,de_hm
8b1d9ba6-41be-4e9e-aa58-02205363c856,2026-04-12 18:07:20.000,Mail Detail,de_hm
8aa09b97-2258-4e1f-ac2e-c20a66d9e8ef,2026-04-12 22:13:10.000,Feed,de_hsko
8aa09b97-2258-4e1f-ac2e-c20a66d9e8ef,2026-04-12 22:13:14.000,Mail Overview,de_hsko
8aa09b97-2258-4e1f-ac2e-c20a66d9e8ef,2026-04-12 22:13:12.000,Studie Modules,de_hsko
8b1d9ba6-41be-4e9e-aa58-02205363c856,2026-04-12 18:11:15.000,Mail Detail,de_hm
8b1d9ba6-41be-4e9e-aa58-02205363c856,2026-04-12 18:11:08.000,Mail Overview,de_hm
d687edc3-c636-4cab-ae28-071e2cabd7c3,2026-04-13 00:02:31.000,Grades Overview,de_hsge
d687edc3-c636-4cab-ae28-071e2cabd7c3,2026-04-13 00:02:30.000,Feed,de_hsge
d687edc3-c636-4cab-ae28-071e2cabd7c3,2026-04-13 00:02:19.000,Global Ory Login,de_hsge
119999b5-5889-44bf-94b3-d336659df16e,2026-04-13 00:02:27.000,Career Job V2,de_hsda
4b50c3bb-78f8-4b39-955b-606312853def,2026-04-13 00:02:24.000,Calendar Week View,de_hsfd
9fc11c5c-e9fb-4e0e-acde-e8d98c9d486e,2026-04-13 00:02:25.000,Schedule Login,de_pum
4b50c3bb-78f8-4b39-955b-606312853def,2026-04-13 00:02:28.000,Schedule Detail,de_hsfd
2de81ae9-a9d5-4d60-b996-43eb33f130ed,2026-04-12 23:54:47.000,External Login Expired,de_hsda
1b009b7d-f37a-4bf0-9379-08b574e3a9c1,2026-04-12 07:45:39.000,Info Detail,de_fhja
1b009b7d-f37a-4bf0-9379-08b574e3a9c1,2026-04-12 07:45:39.000,Info Detail,de_fhja
8ddaa3ea-9d4e-4dd8-af77-073d19ec772b,2026-04-13 00:02:30.000,Mail Overview,de_tuda
1b009b7d-f37a-4bf0-9379-08b574e3a9c1,2026-04-12 07:45:39.000,Info Overview,de_fhja
bbce047d-5c7a-4647-967f-13664e72966b,2026-04-13 00:02:29.000,Mail Detail,de_hfts
3fb93547-b04b-49c8-858b-309e0233db0f,2026-04-12 21:56:27.000,Cafeteria Overview,de_lg
3fb93547-b04b-49c8-858b-309e0233db0f,2026-04-12 21:56:29.000,Feed,de_lg
3fb93547-b04b-49c8-858b-309e0233db0f,2026-04-12 21:56:30.000,Mail Login,de_lg
4ebe63e8-8761-402f-a105-599cc2bf4784,2026-04-13 00:02:33.000,Mail Overview,de_tuda
2c47dbd9-bdd2-4339-849e-f8b9dfa24cb2,2026-04-12 22:45:43.000,Mail Overview,de_jlug
95b59d00-1074-44cf-ac83-b15b42c513e3,2026-04-13 00:02:34.000,Global Ory Setup Login,de_uff
d687edc3-c636-4cab-ae28-071e2cabd7c3,2026-04-13 00:02:39.000,Grades Overview,de_hsge
38158b78-2c14-4480-b33f-27cdeb10789b,2026-04-13 00:02:34.000,Career Job V2,de_hsge
d687edc3-c636-4cab-ae28-071e2cabd7c3,2026-04-13 00:02:36.000,Feed,de_hsge
f38dcb16-d4ec-43bc-ae64-1ed92b8d10e4,2026-04-12 16:26:51.000,Mail Overview,de_hnee
814fb77d-3a57-4526-a303-4cee42e388ae,2026-04-13 00:02:38.000,Studie Modules,de_uk
4b50c3bb-78f8-4b39-955b-606312853def,2026-04-13 00:02:42.000,Calendar Week View,de_hsfd
8ddaa3ea-9d4e-4dd8-af77-073d19ec772b,2026-04-13 00:02:36.000,Mail Overview,de_tuda
8ddaa3ea-9d4e-4dd8-af77-073d19ec772b,2026-04-13 00:02:41.000,Mail Overview,de_tuda
8ddaa3ea-9d4e-4dd8-af77-073d19ec772b,2026-04-13 00:02:34.000,Mail Detail,de_tuda
a98db558-c6ba-4f1f-aa2c-bd53eb889511,2026-04-13 00:02:43.000,Cafeteria Detail,de_pum
8ddaa3ea-9d4e-4dd8-af77-073d19ec772b,2026-04-13 00:02:40.000,Mail Detail,de_tuda
8ddaa3ea-9d4e-4dd8-af77-073d19ec772b,2026-04-13 00:02:37.000,Mail Detail,de_tuda
8ddaa3ea-9d4e-4dd8-af77-073d19ec772b,2026-04-13 00:02:38.000,Mail Overview,de_tuda
8ddaa3ea-9d4e-4dd8-af77-073d19ec772b,2026-04-13 00:02:41.000,Mail Detail,de_tuda
33ca60ee-0eb0-4611-96b5-569db56ec29f,2026-04-12 23:01:42.000,Study Field Onboarding,de_fhms
ece56517-74bf-4e7c-821b-a17fecf9a3a5,2026-04-13 00:02:44.000,Mail Detail,de_hdm
9fc11c5c-e9fb-4e0e-acde-e8d98c9d486e,2026-04-13 00:02:49.000,Schedule Permission,de_pum
0ffdaa93-9b86-467a-b06a-cd0812e7a634,2026-04-12 14:05:40.000,Mail Overview,de_tubf
0ffdaa93-9b86-467a-b06a-cd0812e7a634,2026-04-12 13:34:00.000,Mail Overview,de_tubf
38158b78-2c14-4480-b33f-27cdeb10789b,2026-04-13 00:02:49.000,Career Job V2,de_hsge
38158b78-2c14-4480-b33f-27cdeb10789b,2026-04-13 00:02:43.000,Career Main,de_hsge
54fd5059-3d87-4e22-9547-1878721fdeeb,2026-04-13 00:02:41.000,Studie Modules,de_ovgu
54fd5059-3d87-4e22-9547-1878721fdeeb,2026-04-12 16:26:20.000,Studie Modules,de_ovgu
54fd5059-3d87-4e22-9547-1878721fdeeb,2026-04-12 16:26:21.000,Grades Overview,de_ovgu
54fd5059-3d87-4e22-9547-1878721fdeeb,2026-04-13 00:02:42.000,Grades Overview,de_ovgu
647525bc-8026-4d23-95c4-4346864c9066,2026-04-12 19:36:31.000,Mail Overview,de_thm
647525bc-8026-4d23-95c4-4346864c9066,2026-04-12 19:36:30.000,Studie Modules,de_thm
ec95a0d9-1d53-4e56-b26e-47f238f78466,2026-04-13 00:02:43.000,Studie Modules,de_ush
ec95a0d9-1d53-4e56-b26e-47f238f78466,2026-04-13 00:02:48.000,Auditories Detail,de_ush
ec95a0d9-1d53-4e56-b26e-47f238f78466,2026-04-13 00:02:44.000,Auditories,de_ush
d54203ef-3828-4418-baf7-a68a0ae8e708,2026-04-13 00:02:48.000,Calendar Week View,de_si
8ddaa3ea-9d4e-4dd8-af77-073d19ec772b,2026-04-13 00:02:52.000,Mail Overview,de_tuda
ec95a0d9-1d53-4e56-b26e-47f238f78466,2026-04-13 00:02:47.000,Auditories,de_ush
ec95a0d9-1d53-4e56-b26e-47f238f78466,2026-04-13 00:02:46.000,Auditories Detail,de_ush
a98db558-c6ba-4f1f-aa2c-bd53eb889511,2026-04-13 00:02:47.000,Cafeteria Overview,de_pum
8ddaa3ea-9d4e-4dd8-af77-073d19ec772b,2026-04-13 00:02:52.000,Feed,de_tuda
a98db558-c6ba-4f1f-aa2c-bd53eb889511,2026-04-13 00:02:46.000,Feed,de_pum
a98db558-c6ba-4f1f-aa2c-bd53eb889511,2026-04-13 00:02:49.000,Cafeteria Detail,de_pum
ece56517-74bf-4e7c-821b-a17fecf9a3a5,2026-04-13 00:02:51.000,Mail Detail,de_hdm
ece56517-74bf-4e7c-821b-a17fecf9a3a5,2026-04-13 00:02:49.000,Mail Overview,de_hdm
5965f73d-273e-4afc-9721-8bf329ff7be5,2026-04-13 00:02:54.000,Mail Detail,de_ks
6efff899-e7d1-4363-9574-58d0c37e432c,2026-04-12 22:25:15.000,Mail Overview,de_jlug
635bfe53-629f-4337-af00-2104d32d48a9,2026-04-12 23:58:42.000,Authenticator,de_pum
6efff899-e7d1-4363-9574-58d0c37e432c,2026-04-12 22:25:19.000,Studie Modules,de_jlug
635bfe53-629f-4337-af00-2104d32d48a9,2026-04-12 23:58:41.000,Studie Modules,de_pum
eaf3f3c5-5eed-4eef-a7c2-ccfebf32cae6,2026-04-13 00:02:53.000,Mail Detail,de_thm
eaf3f3c5-5eed-4eef-a7c2-ccfebf32cae6,2026-04-13 00:01:23.000,Mail Detail,de_thm
eaf3f3c5-5eed-4eef-a7c2-ccfebf32cae6,2026-04-13 00:01:25.000,Mail Detail,de_thm
1dd266d4-bc09-4b05-924e-942ca3b6a5b0,2026-04-12 23:40:00.000,Mail Overview,de_es
eaf3f3c5-5eed-4eef-a7c2-ccfebf32cae6,2026-04-13 00:01:26.000,Mail Overview,de_thm
eaf3f3c5-5eed-4eef-a7c2-ccfebf32cae6,2026-04-13 00:01:25.000,Mail Overview,de_thm
e8f8a3bb-cd13-45fe-8724-240a3f999c4b,2026-04-13 00:02:58.000,Studie Modules,de_pum
1dd266d4-bc09-4b05-924e-942ca3b6a5b0,2026-04-12 23:39:59.000,Studie Modules,de_es
eaf3f3c5-5eed-4eef-a7c2-ccfebf32cae6,2026-04-13 00:01:23.000,Mail Overview,de_thm
9fc11c5c-e9fb-4e0e-acde-e8d98c9d486e,2026-04-13 00:02:53.000,Schedule Overview,de_pum
66c6c828-3c62-4d43-82e3-3c5f0bd51b76,2026-04-12 22:08:34.000,Studie Modules,de_eufb
66c6c828-3c62-4d43-82e3-3c5f0bd51b76,2026-04-12 22:08:35.000,Mail Overview,de_eufb
f593851b-caa4-433b-ab13-5a0b1eaf257d,2026-04-13 00:02:52.000,Mail Overview,de_ush
f593851b-caa4-433b-ab13-5a0b1eaf257d,2026-04-13 00:02:50.000,Studie Modules,de_ush
f593851b-caa4-433b-ab13-5a0b1eaf257d,2026-04-13 00:02:59.000,Mail Detail,de_ush
f593851b-caa4-433b-ab13-5a0b1eaf257d,2026-04-13 00:02:58.000,Mail Overview,de_ush
f593851b-caa4-433b-ab13-5a0b1eaf257d,2026-04-13 00:02:57.000,Mail Detail,de_ush
ea7b2098-734b-4495-8bfe-46270eb45b04,2026-04-12 21:03:51.000,Studie Modules,de_thm
5469ea49-c74b-4177-be6b-feb166c18341,2026-04-12 21:36:04.000,Mail Overview,de_ekut
c7ff8d30-c37e-4d55-bc1e-b5d1ea483610,2026-04-12 19:44:23.000,Mail Detail,de_thm
a98db558-c6ba-4f1f-aa2c-bd53eb889511,2026-04-13 00:03:01.000,Cafeteria Overview,de_pum
a98db558-c6ba-4f1f-aa2c-bd53eb889511,2026-04-13 00:03:02.000,Feed,de_pum
ec95a0d9-1d53-4e56-b26e-47f238f78466,2026-04-13 00:03:01.000,Auditories,de_ush
95b59d00-1074-44cf-ac83-b15b42c513e3,2026-04-13 00:02:57.000,Study Field Onboarding,de_uff
5965f73d-273e-4afc-9721-8bf329ff7be5,2026-04-13 00:03:02.000,Mail Overview,de_ks
5965f73d-273e-4afc-9721-8bf329ff7be5,2026-04-13 00:03:06.000,Mail Detail,de_ks
95b59d00-1074-44cf-ac83-b15b42c513e3,2026-04-13 00:03:01.000,Study Field Onboarding,de_uff
95b59d00-1074-44cf-ac83-b15b42c513e3,2026-04-13 00:02:59.000,Settings Loading,de_uff
ccf5aae4-2e2c-49c9-8a3d-70c62b152552,2026-04-12 16:47:44.000,Global Ory Login,de_upb
ccf5aae4-2e2c-49c9-8a3d-70c62b152552,2026-04-12 21:31:25.000,Global Ory Login,de_upb
95b59d00-1074-44cf-ac83-b15b42c513e3,2026-04-13 00:02:57.000,Feed,de_uff
7ad0f1f5-d659-42a1-92fb-dbde585616a3,2026-04-12 23:16:18.000,Studie Modules,de_upb
7ad0f1f5-d659-42a1-92fb-dbde585616a3,2026-04-12 23:16:15.000,Studie Modules,de_upb
7ad0f1f5-d659-42a1-92fb-dbde585616a3,2026-04-12 23:16:21.000,Feed,de_upb
685e37cc-eedd-4ca1-8ce9-83dea2696a6e,2026-04-12 18:48:00.000,Mail Overview,de_ua
685e37cc-eedd-4ca1-8ce9-83dea2696a6e,2026-04-12 18:47:59.000,Studie Modules,de_ua
7ad0f1f5-d659-42a1-92fb-dbde585616a3,2026-04-12 23:16:16.000,Mail Overview,de_upb
e8f8a3bb-cd13-45fe-8724-240a3f999c4b,2026-04-13 00:03:03.000,Studie Modules,de_pum
e8f8a3bb-cd13-45fe-8724-240a3f999c4b,2026-04-13 00:03:00.000,Mail Overview,de_pum
d1306e2a-c67c-4648-93d1-a1efef6ddf76,2026-04-13 00:03:08.000,Settings Accounts,de_pum
e8f8a3bb-cd13-45fe-8724-240a3f999c4b,2026-04-13 00:03:04.000,Generic Links Overview,de_pum
992aea61-14fc-4f8a-b54a-500996d46711,2026-04-13 00:02:58.000,Global Ory Login,de_upb
9fc11c5c-e9fb-4e0e-acde-e8d98c9d486e,2026-04-13 00:02:59.000,Feed,de_pum
4b0e9649-2fb6-4718-a5df-a6e0eae65c9d,2026-04-12 23:31:26.000,Career Main,de_pum
9fc11c5c-e9fb-4e0e-acde-e8d98c9d486e,2026-04-13 00:03:02.000,Schedule Overview,de_pum
43113967-2e64-4453-9670-247ab4394cf2,2026-04-13 00:03:08.000,Mail Overview,de_ks
43113967-2e64-4453-9670-247ab4394cf2,2026-04-13 00:03:02.000,Mail Detail,de_ks
43113967-2e64-4453-9670-247ab4394cf2,2026-04-13 00:02:59.000,Studie Modules,de_ks
43113967-2e64-4453-9670-247ab4394cf2,2026-04-13 00:03:00.000,Mail Overview,de_ks
43113967-2e64-4453-9670-247ab4394cf2,2026-04-13 00:03:10.000,Studie Modules,de_ks
119999b5-5889-44bf-94b3-d336659df16e,2026-04-13 00:03:09.000,Career Company V2,de_hsda
f593851b-caa4-433b-ab13-5a0b1eaf257d,2026-04-13 00:03:03.000,Mail Detail,de_ush
ab7b4b96-294d-4e55-b070-93d32b8ce523,2026-04-12 22:23:39.000,Mail Overview,de_us
ab7b4b96-294d-4e55-b070-93d32b8ce523,2026-04-12 22:23:39.000,Studie Modules,de_us
f593851b-caa4-433b-ab13-5a0b1eaf257d,2026-04-13 00:03:02.000,Mail Overview,de_ush
b19431f1-0929-44db-b088-09f96dd14a3d,2026-04-13 00:03:06.000,Mail Overview,de_si
b19431f1-0929-44db-b088-09f96dd14a3d,2026-04-13 00:03:15.000,Mail Detail,de_si
5965f73d-273e-4afc-9721-8bf329ff7be5,2026-04-13 00:03:16.000,Mail Overview,de_ks
9ffe5ba9-e143-4efd-a83c-c73a84fc4555,2026-04-13 00:03:11.000,Mail Overview,de_si
b8d7720f-10aa-4be6-a92d-8e72461fa8cb,2026-04-12 09:10:11.000,Feed Detail,de_pum
9ffe5ba9-e143-4efd-a83c-c73a84fc4555,2026-04-13 00:03:07.000,Feed,de_si
b0046301-4ca7-4620-9624-0d39c4593509,2026-04-12 22:14:05.000,Studie Modules,de_hslu
b0046301-4ca7-4620-9624-0d39c4593509,2026-04-12 22:14:06.000,Mail Overview,de_hslu
b0046301-4ca7-4620-9624-0d39c4593509,2026-04-12 22:48:31.000,Mail Overview,de_hslu
d1306e2a-c67c-4648-93d1-a1efef6ddf76,2026-04-13 00:03:19.000,Feed,de_pum
d1306e2a-c67c-4648-93d1-a1efef6ddf76,2026-04-13 00:03:15.000,Settings Overview,de_pum
d1306e2a-c67c-4648-93d1-a1efef6ddf76,2026-04-13 00:03:17.000,Studie Modules,de_pum
43113967-2e64-4453-9670-247ab4394cf2,2026-04-13 00:03:11.000,Mail Overview,de_ks
43113967-2e64-4453-9670-247ab4394cf2,2026-04-13 00:03:11.000,Studie Modules,de_ks
119999b5-5889-44bf-94b3-d336659df16e,2026-04-13 00:03:19.000,Career Map,de_hsda
43113967-2e64-4453-9670-247ab4394cf2,2026-04-13 00:03:15.000,Generic Links Overview,de_ks
3187c9c9-9394-49d8-a37f-f5420dc1c226,2026-04-12 21:15:37.000,Studie Modules,de_hsmz
f593851b-caa4-433b-ab13-5a0b1eaf257d,2026-04-13 00:03:13.000,Mail Detail,de_ush
f593851b-caa4-433b-ab13-5a0b1eaf257d,2026-04-13 00:03:12.000,Mail Overview,de_ush
942333ea-7663-487b-9cfe-2ae1f1a03521,2026-04-13 00:03:21.000,Courses Overview,de_tubf
942333ea-7663-487b-9cfe-2ae1f1a03521,2026-04-13 00:02:58.000,Courses Login,de_tubf
942333ea-7663-487b-9cfe-2ae1f1a03521,2026-04-13 00:02:54.000,Studie Modules,de_tubf
9ffe5ba9-e143-4efd-a83c-c73a84fc4555,2026-04-13 00:03:20.000,Mail Detail,de_si
5965f73d-273e-4afc-9721-8bf329ff7be5,2026-04-13 00:03:19.000,Mail Detail,de_ks
9ffe5ba9-e143-4efd-a83c-c73a84fc4555,2026-04-13 00:03:25.000,Mail Overview,de_si
a0a6a6a4-ec32-48d1-9bbc-9239bfbdeaaa,2026-04-13 00:03:22.000,Mail Detail,de_tuda
a0a6a6a4-ec32-48d1-9bbc-9239bfbdeaaa,2026-04-13 00:03:17.000,Mail Overview,de_tuda
a0a6a6a4-ec32-48d1-9bbc-9239bfbdeaaa,2026-04-13 00:03:26.000,Mail Detail,de_tuda
a0a6a6a4-ec32-48d1-9bbc-9239bfbdeaaa,2026-04-13 00:03:25.000,Mail Overview,de_tuda
d1306e2a-c67c-4648-93d1-a1efef6ddf76,2026-04-13 00:03:21.000,Calendar Week View,de_pum
bbce047d-5c7a-4647-967f-13664e72966b,2026-04-13 00:03:29.000,Mail Overview,de_hfts
b8d7720f-10aa-4be6-a92d-8e72461fa8cb,2026-04-12 09:10:21.000,Studie Modules,de_pum
ac4ecd34-4e7d-483f-848b-9e69239263c3,2026-04-12 17:41:16.000,Settings Overview,de_hsko
9ffe5ba9-e143-4efd-a83c-c73a84fc4555,2026-04-13 00:03:28.000,Mail Detail,de_si
5965f73d-273e-4afc-9721-8bf329ff7be5,2026-04-13 00:03:33.000,Mail Overview,de_ks
5965f73d-273e-4afc-9721-8bf329ff7be5,2026-04-13 00:03:34.000,Feed,de_ks
1ec74a9c-30db-4c5f-86a0-48c63ff05f59,2026-04-12 20:16:16.000,Mail Overview,de_jlug
9ffe5ba9-e143-4efd-a83c-c73a84fc4555,2026-04-13 00:03:31.000,Mail Overview,de_si
1ec74a9c-30db-4c5f-86a0-48c63ff05f59,2026-04-12 23:48:34.000,Mail Overview,de_jlug
9ffe5ba9-e143-4efd-a83c-c73a84fc4555,2026-04-13 00:03:33.000,Feed,de_si
9ffe5ba9-e143-4efd-a83c-c73a84fc4555,2026-04-13 00:03:34.000,Calendar Day View,de_si
351dd1a1-9554-4126-8aea-8448c7fe21f3,2026-04-13 00:03:38.000,Mail Overview,de_kuei
d54cce4f-72c2-4fb2-a788-27ce489f214f,2026-04-13 00:03:39.000,Mail Overview,de_thm
a0a6a6a4-ec32-48d1-9bbc-9239bfbdeaaa,2026-04-13 00:03:37.000,Mail Overview,de_tuda
53e9bf30-864a-4ed4-b60b-b4a8704cc07f,2026-04-12 18:23:51.000,Studie Modules,de_hslu
53e9bf30-864a-4ed4-b60b-b4a8704cc07f,2026-04-12 18:23:52.000,Schedule Overview,de_hslu
d1306e2a-c67c-4648-93d1-a1efef6ddf76,2026-04-13 00:03:31.000,Calendar Day View,de_pum
6392ed2e-3814-4fcb-8b12-057ec32b4127,2026-04-12 18:30:28.000,Studie Modules,de_hsmz
943f7725-6aef-4c0c-b00c-c44e56bc3fab,2026-04-13 00:03:41.000,Studie Modules,de_jlug
ff36d270-6ada-4529-98e4-888e229622c0,2026-04-12 19:47:49.000,Mail Overview,de_hsaa
95b59d00-1074-44cf-ac83-b15b42c513e3,2026-04-13 00:03:37.000,Feed,de_uff
5965f73d-273e-4afc-9721-8bf329ff7be5,2026-04-13 00:03:44.000,Mail Overview,de_ks
5965f73d-273e-4afc-9721-8bf329ff7be5,2026-04-13 00:03:41.000,Feed,de_ks
5965f73d-273e-4afc-9721-8bf329ff7be5,2026-04-13 00:03:37.000,Mail Overview,de_ks
d54cce4f-72c2-4fb2-a788-27ce489f214f,2026-04-13 00:03:41.000,Mail Overview,de_thm
d1306e2a-c67c-4648-93d1-a1efef6ddf76,2026-04-13 00:03:45.000,Calendar Day View,de_pum
d54cce4f-72c2-4fb2-a788-27ce489f214f,2026-04-13 00:03:40.000,Mail Detail,de_thm
d1306e2a-c67c-4648-93d1-a1efef6ddf76,2026-04-13 00:03:43.000,Feed,de_pum
9bd1d98f-2881-4005-80ad-5af7551b6f93,2026-04-13 00:03:42.000,Study Field Onboarding,""
2e6034ae-69ca-4882-a3d2-b68f92a4b349,2026-04-12 21:22:34.000,Studie Modules,de_pum
2e6034ae-69ca-4882-a3d2-b68f92a4b349,2026-04-12 21:22:35.000,Authenticator,de_pum
9bd1d98f-2881-4005-80ad-5af7551b6f93,2026-04-13 00:03:41.000,Setup Loading,""
a69f2969-9cb9-4ed6-93e7-179da3686590,2026-04-13 00:03:51.000,Mail Overview,de_hsda
119999b5-5889-44bf-94b3-d336659df16e,2026-04-13 00:03:51.000,Career Company V2,de_hsda
2f3a0ff5-638f-43b1-b7d1-90bc890c41d1,2026-04-13 00:03:42.000,Mail Overview,de_hm
4661a302-0afd-4b94-9e3f-0a9b14351cc3,2026-04-13 00:03:44.000,Mail Overview,de_hsaa
2f3a0ff5-638f-43b1-b7d1-90bc890c41d1,2026-04-13 00:03:46.000,Mail Detail,de_hm
4661a302-0afd-4b94-9e3f-0a9b14351cc3,2026-04-13 00:03:46.000,Mail Detail,de_hsaa
a4df694e-8e96-4a20-a6fb-5f3d459f52e5,2026-04-12 17:11:38.000,Studie Modules,de_hsko
a4df694e-8e96-4a20-a6fb-5f3d459f52e5,2026-04-12 17:11:39.000,Mail Overview,de_hsko
e9f91121-80d3-4a83-b6e8-e4f751b12ff9,2026-04-13 00:03:50.000,Mail Detail,de_ush
e9f91121-80d3-4a83-b6e8-e4f751b12ff9,2026-04-13 00:03:49.000,Mail Overview,de_ush
e9f91121-80d3-4a83-b6e8-e4f751b12ff9,2026-04-13 00:03:46.000,Studie Modules,de_ush
5965f73d-273e-4afc-9721-8bf329ff7be5,2026-04-13 00:03:53.000,Mail Detail,de_ks
af53827c-d922-4c85-b073-b16c3fb2ae17,2026-04-13 00:03:50.000,Cafeteria Overview,de_hsko
d1306e2a-c67c-4648-93d1-a1efef6ddf76,2026-04-13 00:03:50.000,Schedule Login,de_pum
405b89ab-bf15-4b2c-95e9-8d0efd3a7679,2026-04-13 00:03:49.000,Global Ory Login,de_si
119999b5-5889-44bf-94b3-d336659df16e,2026-04-13 00:03:53.000,Career Job V2,de_hsda
119999b5-5889-44bf-94b3-d336659df16e,2026-04-13 00:03:56.000,Career Main,de_hsda
119999b5-5889-44bf-94b3-d336659df16e,2026-04-13 00:04:01.000,Career Job V2,de_hsda
943f7725-6aef-4c0c-b00c-c44e56bc3fab,2026-04-13 00:03:59.000,Generic Links Overview,de_jlug
2f3a0ff5-638f-43b1-b7d1-90bc890c41d1,2026-04-13 00:04:03.000,Mail Detail,de_hm
971a18db-38ee-4755-ab04-832723558e46,2026-04-13 00:03:56.000,Generic Links Overview,de_si
2f3a0ff5-638f-43b1-b7d1-90bc890c41d1,2026-04-13 00:03:57.000,Mail Overview,de_hm
971a18db-38ee-4755-ab04-832723558e46,2026-04-13 00:03:55.000,Studie Modules,de_si
4661a302-0afd-4b94-9e3f-0a9b14351cc3,2026-04-13 00:03:58.000,Mail Overview,de_hsaa
4661a302-0afd-4b94-9e3f-0a9b14351cc3,2026-04-13 00:04:03.000,Mail Detail,de_hsaa
42a688f8-fba0-470e-a4c6-0cbc2ad63657,2026-04-13 00:04:05.000,Courses Overview,de_jlug
2e4e6de6-685c-4281-808f-17944d2bbfbf,2026-04-13 00:04:06.000,Mail Overview,de_hsge
af53827c-d922-4c85-b073-b16c3fb2ae17,2026-04-13 00:04:08.000,Cafeteria Detail,de_hsko
a863b0f0-56f5-4104-8f29-cb6777f65c94,2026-04-12 19:08:21.000,Mail Overview,de_evhb
a863b0f0-56f5-4104-8f29-cb6777f65c94,2026-04-12 19:08:20.000,Feed,de_evhb
e8f8a3bb-cd13-45fe-8724-240a3f999c4b,2026-04-13 00:04:12.000,Studie Modules,de_pum
95b59d00-1074-44cf-ac83-b15b42c513e3,2026-04-13 00:04:10.000,Mail Setup Manual,de_uff
95b59d00-1074-44cf-ac83-b15b42c513e3,2026-04-13 00:04:13.000,Feed,de_uff
95b59d00-1074-44cf-ac83-b15b42c513e3,2026-04-13 00:04:15.000,Studie Modules,de_uff
7b39806d-2b7e-4b25-825f-2faf402c3542,2026-04-12 14:25:04.000,Studie Modules,de_fhwo
4f17f40d-c4df-4193-9c8d-c7a7faf5ae1f,2026-04-12 18:43:22.000,Feed Detail,de_hshb
4f17f40d-c4df-4193-9c8d-c7a7faf5ae1f,2026-04-12 18:43:26.000,Mail Overview,de_hshb
4f17f40d-c4df-4193-9c8d-c7a7faf5ae1f,2026-04-12 18:43:25.000,Feed,de_hshb
067cce5a-6cee-4f8b-9004-96dd2102bab3,2026-04-13 00:04:11.000,Generic Links Overview,de_pum
5d19c88d-b8b2-4831-a990-7067605b180c,2026-04-13 00:04:16.000,Mail Overview,de_thbi
e9f91121-80d3-4a83-b6e8-e4f751b12ff9,2026-04-13 00:04:15.000,Mail Overview,de_ush
e267fe26-200c-4bc9-a9a0-a68011281964,2026-04-12 17:19:51.000,Mail Overview,de_upb
e8f8a3bb-cd13-45fe-8724-240a3f999c4b,2026-04-13 00:04:13.000,Generic Links Overview,de_pum
4661a302-0afd-4b94-9e3f-0a9b14351cc3,2026-04-13 00:04:22.000,Mail Overview,de_hsaa
67693364-1f46-46db-b181-37f974ec4259,2026-04-12 16:22:08.000,wallet,de_pum
43113967-2e64-4453-9670-247ab4394cf2,2026-04-13 00:04:27.000,Studie Modules,de_ks
c04294f0-304d-4f3e-afee-43dc45f430b4,2026-04-13 00:04:18.000,Calendar Month View,de_tuda
95b59d00-1074-44cf-ac83-b15b42c513e3,2026-04-13 00:04:26.000,Settings Overview,de_uff
029bf1c1-3ef5-4a87-ab2b-829fda77b3ae,2026-04-13 00:04:21.000,Studie Modules,de_pum
95b59d00-1074-44cf-ac83-b15b42c513e3,2026-04-13 00:04:17.000,Cafeteria Overview,de_uff
95b59d00-1074-44cf-ac83-b15b42c513e3,2026-04-13 00:04:25.000,Studie Modules,de_uff
95b59d00-1074-44cf-ac83-b15b42c513e3,2026-04-13 00:04:21.000,Studie Modules,de_uff
029bf1c1-3ef5-4a87-ab2b-829fda77b3ae,2026-04-13 00:04:22.000,wallet,de_pum
95b59d00-1074-44cf-ac83-b15b42c513e3,2026-04-13 00:04:23.000,Career Onboarding,de_uff
029bf1c1-3ef5-4a87-ab2b-829fda77b3ae,2026-04-13 00:04:27.000,Studie Modules,de_pum
f6dccfb9-8ec6-4205-b413-1b7e0814e2de,2026-04-13 00:04:28.000,Mail Detail,de_tuda
f6dccfb9-8ec6-4205-b413-1b7e0814e2de,2026-04-13 00:04:22.000,Mail Overview,de_tuda
e9f91121-80d3-4a83-b6e8-e4f751b12ff9,2026-04-13 00:04:23.000,Studie Modules,de_ush
e9f91121-80d3-4a83-b6e8-e4f751b12ff9,2026-04-13 00:04:26.000,Feed,de_ush
e9f91121-80d3-4a83-b6e8-e4f751b12ff9,2026-04-13 00:04:24.000,Feed,de_ush
e9f91121-80d3-4a83-b6e8-e4f751b12ff9,2026-04-13 00:04:24.000,Studie Modules,de_ush
e9f91121-80d3-4a83-b6e8-e4f751b12ff9,2026-04-13 00:04:31.000,Settings Overview,de_ush
5d19c88d-b8b2-4831-a990-7067605b180c,2026-04-13 00:04:32.000,Mail Detail,de_thbi
4661a302-0afd-4b94-9e3f-0a9b14351cc3,2026-04-13 00:04:24.000,Mail Detail,de_hsaa
4661a302-0afd-4b94-9e3f-0a9b14351cc3,2026-04-13 00:04:25.000,Mail Overview,de_hsaa
67693364-1f46-46db-b181-37f974ec4259,2026-04-13 00:04:31.000,Mail Overview,de_pum
b2808241-2984-433d-83a7-26d8ce9feb58,2026-04-13 00:04:29.000,Studie Modules,de_tuda
8d0b271d-2bab-41ef-a2be-ea9e404fba37,2026-04-13 00:04:26.000,Studie Modules,de_ehl
d1306e2a-c67c-4648-93d1-a1efef6ddf76,2026-04-13 00:04:25.000,Schedule Permission,de_pum
8d0b271d-2bab-41ef-a2be-ea9e404fba37,2026-04-13 00:04:33.000,Mail Detail,de_ehl
119999b5-5889-44bf-94b3-d336659df16e,2026-04-13 00:04:34.000,Career Company V2,de_hsda
d1306e2a-c67c-4648-93d1-a1efef6ddf76,2026-04-13 00:04:35.000,Calendar Day View,de_pum
b2808241-2984-433d-83a7-26d8ce9feb58,2026-04-13 00:04:30.000,Campus,de_tuda
8d0b271d-2bab-41ef-a2be-ea9e404fba37,2026-04-13 00:04:27.000,Mail Overview,de_ehl
10803230-fc9a-4e27-82f5-6ed52edc2d5d,2026-04-13 00:04:33.000,Calendar Day View,de_aml
10803230-fc9a-4e27-82f5-6ed52edc2d5d,2026-04-13 00:04:28.000,Studie Modules,de_aml
10803230-fc9a-4e27-82f5-6ed52edc2d5d,2026-04-13 00:04:31.000,Calendar Month View,de_aml
10803230-fc9a-4e27-82f5-6ed52edc2d5d,2026-04-13 00:04:29.000,Calendar Week View,de_aml
95b59d00-1074-44cf-ac83-b15b42c513e3,2026-04-13 00:04:34.000,Settings Overview,de_uff
95b59d00-1074-44cf-ac83-b15b42c513e3,2026-04-13 00:04:30.000,Settings Pincode,de_uff
e9f91121-80d3-4a83-b6e8-e4f751b12ff9,2026-04-13 00:04:41.000,Auditories Detail,de_ush
02349ba4-55a1-43d5-9112-123e6df1ed9c,2026-04-12 21:41:24.000,Mail Overview,de_hsge
e9f91121-80d3-4a83-b6e8-e4f751b12ff9,2026-04-13 00:04:37.000,Studie Modules,de_ush
e9f91121-80d3-4a83-b6e8-e4f751b12ff9,2026-04-13 00:04:38.000,Auditories,de_ush
de5d4f68-5113-4d7a-ab38-593f50154bb9,2026-04-12 23:46:31.000,Mail Overview,de_pum
de5d4f68-5113-4d7a-ab38-593f50154bb9,2026-04-12 23:46:31.000,Studie Modules,de_pum
8e98e840-07ec-4c22-a9ea-2341f684b3af,2026-04-13 00:04:36.000,Feed,de_hsda
5d19c88d-b8b2-4831-a990-7067605b180c,2026-04-13 00:04:43.000,Mail Detail,de_thbi
ece56517-74bf-4e7c-821b-a17fecf9a3a5,2026-04-13 00:04:45.000,Mail Overview,de_hdm
5d19c88d-b8b2-4831-a990-7067605b180c,2026-04-13 00:04:40.000,Mail Overview,de_thbi
95b59d00-1074-44cf-ac83-b15b42c513e3,2026-04-13 00:04:45.000,Mail Setup Manual,de_uff
95b59d00-1074-44cf-ac83-b15b42c513e3,2026-04-13 00:04:44.000,Feed,de_uff
10803230-fc9a-4e27-82f5-6ed52edc2d5d,2026-04-13 00:04:39.000,Schedule Create,de_aml
9bd1d98f-2881-4005-80ad-5af7551b6f93,2026-04-13 00:04:46.000,Feed,de_thm
d324772d-4164-4630-a218-52d837d88e9a,2026-04-13 00:04:46.000,Feed Detail,de_hsfd
d1306e2a-c67c-4648-93d1-a1efef6ddf76,2026-04-13 00:04:53.000,Calendar Week View,de_pum
971a18db-38ee-4755-ab04-832723558e46,2026-04-13 00:04:54.000,Studie Modules,de_si
d46ffd67-e578-4f5b-9067-b093abba8d12,2026-04-13 00:04:55.000,Feed,de_thm
67693364-1f46-46db-b181-37f974ec4259,2026-04-13 00:04:47.000,Mail Detail,de_pum
d46ffd67-e578-4f5b-9067-b093abba8d12,2026-04-13 00:04:51.000,Schedule Create,de_thm
333bfbe8-f5b1-4d1b-9175-d2ca6db972ff,2026-04-12 20:23:11.000,Studie Modules,de_jlug
333bfbe8-f5b1-4d1b-9175-d2ca6db972ff,2026-04-13 00:04:55.000,Studie Modules,de_jlug
333bfbe8-f5b1-4d1b-9175-d2ca6db972ff,2026-04-12 20:23:11.000,Mail Overview,de_jlug
5d19c88d-b8b2-4831-a990-7067605b180c,2026-04-13 00:04:57.000,Mail Overview,de_thbi
d0503b0a-50de-44c8-9869-0578f4c717ac,2026-04-13 00:04:24.000,Studie Modules,de_pum
dfc18382-89a2-4390-a447-076dd4f30dbd,2026-04-13 00:04:52.000,Studie Modules,de_pum
283a5d73-d85b-4678-8c08-c308e7638abf,2026-04-12 23:10:06.000,Mail Overview,de_emau
d0503b0a-50de-44c8-9869-0578f4c717ac,2026-04-13 00:04:25.000,Authenticator,de_pum
dfc18382-89a2-4390-a447-076dd4f30dbd,2026-04-13 00:04:53.000,Mail Overview,de_pum
283a5d73-d85b-4678-8c08-c308e7638abf,2026-04-12 23:10:03.000,Career Job V2,de_emau
9bd1d98f-2881-4005-80ad-5af7551b6f93,2026-04-13 00:04:51.000,Studie Modules,de_thm
9bd1d98f-2881-4005-80ad-5af7551b6f93,2026-04-13 00:05:00.000,Games Overview,de_thm
9bd1d98f-2881-4005-80ad-5af7551b6f93,2026-04-13 00:05:01.000,Studie Modules,de_thm
b7d831f9-c943-4e6b-bc19-914a98e3a42a,2026-04-13 00:05:00.000,Mail Overview,de_ur
9bd1d98f-2881-4005-80ad-5af7551b6f93,2026-04-13 00:04:55.000,Games Overview,de_thm
ca433839-9f03-4146-890e-4771780b0714,2026-04-13 00:04:59.000,Mail Overview,de_hsda
9bd1d98f-2881-4005-80ad-5af7551b6f93,2026-04-13 00:04:56.000,Games Battleships Profile,de_thm
ca433839-9f03-4146-890e-4771780b0714,2026-04-13 00:04:59.000,Studie Modules,de_hsda
10803230-fc9a-4e27-82f5-6ed52edc2d5d,2026-04-13 00:05:03.000,Schedule Color Chooser,de_aml
d1306e2a-c67c-4648-93d1-a1efef6ddf76,2026-04-13 00:04:54.000,Calendar Month View,de_pum
d1306e2a-c67c-4648-93d1-a1efef6ddf76,2026-04-13 00:05:03.000,Calendar Day View,de_pum
d1306e2a-c67c-4648-93d1-a1efef6ddf76,2026-04-13 00:04:55.000,Calendar List View,de_pum
971a18db-38ee-4755-ab04-832723558e46,2026-04-13 00:04:55.000,Generic Links Overview,de_si
dfcda80b-9728-4be8-836d-a379c802e788,2026-04-13 00:04:59.000,Mail Overview,de_phlb
dfcda80b-9728-4be8-836d-a379c802e788,2026-04-13 00:05:02.000,Mail Detail,de_phlb
3d586176-75d9-4e21-aaed-7fcf4ad44db9,2026-04-12 22:33:16.000,Calendar Day View,de_pum
3d586176-75d9-4e21-aaed-7fcf4ad44db9,2026-04-12 10:48:21.000,wallet,de_pum
d324772d-4164-4630-a218-52d837d88e9a,2026-04-13 00:05:06.000,Feed,de_hsfd
5d19c88d-b8b2-4831-a990-7067605b180c,2026-04-13 00:05:07.000,Mail Overview,de_thbi
2abf17ab-b428-4dc5-8f3c-fa0a350aaa13,2026-04-12 23:20:00.000,Calendar Week View,de_hslu
5d19c88d-b8b2-4831-a990-7067605b180c,2026-04-13 00:05:00.000,Mail Detail,de_thbi
2abf17ab-b428-4dc5-8f3c-fa0a350aaa13,2026-04-12 23:20:01.000,Schedule Detail,de_hslu
d54203ef-3828-4418-baf7-a68a0ae8e708,2026-04-13 00:02:54.000,Calendar Month View,de_si
af58586b-3a4e-4292-9247-6f9927d75248,2026-04-13 00:05:01.000,wallet,de_tuda
d0503b0a-50de-44c8-9869-0578f4c717ac,2026-04-13 00:05:00.000,Studie Modules,de_pum
dfc18382-89a2-4390-a447-076dd4f30dbd,2026-04-13 00:05:00.000,Mail Detail,de_pum
9bd1d98f-2881-4005-80ad-5af7551b6f93,2026-04-13 00:05:08.000,Calendar List View,de_thm
9bd1d98f-2881-4005-80ad-5af7551b6f93,2026-04-13 00:05:07.000,Calendar Week View,de_thm
ca433839-9f03-4146-890e-4771780b0714,2026-04-13 00:05:09.000,Mail Detail,de_hsda
9bd1d98f-2881-4005-80ad-5af7551b6f93,2026-04-13 00:05:09.000,Calendar Month View,de_thm
9bd1d98f-2881-4005-80ad-5af7551b6f93,2026-04-13 00:05:03.000,Schedule Setup,de_thm
9bd1d98f-2881-4005-80ad-5af7551b6f93,2026-04-13 00:05:04.000,Calendar Day View,de_thm
9bd1d98f-2881-4005-80ad-5af7551b6f93,2026-04-13 00:05:09.000,Calendar Day View,de_thm
9bd1d98f-2881-4005-80ad-5af7551b6f93,2026-04-13 00:05:10.000,Studie Modules,de_thm
10803230-fc9a-4e27-82f5-6ed52edc2d5d,2026-04-13 00:05:09.000,Schedule Type Chooser,de_aml
10803230-fc9a-4e27-82f5-6ed52edc2d5d,2026-04-13 00:05:11.000,Schedule Create,de_aml
10803230-fc9a-4e27-82f5-6ed52edc2d5d,2026-04-13 00:05:05.000,Schedule Create,de_aml
d1306e2a-c67c-4648-93d1-a1efef6ddf76,2026-04-13 00:05:14.000,Schedule Create,de_pum
d46ffd67-e578-4f5b-9067-b093abba8d12,2026-04-13 00:05:05.000,Feed Detail,de_thm
dfcda80b-9728-4be8-836d-a379c802e788,2026-04-13 00:05:16.000,Mail Detail,de_phlb
7be797a1-5eb4-4a7c-af15-166c057ee266,2026-04-13 00:05:09.000,Calendar Day View,de_uff
7be797a1-5eb4-4a7c-af15-166c057ee266,2026-04-13 00:05:06.000,Studie Modules,de_uff
dfcda80b-9728-4be8-836d-a379c802e788,2026-04-13 00:05:13.000,Mail Overview,de_phlb
d324772d-4164-4630-a218-52d837d88e9a,2026-04-13 00:05:11.000,Grades Login,de_hsfd
d324772d-4164-4630-a218-52d837d88e9a,2026-04-13 00:05:09.000,Studie Modules,de_hsfd
d54203ef-3828-4418-baf7-a68a0ae8e708,2026-04-13 00:05:13.000,Calendar Month View,de_si
95b59d00-1074-44cf-ac83-b15b42c513e3,2026-04-13 00:05:11.000,Mail FolderSelection,de_uff
d54203ef-3828-4418-baf7-a68a0ae8e708,2026-04-13 00:05:11.000,Feed,de_si
d54203ef-3828-4418-baf7-a68a0ae8e708,2026-04-13 00:05:14.000,Calendar Week View,de_si
95b59d00-1074-44cf-ac83-b15b42c513e3,2026-04-13 00:05:16.000,Mail Permission,de_uff
95b59d00-1074-44cf-ac83-b15b42c513e3,2026-04-13 00:05:18.000,Mail Overview,de_uff
ca433839-9f03-4146-890e-4771780b0714,2026-04-13 00:05:11.000,Mail Overview,de_hsda
df63bbb0-14c4-43e9-aaee-a7ce01c59562,2026-04-13 00:05:21.000,Studie Modules,de_hsfd
df63bbb0-14c4-43e9-aaee-a7ce01c59562,2026-04-13 00:05:18.000,Generic Links Overview,de_hsfd
df63bbb0-14c4-43e9-aaee-a7ce01c59562,2026-04-13 00:05:17.000,Studie Modules,de_hsfd
10803230-fc9a-4e27-82f5-6ed52edc2d5d,2026-04-13 00:05:14.000,Calendar Day View,de_aml
8d8f8f01-6e59-4a1b-a4eb-c1c4dbc1f191,2026-04-13 00:05:15.000,Mail Overview,de_hsda
d1306e2a-c67c-4648-93d1-a1efef6ddf76,2026-04-13 00:05:17.000,Feed,de_pum
d1306e2a-c67c-4648-93d1-a1efef6ddf76,2026-04-13 00:05:16.000,Calendar Day View,de_pum
dfcda80b-9728-4be8-836d-a379c802e788,2026-04-13 00:05:18.000,Mail Overview,de_phlb
067cce5a-6cee-4f8b-9004-96dd2102bab3,2026-04-13 00:05:27.000,Studie Modules,de_pum
d324772d-4164-4630-a218-52d837d88e9a,2026-04-13 00:05:25.000,Grades Permission,de_hsfd
7be797a1-5eb4-4a7c-af15-166c057ee266,2026-04-13 00:05:17.000,Schedule Login,de_uff
95b59d00-1074-44cf-ac83-b15b42c513e3,2026-04-13 00:05:24.000,Mail Detail,de_uff
95b59d00-1074-44cf-ac83-b15b42c513e3,2026-04-13 00:05:25.000,Mail Detail,de_uff
95b59d00-1074-44cf-ac83-b15b42c513e3,2026-04-13 00:05:25.000,Mail Overview,de_uff
95b59d00-1074-44cf-ac83-b15b42c513e3,2026-04-13 00:05:29.000,Mail Overview,de_uff
8d5e7259-059c-4011-a266-32dfe215d3e4,2026-04-12 23:13:21.000,External Login Expired,de_tuda
862abe1d-eb17-4dd9-a81d-5efba6bf7268,2026-04-13 00:05:30.000,Feed,de_upb
9fc11c5c-e9fb-4e0e-acde-e8d98c9d486e,2026-04-13 00:05:29.000,Schedule Create,de_pum
df63bbb0-14c4-43e9-aaee-a7ce01c59562,2026-04-13 00:05:28.000,Calendar Day View,de_hsfd
df63bbb0-14c4-43e9-aaee-a7ce01c59562,2026-04-13 00:05:32.000,Schedule Login,de_hsfd
b2808241-2984-433d-83a7-26d8ce9feb58,2026-04-13 00:05:32.000,Campus Detail,de_tuda
06ac3a5b-e906-4dea-9ece-ac734e2cb639,2026-04-12 21:32:49.000,Mail Overview,de_jlug
dfcda80b-9728-4be8-836d-a379c802e788,2026-04-13 00:05:30.000,Mail Detail,de_phlb
dfcda80b-9728-4be8-836d-a379c802e788,2026-04-13 00:05:27.000,Mail Detail,de_phlb
dfcda80b-9728-4be8-836d-a379c802e788,2026-04-13 00:05:28.000,Mail Overview,de_phlb
d324772d-4164-4630-a218-52d837d88e9a,2026-04-13 00:05:31.000,Grades Overview,de_hsfd
7be797a1-5eb4-4a7c-af15-166c057ee266,2026-04-13 00:05:28.000,Schedule Permission,de_uff
7be797a1-5eb4-4a7c-af15-166c057ee266,2026-04-13 00:05:32.000,Calendar Day View,de_uff
067cce5a-6cee-4f8b-9004-96dd2102bab3,2026-04-13 00:05:32.000,Generic Links Overview,de_pum
067cce5a-6cee-4f8b-9004-96dd2102bab3,2026-04-13 00:05:31.000,Studie Modules,de_pum
067cce5a-6cee-4f8b-9004-96dd2102bab3,2026-04-13 00:05:29.000,Todo,de_pum
eda439fb-38c0-4b52-890b-923d9804709b,2026-04-12 20:02:16.000,Mail Overview,de_hsda
facf6c2a-7e6b-4331-83e0-f9096e0a5ed7,2026-04-13 00:05:28.000,Mail Overview,de_bt
95b59d00-1074-44cf-ac83-b15b42c513e3,2026-04-13 00:05:39.000,Calendar Day View,de_uff
95b59d00-1074-44cf-ac83-b15b42c513e3,2026-04-13 00:05:38.000,Feed,de_uff
95b59d00-1074-44cf-ac83-b15b42c513e3,2026-04-13 00:05:36.000,Schedule Setup,de_uff
95b59d00-1074-44cf-ac83-b15b42c513e3,2026-04-13 00:05:36.000,Calendar Day View,de_uff
95b59d00-1074-44cf-ac83-b15b42c513e3,2026-04-13 00:05:34.000,Feed,de_uff
e48ea385-5849-47df-8254-f119b0d8b8c9,2026-04-13 00:05:37.000,Grades Study Chooser,de_luh
9fc11c5c-e9fb-4e0e-acde-e8d98c9d486e,2026-04-13 00:05:39.000,Schedule Overview,de_pum
44476244-0d61-4533-8bf8-bd29a5dc4059,2026-04-13 00:05:33.000,Studie Modules,de_pum
e48ea385-5849-47df-8254-f119b0d8b8c9,2026-04-13 00:05:39.000,Grades Overview,de_luh
862abe1d-eb17-4dd9-a81d-5efba6bf7268,2026-04-13 00:05:38.000,Feed Detail,de_upb
44476244-0d61-4533-8bf8-bd29a5dc4059,2026-04-13 00:05:35.000,Mail Overview,de_pum
44476244-0d61-4533-8bf8-bd29a5dc4059,2026-04-13 00:05:39.000,Mail Detail,de_pum
862abe1d-eb17-4dd9-a81d-5efba6bf7268,2026-04-13 00:05:39.000,Feed,de_upb
9a769035-068c-400c-a37c-548b16794ce7,2026-04-12 20:19:57.000,Studie Modules,de_fhki
9a769035-068c-400c-a37c-548b16794ce7,2026-04-12 14:03:59.000,Mail Overview,de_fhki
9a769035-068c-400c-a37c-548b16794ce7,2026-04-12 14:03:58.000,Studie Modules,de_fhki
9a769035-068c-400c-a37c-548b16794ce7,2026-04-12 20:19:57.000,Mail Overview,de_fhki
d1306e2a-c67c-4648-93d1-a1efef6ddf76,2026-04-13 00:05:39.000,Settings Overview,de_pum
d1306e2a-c67c-4648-93d1-a1efef6ddf76,2026-04-13 00:05:44.000,Studie Modules,de_pum
10803230-fc9a-4e27-82f5-6ed52edc2d5d,2026-04-13 00:05:46.000,Schedule Create,de_aml
3d885a6b-5ef1-4bb8-a764-5f80bd553012,2026-04-12 14:59:46.000,Mail Overview,de_hsge
3d885a6b-5ef1-4bb8-a764-5f80bd553012,2026-04-12 14:59:46.000,Studie Modules,de_hsge
d324772d-4164-4630-a218-52d837d88e9a,2026-04-13 00:05:40.000,Studie Modules,de_hsfd
7be797a1-5eb4-4a7c-af15-166c057ee266,2026-04-13 00:05:44.000,Schedule Detail,de_uff
d324772d-4164-4630-a218-52d837d88e9a,2026-04-13 00:05:43.000,Calendar Day View,de_hsfd
2092f2dd-b6df-49a8-9ecc-18ebd5e3cc00,2026-04-13 00:05:47.000,Calendar Day View,de_hfwu
7be797a1-5eb4-4a7c-af15-166c057ee266,2026-04-13 00:05:46.000,Calendar Day View,de_uff
2bfdc250-a52e-4610-bc6a-d652ff812d50,2026-04-12 11:28:25.000,Mail Overview,de_hspf
47b7db49-adda-4758-bce9-f236ed9c2c74,2026-04-13 00:05:49.000,Cafeteria Selection,de_thm
47b7db49-adda-4758-bce9-f236ed9c2c74,2026-04-13 00:05:48.000,Cafeteria Detail,de_thm
95cd91a9-2da1-4713-a493-8fdc3b605e1d,2026-04-13 00:05:48.000,Mail Detail,de_ks
beff1e6a-3253-42ee-94bb-36fd24045c62,2026-04-13 00:05:40.000,Studie Modules,de_hsko
beff1e6a-3253-42ee-94bb-36fd24045c62,2026-04-13 00:05:41.000,Mail Overview,de_hsko
facf6c2a-7e6b-4331-83e0-f9096e0a5ed7,2026-04-13 00:05:41.000,Mail Detail,de_bt
95b59d00-1074-44cf-ac83-b15b42c513e3,2026-04-13 00:05:50.000,Feed Shortcuts List,de_uff
95b59d00-1074-44cf-ac83-b15b42c513e3,2026-04-13 00:05:43.000,Feed,de_uff
95b59d00-1074-44cf-ac83-b15b42c513e3,2026-04-13 00:05:48.000,Feed,de_uff
95b59d00-1074-44cf-ac83-b15b42c513e3,2026-04-13 00:05:45.000,Grades Login,de_uff
44476244-0d61-4533-8bf8-bd29a5dc4059,2026-04-13 00:05:48.000,Cafeteria Overview,de_pum
862abe1d-eb17-4dd9-a81d-5efba6bf7268,2026-04-13 00:05:46.000,Feed Profile,de_upb
c2fe3ee6-76be-487c-8a3f-8f4771e69673,2026-04-13 00:05:49.000,Grades Overview,de_hsnd
c2fe3ee6-76be-487c-8a3f-8f4771e69673,2026-04-13 00:05:45.000,Mail Overview,de_hsnd
862abe1d-eb17-4dd9-a81d-5efba6bf7268,2026-04-13 00:05:52.000,Feed,de_upb
41ca51a6-315c-4372-ac4b-d94159b15408,2026-04-12 23:35:47.000,Study Field Onboarding,de_evhb
44476244-0d61-4533-8bf8-bd29a5dc4059,2026-04-13 00:05:52.000,Mail Overview,de_pum
d09831e5-957a-4e13-8790-8785eb0387c4,2026-04-13 00:05:48.000,Studie Modules,de_ovgu
c2fe3ee6-76be-487c-8a3f-8f4771e69673,2026-04-13 00:05:52.000,Feed,de_hsnd
b2808241-2984-433d-83a7-26d8ce9feb58,2026-04-13 00:05:48.000,Campus,de_tuda
d09831e5-957a-4e13-8790-8785eb0387c4,2026-04-13 00:05:49.000,Mail Overview,de_ovgu
b2808241-2984-433d-83a7-26d8ce9feb58,2026-04-13 00:05:47.000,Studie Modules,de_tuda
c2fe3ee6-76be-487c-8a3f-8f4771e69673,2026-04-13 00:05:48.000,Feed,de_hsnd
c2fe3ee6-76be-487c-8a3f-8f4771e69673,2026-04-12 19:14:18.000,Grades Overview,de_hsnd
cb72c1ac-5429-4a65-ac42-c2450b4ed74d,2026-04-13 00:05:53.000,Mail Overview,de_thm
df63bbb0-14c4-43e9-aaee-a7ce01c59562,2026-04-13 00:05:45.000,Schedule Permission,de_hsfd
df63bbb0-14c4-43e9-aaee-a7ce01c59562,2026-04-13 00:05:51.000,Calendar Week View,de_hsfd
df63bbb0-14c4-43e9-aaee-a7ce01c59562,2026-04-13 00:05:54.000,Calendar Day View,de_hsfd
df63bbb0-14c4-43e9-aaee-a7ce01c59562,2026-04-13 00:05:48.000,Calendar Day View,de_hsfd
d1306e2a-c67c-4648-93d1-a1efef6ddf76,2026-04-13 00:05:47.000,Generic Links Overview,de_pum
e48ea385-5849-47df-8254-f119b0d8b8c9,2026-04-13 00:05:55.000,Grades Detail,de_luh
d46ffd67-e578-4f5b-9067-b093abba8d12,2026-04-13 00:05:56.000,Grades Login,de_thm
10803230-fc9a-4e27-82f5-6ed52edc2d5d,2026-04-13 00:05:56.000,Schedule Type Chooser,de_aml
d46ffd67-e578-4f5b-9067-b093abba8d12,2026-04-13 00:05:49.000,Feed,de_thm
d324772d-4164-4630-a218-52d837d88e9a,2026-04-13 00:05:51.000,Schedule Login,de_hsfd
d46ffd67-e578-4f5b-9067-b093abba8d12,2026-04-13 00:05:51.000,Studie Modules,de_thm
334e6429-0961-4b30-986f-c49935c972d5,2026-04-13 00:05:46.000,Mail Overview,de_hsfd
47b7db49-adda-4758-bce9-f236ed9c2c74,2026-04-13 00:05:56.000,Cafeteria Detail,de_thm
ebb74a41-8bf4-4ccb-bc01-e80927d87e26,2026-04-13 00:05:48.000,Feed Detail,de_hm
95cd91a9-2da1-4713-a493-8fdc3b605e1d,2026-04-13 00:05:53.000,Mail Overview,de_ks
69a814d8-5bdd-4c35-8a46-78c1ea1bc9f4,2026-04-13 00:05:58.000,Mail Overview,de_pum
beff1e6a-3253-42ee-94bb-36fd24045c62,2026-04-13 00:05:50.000,Mail Detail,de_hsko
87b4f5b6-274a-42ab-8b9f-b36302fd762d,2026-04-13 00:05:59.000,Calendar Day View,de_hsab
87b4f5b6-274a-42ab-8b9f-b36302fd762d,2026-04-13 00:05:57.000,Feed,de_hsab
87b4f5b6-274a-42ab-8b9f-b36302fd762d,2026-04-13 00:05:53.000,Mail Overview,de_hsab
862abe1d-eb17-4dd9-a81d-5efba6bf7268,2026-04-13 00:05:53.000,Feed Profile,de_upb
77146cb5-3839-4bad-8306-6d4689c3a7c6,2026-04-13 00:05:54.000,Studie Modules,de_ks
77146cb5-3839-4bad-8306-6d4689c3a7c6,2026-04-13 00:05:57.000,Mail Detail,de_ks
bf6357a4-28f5-4188-a747-5fb9cdea2139,2026-04-13 00:05:55.000,Studie Modules,de_aml
77146cb5-3839-4bad-8306-6d4689c3a7c6,2026-04-13 00:05:54.000,Mail Overview,de_ks
bf6357a4-28f5-4188-a747-5fb9cdea2139,2026-04-13 00:05:56.000,Mail Overview,de_aml
c2fe3ee6-76be-487c-8a3f-8f4771e69673,2026-04-13 00:06:03.000,Cafeteria Overview,de_hsnd
39461ed1-d484-4a5f-8dc0-0b0bc276285d,2026-04-13 00:06:03.000,Settings Pincode,de_pum
39461ed1-d484-4a5f-8dc0-0b0bc276285d,2026-04-13 00:05:55.000,Studie Modules,de_pum
39461ed1-d484-4a5f-8dc0-0b0bc276285d,2026-04-13 00:05:58.000,Authenticator,de_pum
39461ed1-d484-4a5f-8dc0-0b0bc276285d,2026-04-13 00:06:02.000,Authenticator,de_pum
39461ed1-d484-4a5f-8dc0-0b0bc276285d,2026-04-13 00:06:00.000,Studie Modules,de_pum
d324772d-4164-4630-a218-52d837d88e9a,2026-04-13 00:06:03.000,Schedule Permission,de_hsfd
d324772d-4164-4630-a218-52d837d88e9a,2026-04-13 00:06:06.000,Calendar Day View,de_hsfd
10803230-fc9a-4e27-82f5-6ed52edc2d5d,2026-04-13 00:06:00.000,Schedule Create,de_aml
10803230-fc9a-4e27-82f5-6ed52edc2d5d,2026-04-13 00:06:04.000,Schedule Repeat Chooser,de_aml
10803230-fc9a-4e27-82f5-6ed52edc2d5d,2026-04-13 00:05:59.000,Schedule Color Chooser,de_aml
10803230-fc9a-4e27-82f5-6ed52edc2d5d,2026-04-13 00:05:59.000,Schedule Create,de_aml
10803230-fc9a-4e27-82f5-6ed52edc2d5d,2026-04-13 00:06:06.000,Schedule Create,de_aml
6bce7c35-08ac-488c-9a45-81042c1b3502,2026-04-13 00:05:56.000,Study Field Onboarding,de_hsge
beff1e6a-3253-42ee-94bb-36fd24045c62,2026-04-13 00:06:05.000,Mail Overview,de_hsko
3fb124fc-aab8-4596-92e4-172351d4cd20,2026-04-13 00:06:11.000,Studie Modules,de_ua
ef801460-1d59-49fb-bf1d-79e9eaeb21ee,2026-04-12 23:29:50.000,Studie Modules,de_gufm
95b59d00-1074-44cf-ac83-b15b42c513e3,2026-04-13 00:06:10.000,Feed,de_uff
ef801460-1d59-49fb-bf1d-79e9eaeb21ee,2026-04-12 23:29:50.000,Mail Overview,de_gufm
87b4f5b6-274a-42ab-8b9f-b36302fd762d,2026-04-13 00:06:07.000,Calendar Day View,de_hsab
87b4f5b6-274a-42ab-8b9f-b36302fd762d,2026-04-13 00:06:03.000,Schedule Detail,de_hsab
b26473d5-626a-44f3-84e1-c5aca4b8959c,2026-04-13 00:06:07.000,Schedule Overview,de_hsan
c2fe3ee6-76be-487c-8a3f-8f4771e69673,2026-04-13 00:06:04.000,Cafeteria Detail,de_hsnd
39461ed1-d484-4a5f-8dc0-0b0bc276285d,2026-04-13 00:06:08.000,Authenticator,de_pum
7ed05745-043e-4108-af60-658dd0b1b331,2026-04-12 19:40:24.000,Feed,de_bt
10803230-fc9a-4e27-82f5-6ed52edc2d5d,2026-04-13 00:06:10.000,Calendar Day View,de_aml
ad0ca9fb-7438-4d4a-ac11-9667a23da122,2026-04-13 00:06:12.000,Mail Overview,de_phlb
f18b1df8-5c45-417c-a315-5433d611805c,2026-04-13 00:06:08.000,Studie Modules,de_rt
f18b1df8-5c45-417c-a315-5433d611805c,2026-04-13 00:06:13.000,Generic Links Overview,de_rt
9fc11c5c-e9fb-4e0e-acde-e8d98c9d486e,2026-04-13 00:06:18.000,Feed,de_pum
beff1e6a-3253-42ee-94bb-36fd24045c62,2026-04-13 00:06:14.000,Mail Detail,de_hsko
067cce5a-6cee-4f8b-9004-96dd2102bab3,2026-04-13 00:06:20.000,Studie Modules,de_pum
95b59d00-1074-44cf-ac83-b15b42c513e3,2026-04-13 00:06:17.000,Todo,de_uff
d46ffd67-e578-4f5b-9067-b093abba8d12,2026-04-13 00:06:20.000,Grades Overview,de_thm
d46ffd67-e578-4f5b-9067-b093abba8d12,2026-04-13 00:06:17.000,Grades Permission,de_thm
3fb124fc-aab8-4596-92e4-172351d4cd20,2026-04-13 00:06:13.000,Mail Setup Manual,de_ua
95b59d00-1074-44cf-ac83-b15b42c513e3,2026-04-13 00:06:13.000,Studie Modules,de_uff
91529ab8-1493-4c24-85d6-5144a4cb6de3,2026-04-12 23:05:54.000,External Login Expired,de_hsda
91529ab8-1493-4c24-85d6-5144a4cb6de3,2026-04-12 23:36:40.000,External Login Expired,de_hsda
1f58f9dc-d9f7-48cc-8954-068c8f2c6c7c,2026-04-13 00:06:19.000,Cafeteria Detail,de_phlb
862abe1d-eb17-4dd9-a81d-5efba6bf7268,2026-04-13 00:06:21.000,Feed Profile,de_upb
862abe1d-eb17-4dd9-a81d-5efba6bf7268,2026-04-13 00:06:20.000,Feed Detail,de_upb
ba11f7f8-2425-4cc0-a4b5-4cccf420008b,2026-04-13 00:06:14.000,Study Field Onboarding,de_si
ad0ca9fb-7438-4d4a-ac11-9667a23da122,2026-04-13 00:06:24.000,Mail Detail,de_phlb
15cfe9d6-4f61-4307-bddf-7560433e19c7,2026-04-12 19:09:47.000,Mail Detail,de_ua
15cfe9d6-4f61-4307-bddf-7560433e19c7,2026-04-12 19:09:52.000,Mail Overview,de_ua
15cfe9d6-4f61-4307-bddf-7560433e19c7,2026-04-12 19:09:44.000,Studie Modules,de_ua
15cfe9d6-4f61-4307-bddf-7560433e19c7,2026-04-12 19:09:45.000,Mail Overview,de_ua
9fc11c5c-e9fb-4e0e-acde-e8d98c9d486e,2026-04-13 00:06:28.000,Settings Accounts,de_pum
9fc11c5c-e9fb-4e0e-acde-e8d98c9d486e,2026-04-13 00:06:19.000,Settings Overview,de_pum
067cce5a-6cee-4f8b-9004-96dd2102bab3,2026-04-13 00:06:22.000,Generic Links Overview,de_pum
95b59d00-1074-44cf-ac83-b15b42c513e3,2026-04-13 00:06:21.000,Todo Settings,de_uff
cbbe8030-2303-4b12-a9d1-71fc96cb617b,2026-04-12 19:50:02.000,Mail Detail,de_hsfd
cbbe8030-2303-4b12-a9d1-71fc96cb617b,2026-04-12 19:50:03.000,Mail Overview,de_hsfd
cbbe8030-2303-4b12-a9d1-71fc96cb617b,2026-04-12 19:49:53.000,Mail Overview,de_hsfd
cbbe8030-2303-4b12-a9d1-71fc96cb617b,2026-04-12 19:49:51.000,Mail Detail,de_hsfd
d46ffd67-e578-4f5b-9067-b093abba8d12,2026-04-13 00:06:29.000,Mail Setup Manual,de_thm
cbbe8030-2303-4b12-a9d1-71fc96cb617b,2026-04-12 19:50:01.000,Mail Overview,de_hsfd
cbbe8030-2303-4b12-a9d1-71fc96cb617b,2026-04-12 19:49:44.000,Mail Overview,de_hsfd
cbbe8030-2303-4b12-a9d1-71fc96cb617b,2026-04-12 19:49:58.000,Mail Detail,de_hsfd
d46ffd67-e578-4f5b-9067-b093abba8d12,2026-04-13 00:06:26.000,Studie Modules,de_thm
cbbe8030-2303-4b12-a9d1-71fc96cb617b,2026-04-12 19:50:04.000,Mail Detail,de_hsfd
c74e364c-02b6-40a9-968b-15dd8d6edc73,2026-04-12 16:50:54.000,wallet,de_lg
c74e364c-02b6-40a9-968b-15dd8d6edc73,2026-04-12 16:50:53.000,Studie Modules,de_lg
69a814d8-5bdd-4c35-8a46-78c1ea1bc9f4,2026-04-13 00:06:22.000,Feed,de_pum
18da661f-d5be-4f18-847d-765d69cf5ed0,2026-04-13 00:06:26.000,Studie Modules,de_us
18da661f-d5be-4f18-847d-765d69cf5ed0,2026-04-13 00:06:21.000,Studie Modules,de_us
18da661f-d5be-4f18-847d-765d69cf5ed0,2026-04-13 00:06:22.000,Mail Overview,de_us
18da661f-d5be-4f18-847d-765d69cf5ed0,2026-04-13 00:06:28.000,Mail Overview,de_us
1f58f9dc-d9f7-48cc-8954-068c8f2c6c7c,2026-04-13 00:06:33.000,Feed,de_phlb
8f946855-bb1c-4e6c-8290-a50dd88ab1b8,2026-04-13 00:06:26.000,Studie Modules,de_hshz
8f946855-bb1c-4e6c-8290-a50dd88ab1b8,2026-04-13 00:06:26.000,Generic Links Overview,de_hshz
17ab9f85-226a-43e4-aa47-81547d117fe8,2026-04-12 23:51:39.000,Mail Overview,de_upb
17ab9f85-226a-43e4-aa47-81547d117fe8,2026-04-12 23:51:42.000,Studie Modules,de_upb
ad0ca9fb-7438-4d4a-ac11-9667a23da122,2026-04-13 00:06:34.000,Mail Overview,de_phlb
862abe1d-eb17-4dd9-a81d-5efba6bf7268,2026-04-13 00:06:37.000,Feed,de_upb
2c78a5f2-7d40-4bdf-822d-7edb00d581f4,2026-04-13 00:06:33.000,Mail Detail,de_thm
2c78a5f2-7d40-4bdf-822d-7edb00d581f4,2026-04-13 00:06:30.000,Mail Overview,de_thm
df63bbb0-14c4-43e9-aaee-a7ce01c59562,2026-04-13 00:06:39.000,Schedule Detail,de_hsfd
169513e2-8fbd-49a6-859c-73e1bac2dded,2026-04-12 23:09:42.000,Mail Overview,de_evhb
44c4c096-c710-4cc5-b6ff-48da5ad55fb7,2026-04-13 00:06:35.000,Schedule Detail,de_uff
169513e2-8fbd-49a6-859c-73e1bac2dded,2026-04-12 15:14:39.000,Mail Overview,de_evhb
44c4c096-c710-4cc5-b6ff-48da5ad55fb7,2026-04-13 00:06:33.000,Calendar Week View,de_uff
f332dba9-0569-48d0-aed4-08f087653f9c,2026-04-13 00:06:32.000,Grades Overview,de_thm
169513e2-8fbd-49a6-859c-73e1bac2dded,2026-04-12 09:25:02.000,Mail Detail,de_evhb
169513e2-8fbd-49a6-859c-73e1bac2dded,2026-04-12 23:09:41.000,Studie Modules,de_evhb
169513e2-8fbd-49a6-859c-73e1bac2dded,2026-04-12 09:24:59.000,Mail Overview,de_evhb
169513e2-8fbd-49a6-859c-73e1bac2dded,2026-04-12 15:14:38.000,Studie Modules,de_evhb
95b59d00-1074-44cf-ac83-b15b42c513e3,2026-04-13 00:06:36.000,Studie Modules,de_uff
f6dccfb9-8ec6-4205-b413-1b7e0814e2de,2026-04-13 00:06:35.000,Mail Overview,de_tuda
95b59d00-1074-44cf-ac83-b15b42c513e3,2026-04-13 00:06:37.000,Feed,de_uff
95b59d00-1074-44cf-ac83-b15b42c513e3,2026-04-13 00:06:35.000,Todo,de_uff
1bcb54ad-cdcb-4e07-bd6a-c5477d26d76f,2026-04-13 00:06:42.000,Mail Detail,de_thm
4cd3b579-91a1-4a34-b168-a563b05f201a,2026-04-13 00:06:35.000,Mail Overview,de_ush
c4435e98-98e9-48e6-9e3f-d027efc07b85,2026-04-12 10:04:48.000,Authenticator,de_pum
c4435e98-98e9-48e6-9e3f-d027efc07b85,2026-04-12 10:04:46.000,Studie Modules,de_pum
576b86a4-113f-4ffb-b62a-eea99b9ca5ed,2026-04-13 00:06:38.000,Cafeteria Overview,de_hslu
ad0ca9fb-7438-4d4a-ac11-9667a23da122,2026-04-13 00:06:39.000,Mail Detail,de_phlb
a02e1fea-5e85-4fc5-82c7-3808761229b5,2026-04-12 19:37:39.000,Cafeteria Overview,de_si
a02e1fea-5e85-4fc5-82c7-3808761229b5,2026-04-12 19:37:44.000,Feed,de_si
d83416d9-f501-479e-b467-872cf0ff499e,2026-04-13 00:06:14.000,Study Field Onboarding,de_fhki
dd32e4b6-71a2-4bb4-9dd7-d9b6d5c06ecf,2026-04-13 00:06:46.000,Mail Detail,de_ua
862abe1d-eb17-4dd9-a81d-5efba6bf7268,2026-04-13 00:06:40.000,Feed Profile,de_upb
dd32e4b6-71a2-4bb4-9dd7-d9b6d5c06ecf,2026-04-13 00:06:45.000,Mail Overview,de_ua
dd32e4b6-71a2-4bb4-9dd7-d9b6d5c06ecf,2026-04-13 00:06:45.000,Studie Modules,de_ua
862abe1d-eb17-4dd9-a81d-5efba6bf7268,2026-04-13 00:06:45.000,Feed,de_upb
862abe1d-eb17-4dd9-a81d-5efba6bf7268,2026-04-13 00:06:46.000,Feed Profile,de_upb
df63bbb0-14c4-43e9-aaee-a7ce01c59562,2026-04-13 00:06:49.000,Calendar Day View,de_hsfd
95b59d00-1074-44cf-ac83-b15b42c513e3,2026-04-13 00:06:46.000,Generic Links Overview,de_uff
95b59d00-1074-44cf-ac83-b15b42c513e3,2026-04-13 00:06:45.000,Studie Modules,de_uff
4cd3b579-91a1-4a34-b168-a563b05f201a,2026-04-13 00:06:49.000,Feed,de_ush
a39bc6d1-099f-4727-94c9-2a66efbd9a8b,2026-04-12 16:54:15.000,Grades Overview,de_thm
a39bc6d1-099f-4727-94c9-2a66efbd9a8b,2026-04-12 16:54:14.000,Studie Modules,de_thm
a39bc6d1-099f-4727-94c9-2a66efbd9a8b,2026-04-12 16:22:52.000,Mail Overview,de_thm
a1ef1660-a171-44e7-af37-cdaf8a4f20b3,2026-04-12 18:18:53.000,Feed,de_hsm
316fc9a8-4107-4d33-87a9-ec6c9de2e89f,2026-04-06 08:55:36.000,Studie Modules,de_tuda
316fc9a8-4107-4d33-87a9-ec6c9de2e89f,2026-04-13 00:06:48.000,Studie Modules,de_tuda
a1ef1660-a171-44e7-af37-cdaf8a4f20b3,2026-04-13 00:06:44.000,Studie Modules,de_hsm
a1ef1660-a171-44e7-af37-cdaf8a4f20b3,2026-04-13 00:06:47.000,Mail Overview,de_hsm
a1ef1660-a171-44e7-af37-cdaf8a4f20b3,2026-04-13 00:06:46.000,Feed,de_hsm
a1ef1660-a171-44e7-af37-cdaf8a4f20b3,2026-04-13 00:06:50.000,Mail Detail,de_hsm
316fc9a8-4107-4d33-87a9-ec6c9de2e89f,2026-04-13 00:06:50.000,Campus,de_tuda
067cce5a-6cee-4f8b-9004-96dd2102bab3,2026-04-13 00:06:56.000,Studie Modules,de_pum
7ab7389d-8b20-4a11-b359-23c72dc2314a,2026-04-12 23:06:23.000,Study Field Onboarding,de_hszg
7ab7389d-8b20-4a11-b359-23c72dc2314a,2026-04-13 00:06:47.000,Study Field Onboarding,de_hszg
df63bbb0-14c4-43e9-aaee-a7ce01c59562,2026-04-13 00:06:51.000,Studie Modules,de_hsfd
df63bbb0-14c4-43e9-aaee-a7ce01c59562,2026-04-13 00:06:57.000,Calendar Day View,de_hsfd
af107268-ec12-47c4-aa34-ff14fe7d9223,2026-04-13 00:06:59.000,Mail Detail,de_ovgu
862abe1d-eb17-4dd9-a81d-5efba6bf7268,2026-04-13 00:06:57.000,Feed Profile,de_upb
df63bbb0-14c4-43e9-aaee-a7ce01c59562,2026-04-13 00:06:52.000,Grades Overview,de_hsfd
df63bbb0-14c4-43e9-aaee-a7ce01c59562,2026-04-13 00:06:55.000,Studie Modules,de_hsfd
10803230-fc9a-4e27-82f5-6ed52edc2d5d,2026-04-13 00:06:59.000,Schedule Create,de_aml
862abe1d-eb17-4dd9-a81d-5efba6bf7268,2026-04-13 00:06:54.000,Feed,de_upb
df63bbb0-14c4-43e9-aaee-a7ce01c59562,2026-04-13 00:06:58.000,Studie Modules,de_hsfd
2c78a5f2-7d40-4bdf-822d-7edb00d581f4,2026-04-13 00:06:59.000,Mail Overview,de_thm
1bcb54ad-cdcb-4e07-bd6a-c5477d26d76f,2026-04-13 00:07:00.000,Mail Overview,de_thm
4cd3b579-91a1-4a34-b168-a563b05f201a,2026-04-13 00:07:01.000,Mail Overview,de_ush
c9125160-8a4a-4873-bc07-8af9eee2aa81,2026-04-12 23:55:16.000,Mail Overview,de_pum
74fd6955-b562-48a8-8a10-bbe9a0194620,2026-04-12 21:19:42.000,Feed,de_ks
067cce5a-6cee-4f8b-9004-96dd2102bab3,2026-04-13 00:06:58.000,Generic Links Overview,de_pum
9d0f694b-8a58-4b61-8826-a55ca1eca97a,2026-04-13 00:07:07.000,Mail Overview,de_hsmz
e35d47c6-baca-404f-b255-d835f46abfeb,2026-04-13 00:06:56.000,Grades Overview,de_thm
e35d47c6-baca-404f-b255-d835f46abfeb,2026-04-13 00:07:07.000,Mail Overview,de_thm
9d0f694b-8a58-4b61-8826-a55ca1eca97a,2026-04-13 00:07:05.000,Studie Modules,de_hsmz
e35d47c6-baca-404f-b255-d835f46abfeb,2026-04-13 00:07:06.000,Feed,de_thm
9d0f694b-8a58-4b61-8826-a55ca1eca97a,2026-04-13 00:06:59.000,wallet,de_hsmz
9d0f694b-8a58-4b61-8826-a55ca1eca97a,2026-04-13 00:07:01.000,Feed,de_hsmz
316fc9a8-4107-4d33-87a9-ec6c9de2e89f,2026-04-13 00:07:06.000,Campus Detail,de_tuda
e35d47c6-baca-404f-b255-d835f46abfeb,2026-04-12 20:53:54.000,Mail Overview,de_thm
6cafbf8f-3697-48bf-808f-f070df5deb83,2026-04-12 23:44:52.000,Mail Detail,de_hsko
6cafbf8f-3697-48bf-808f-f070df5deb83,2026-04-12 23:44:49.000,Mail Overview,de_hsko
862abe1d-eb17-4dd9-a81d-5efba6bf7268,2026-04-13 00:07:00.000,Feed,de_upb
df63bbb0-14c4-43e9-aaee-a7ce01c59562,2026-04-13 00:07:00.000,Generic Links Overview,de_hsfd
2c78a5f2-7d40-4bdf-822d-7edb00d581f4,2026-04-13 00:07:00.000,Mail Detail,de_thm
df63bbb0-14c4-43e9-aaee-a7ce01c59562,2026-04-13 00:07:01.000,Studie Modules,de_hsfd
df63bbb0-14c4-43e9-aaee-a7ce01c59562,2026-04-13 00:07:05.000,Freshman Overview,de_hsfd
be63ef85-ee84-46fe-a39e-0d7f44cb883d,2026-04-13 00:07:02.000,Generic Links Overview,de_hfwu
be63ef85-ee84-46fe-a39e-0d7f44cb883d,2026-04-13 00:07:01.000,Studie Modules,de_hfwu
d04ff676-eb39-4841-bb82-861e4f1059a6,2026-04-13 00:07:08.000,Mail Overview,de_pum
10803230-fc9a-4e27-82f5-6ed52edc2d5d,2026-04-13 00:07:13.000,Schedule Color Chooser,de_aml
023af598-01dd-47bd-9d7d-dcf8dd964643,2026-04-12 21:45:10.000,Grades Overview,de_ehl
caf942d8-7818-414f-9f71-b42827f6e324,2026-04-12 22:32:16.000,Mail Overview,de_ovgu
7b310cd5-33a9-449d-bb5c-0ba180f2ce79,2026-04-13 00:07:09.000,Mail Detail,de_hsko
7b310cd5-33a9-449d-bb5c-0ba180f2ce79,2026-04-13 00:07:15.000,Mail Detail,de_hsko
7b310cd5-33a9-449d-bb5c-0ba180f2ce79,2026-04-13 00:07:08.000,Mail Overview,de_hsko
7b310cd5-33a9-449d-bb5c-0ba180f2ce79,2026-04-13 00:07:14.000,Mail Overview,de_hsko
84d44987-bbbe-4dff-9c4d-2f7ca90ad3e0,2026-04-13 00:07:07.000,Cafeteria Overview,de_tuda
0dca3093-ce4b-4ce9-9192-66c4bd961436,2026-04-13 00:07:12.000,Feed,de_si
0dca3093-ce4b-4ce9-9192-66c4bd961436,2026-04-13 00:07:14.000,Studie Modules,de_si
0dca3093-ce4b-4ce9-9192-66c4bd961436,2026-04-13 00:07:16.000,Generic Links Overview,de_si
9d0f694b-8a58-4b61-8826-a55ca1eca97a,2026-04-13 00:07:18.000,Studie Modules,de_hsmz
e6193807-c5ed-46dc-958a-a4bf36988441,2026-04-13 00:07:12.000,Mail Overview,de_pum
e6193807-c5ed-46dc-958a-a4bf36988441,2026-04-13 00:07:10.000,Mail Detail,de_pum
2f3a0ff5-638f-43b1-b7d1-90bc890c41d1,2026-04-13 00:07:09.000,Mail Overview,de_hm
44c4c096-c710-4cc5-b6ff-48da5ad55fb7,2026-04-13 00:07:17.000,Calendar Week View,de_uff
9fc11c5c-e9fb-4e0e-acde-e8d98c9d486e,2026-04-13 00:07:12.000,Studie Modules,de_pum
6ce3e82f-4e05-4434-9715-ff6019b8d8c2,2026-04-12 23:41:08.000,Feed,de_upb
44c4c096-c710-4cc5-b6ff-48da5ad55fb7,2026-04-13 00:07:19.000,Calendar Week View,de_uff
9fc11c5c-e9fb-4e0e-acde-e8d98c9d486e,2026-04-13 00:07:18.000,Studie Modules,de_pum
6ce3e82f-4e05-4434-9715-ff6019b8d8c2,2026-04-12 23:41:09.000,Mail Overview,de_upb
9fc11c5c-e9fb-4e0e-acde-e8d98c9d486e,2026-04-13 00:07:15.000,Generic Links Overview,de_pum
9fc11c5c-e9fb-4e0e-acde-e8d98c9d486e,2026-04-13 00:07:10.000,Settings Overview,de_pum
9fc11c5c-e9fb-4e0e-acde-e8d98c9d486e,2026-04-13 00:07:19.000,Settings Overview,de_pum
6ce3e82f-4e05-4434-9715-ff6019b8d8c2,2026-04-12 23:41:07.000,wallet,de_upb
44c4c096-c710-4cc5-b6ff-48da5ad55fb7,2026-04-13 00:07:18.000,Schedule Detail,de_uff
df63bbb0-14c4-43e9-aaee-a7ce01c59562,2026-04-13 00:07:17.000,Studie Modules,de_hsfd
df63bbb0-14c4-43e9-aaee-a7ce01c59562,2026-04-13 00:07:19.000,Generic Links Overview,de_hsfd
1c22c16a-c5f3-4f97-a194-ac039dffb631,2026-04-12 12:07:09.000,Feed,de_pum
f19e3ad8-98a9-49a7-bb75-24d503fb6fa3,2026-04-13 00:07:18.000,Generic Links Overview,de_jlug
f19e3ad8-98a9-49a7-bb75-24d503fb6fa3,2026-04-13 00:07:12.000,Studie Modules,de_jlug
f19e3ad8-98a9-49a7-bb75-24d503fb6fa3,2026-04-13 00:07:16.000,Links,de_jlug
f19e3ad8-98a9-49a7-bb75-24d503fb6fa3,2026-04-13 00:07:17.000,Studie Modules,de_jlug
f19e3ad8-98a9-49a7-bb75-24d503fb6fa3,2026-04-13 00:07:13.000,Generic Links Overview,de_jlug
f19e3ad8-98a9-49a7-bb75-24d503fb6fa3,2026-04-13 00:07:15.000,Studie Modules,de_jlug
4cd3b579-91a1-4a34-b168-a563b05f201a,2026-04-13 00:07:19.000,Mail Detail,de_ush
10803230-fc9a-4e27-82f5-6ed52edc2d5d,2026-04-13 00:07:16.000,Schedule Create,de_aml
10803230-fc9a-4e27-82f5-6ed52edc2d5d,2026-04-13 00:07:14.000,Schedule Create,de_aml
10803230-fc9a-4e27-82f5-6ed52edc2d5d,2026-04-13 00:07:18.000,Calendar Day View,de_aml
10803230-fc9a-4e27-82f5-6ed52edc2d5d,2026-04-13 00:07:14.000,Schedule Type Chooser,de_aml
d04ff676-eb39-4841-bb82-861e4f1059a6,2026-04-13 00:07:18.000,Mail Detail,de_pum
9d0f694b-8a58-4b61-8826-a55ca1eca97a,2026-04-13 00:07:20.000,Generic Links Overview,de_hsmz
2f3a0ff5-638f-43b1-b7d1-90bc890c41d1,2026-04-13 00:07:24.000,Feed,de_hm
2f3a0ff5-638f-43b1-b7d1-90bc890c41d1,2026-04-13 00:07:26.000,Mail Login,de_hm
21dc4f97-7b62-4bcd-8105-c32dbf1dbd00,2026-04-12 17:12:23.000,Studie Modules,de_hfwu
21dc4f97-7b62-4bcd-8105-c32dbf1dbd00,2026-04-08 09:54:54.000,Cafeteria Detail,de_hfwu
21dc4f97-7b62-4bcd-8105-c32dbf1dbd00,2026-04-08 09:54:55.000,Cafeteria Overview,de_hfwu
21dc4f97-7b62-4bcd-8105-c32dbf1dbd00,2026-04-12 17:12:25.000,Cafeteria Overview,de_hfwu
4019965d-1cf5-485a-a8f2-8941d9939c84,2026-04-13 00:07:21.000,Studie Modules,de_hsda
9fc11c5c-e9fb-4e0e-acde-e8d98c9d486e,2026-04-13 00:07:23.000,Settings Accounts,de_pum
21dc4f97-7b62-4bcd-8105-c32dbf1dbd00,2026-04-12 17:12:27.000,Cafeteria Overview,de_hfwu
4019965d-1cf5-485a-a8f2-8941d9939c84,2026-04-13 00:07:25.000,Mail Detail,de_hsda
4019965d-1cf5-485a-a8f2-8941d9939c84,2026-04-13 00:07:23.000,Mail Overview,de_hsda
21dc4f97-7b62-4bcd-8105-c32dbf1dbd00,2026-04-12 17:12:26.000,Cafeteria Detail,de_hfwu
067cce5a-6cee-4f8b-9004-96dd2102bab3,2026-04-13 00:07:30.000,Studie Modules,de_pum
b2808241-2984-433d-83a7-26d8ce9feb58,2026-04-13 00:07:30.000,Campus Detail,de_tuda
82ef9b16-e3f5-466c-bf12-5acffb91b670,2026-04-12 19:05:19.000,wallet,de_lg
b546075a-9fa1-44de-8a0a-916c9595fe78,2026-04-12 10:48:18.000,Feed,de_thm
b546075a-9fa1-44de-8a0a-916c9595fe78,2026-04-12 20:07:26.000,Mail Overview,de_thm
b546075a-9fa1-44de-8a0a-916c9595fe78,2026-04-12 20:07:25.000,Feed,de_thm
10803230-fc9a-4e27-82f5-6ed52edc2d5d,2026-04-13 00:07:31.000,Schedule Create,de_aml
7a8b9341-33f7-467d-8e8c-6704219e1d6e,2026-04-12 20:58:46.000,Feed,de_hsu
7a8b9341-33f7-467d-8e8c-6704219e1d6e,2026-04-12 20:58:39.000,Mail Overview,de_hsu
9c952b75-4e20-43ca-9934-999bebf04ef6,2026-04-12 21:50:46.000,Studie Modules,de_ush
954acb21-6e89-4071-a4ad-4144c0e5c6e4,2026-04-13 00:07:26.000,Studie Modules,de_phw
954acb21-6e89-4071-a4ad-4144c0e5c6e4,2026-04-13 00:07:28.000,Mail Detail,de_phw
954acb21-6e89-4071-a4ad-4144c0e5c6e4,2026-04-13 00:07:27.000,Mail Overview,de_phw
9c952b75-4e20-43ca-9934-999bebf04ef6,2026-04-12 21:50:48.000,Mail Overview,de_ush
73bc7ece-8cf1-4fb9-bdf6-ca8805e2b0de,2026-04-12 14:14:16.000,Mail Overview,de_jlug
73bc7ece-8cf1-4fb9-bdf6-ca8805e2b0de,2026-04-12 14:14:56.000,Mail Overview,de_jlug
4bc9ffa3-a27f-4d86-a629-c08d7ae6609b,2026-04-13 00:07:31.000,Calendar List View,de_upb
4bc9ffa3-a27f-4d86-a629-c08d7ae6609b,2026-04-13 00:07:37.000,Calendar Week View,de_upb
4bc9ffa3-a27f-4d86-a629-c08d7ae6609b,2026-04-13 00:07:37.000,Calendar Month View,de_upb
6a08acd5-b696-43dc-b547-dc4de63482b7,2026-04-13 00:07:30.000,Career Main,de_hsfd
6a08acd5-b696-43dc-b547-dc4de63482b7,2026-04-13 00:07:29.000,Studie Modules,de_hsfd
01e5b462-2d35-442d-9c53-5a74dbdab2b8,2026-04-12 23:29:34.000,Calendar Week View,de_hslu
1b657e16-fc82-48e6-85f5-e197d7cf87f1,2026-04-13 00:07:28.000,Study Field Onboarding,de_fhms
6a08acd5-b696-43dc-b547-dc4de63482b7,2026-04-13 00:07:33.000,Studie Modules,de_hsfd
9fc11c5c-e9fb-4e0e-acde-e8d98c9d486e,2026-04-13 00:07:32.000,Uninow Account Login,de_pum
d0b4e51a-c476-45c7-aefa-7e6f2ea8a834,2026-04-12 19:21:51.000,Feed,de_jmu
4019965d-1cf5-485a-a8f2-8941d9939c84,2026-04-13 00:07:37.000,Mail Detail,de_hsda
4019965d-1cf5-485a-a8f2-8941d9939c84,2026-04-13 00:07:34.000,Mail Overview,de_hsda
067cce5a-6cee-4f8b-9004-96dd2102bab3,2026-04-13 00:07:32.000,Generic Links Overview,de_pum
a47e7077-e7d3-42dd-98dc-41b40bee4304,2026-04-12 18:34:38.000,Studie Modules,de_ehl
a47e7077-e7d3-42dd-98dc-41b40bee4304,2026-04-12 18:34:37.000,Mail Overview,de_ehl
a47e7077-e7d3-42dd-98dc-41b40bee4304,2026-04-12 18:34:36.000,Studie Modules,de_ehl
10803230-fc9a-4e27-82f5-6ed52edc2d5d,2026-04-13 00:07:44.000,Schedule Type Chooser,de_aml
33a86233-79ea-46c2-807a-f0703ebb1cd5,2026-04-13 00:07:35.000,Cafeteria Overview,de_ul
33a86233-79ea-46c2-807a-f0703ebb1cd5,2026-04-13 00:07:36.000,Cafeteria Detail,de_ul
33a86233-79ea-46c2-807a-f0703ebb1cd5,2026-04-13 00:07:34.000,Studie Modules,de_ul
714dad1b-c0c1-484f-a656-9b155acef6b0,2026-04-13 00:07:38.000,Mail Overview,de_pum
954acb21-6e89-4071-a4ad-4144c0e5c6e4,2026-04-13 00:07:46.000,Mail Detail,de_phw
3fb124fc-aab8-4596-92e4-172351d4cd20,2026-04-13 00:07:37.000,Mail FolderSelection,de_ua
44c4c096-c710-4cc5-b6ff-48da5ad55fb7,2026-04-13 00:07:23.000,Calendar Week View,de_uff
954acb21-6e89-4071-a4ad-4144c0e5c6e4,2026-04-13 00:07:44.000,Mail Overview,de_phw
44c4c096-c710-4cc5-b6ff-48da5ad55fb7,2026-04-13 00:07:21.000,Schedule Detail,de_uff
280f62e8-e892-4a04-864f-f4ca9ccfd8ce,2026-04-12 18:15:56.000,Feed Detail,de_thbi
280f62e8-e892-4a04-864f-f4ca9ccfd8ce,2026-04-12 18:15:58.000,Studie Modules,de_thbi
280f62e8-e892-4a04-864f-f4ca9ccfd8ce,2026-04-12 18:15:59.000,Mail Overview,de_thbi
280f62e8-e892-4a04-864f-f4ca9ccfd8ce,2026-04-12 18:15:58.000,Feed,de_thbi
6a08acd5-b696-43dc-b547-dc4de63482b7,2026-04-13 00:07:39.000,Calendar Week View,de_hsfd
ad0ca9fb-7438-4d4a-ac11-9667a23da122,2026-04-13 00:07:48.000,Mail Overview,de_phlb
4019965d-1cf5-485a-a8f2-8941d9939c84,2026-04-13 00:07:43.000,Mail Overview,de_hsda
3c2a334a-cb7a-4d5b-85cc-1766a6df26b5,2026-04-13 00:07:38.000,Mail Overview,de_hsm
4019965d-1cf5-485a-a8f2-8941d9939c84,2026-04-13 00:07:46.000,Mail Detail,de_hsda
3c2a334a-cb7a-4d5b-85cc-1766a6df26b5,2026-04-13 00:07:42.000,Mail Detail,de_hsm
9fc11c5c-e9fb-4e0e-acde-e8d98c9d486e,2026-04-13 00:07:46.000,Settings Accounts,de_pum
4019965d-1cf5-485a-a8f2-8941d9939c84,2026-04-13 00:07:48.000,Mail Overview,de_hsda
3c2a334a-cb7a-4d5b-85cc-1766a6df26b5,2026-04-13 00:07:43.000,Mail Overview,de_hsm
fdb9882a-4dbf-4b52-b66b-109473f31064,2026-04-13 00:07:45.000,Grades Overview,de_hsda
10803230-fc9a-4e27-82f5-6ed52edc2d5d,2026-04-13 00:07:48.000,Schedule Create,de_aml
10803230-fc9a-4e27-82f5-6ed52edc2d5d,2026-04-13 00:07:47.000,Schedule Color Chooser,de_aml
10803230-fc9a-4e27-82f5-6ed52edc2d5d,2026-04-13 00:07:49.000,Calendar Day View,de_aml
9d0f694b-8a58-4b61-8826-a55ca1eca97a,2026-04-13 00:07:54.000,Studie Modules,de_hsmz
689de096-dad3-47c8-bef3-3a22944f96b2,2026-04-12 23:37:46.000,Feed,de_hsco
10803230-fc9a-4e27-82f5-6ed52edc2d5d,2026-04-13 00:07:46.000,Schedule Create,de_aml
44c4c096-c710-4cc5-b6ff-48da5ad55fb7,2026-04-13 00:07:53.000,Schedule Detail,de_uff
714dad1b-c0c1-484f-a656-9b155acef6b0,2026-04-13 00:07:49.000,Mail Detail,de_pum
44c4c096-c710-4cc5-b6ff-48da5ad55fb7,2026-04-13 00:07:50.000,Schedule Detail,de_uff
44c4c096-c710-4cc5-b6ff-48da5ad55fb7,2026-04-13 00:07:52.000,Calendar Week View,de_uff
57561778-baab-4aaa-bbfc-ff709f9b4e08,2026-04-12 10:01:03.000,Studie Modules,de_hsfd
3fb124fc-aab8-4596-92e4-172351d4cd20,2026-04-13 00:07:54.000,Mail Overview,de_ua
3fb124fc-aab8-4596-92e4-172351d4cd20,2026-04-13 00:07:49.000,Mail Permission,de_ua
13491757-7731-4779-bb1d-34747336669e,2026-04-12 23:15:02.000,Mail Overview,de_hsab
af659daf-2f81-418a-9f27-da762340b08a,2026-04-13 00:07:51.000,Studie Modules,de_tuda
af659daf-2f81-418a-9f27-da762340b08a,2026-04-13 00:07:53.000,Authenticator,de_tuda
ea97f967-7517-43fe-83ee-91ec0fda932d,2026-04-12 08:39:18.000,Feed,de_hsco
ea97f967-7517-43fe-83ee-91ec0fda932d,2026-04-12 08:39:16.000,Feed Detail,de_hsco
ad0ca9fb-7438-4d4a-ac11-9667a23da122,2026-04-13 00:07:51.000,Mail Detail,de_phlb
4019965d-1cf5-485a-a8f2-8941d9939c84,2026-04-13 00:07:51.000,Mail Detail,de_hsda
4bc9ffa3-a27f-4d86-a629-c08d7ae6609b,2026-04-13 00:07:59.000,Schedule Detail,de_upb
b2808241-2984-433d-83a7-26d8ce9feb58,2026-04-13 00:07:55.000,Studie Modules,de_tuda
4019965d-1cf5-485a-a8f2-8941d9939c84,2026-04-13 00:07:54.000,Mail Overview,de_hsda
5b2b8952-8aca-4d29-9200-c5769160b2f7,2026-04-13 00:07:52.000,Calendar Day View,de_hgo
9fc11c5c-e9fb-4e0e-acde-e8d98c9d486e,2026-04-13 00:07:53.000,Settings Overview,de_pum
4019965d-1cf5-485a-a8f2-8941d9939c84,2026-04-13 00:07:57.000,Mail Detail,de_hsda
b2808241-2984-433d-83a7-26d8ce9feb58,2026-04-13 00:07:56.000,Campus,de_tuda
31bd6cf1-0e7d-47bf-8c01-9583137a6f5d,2026-04-12 14:46:46.000,Global Ory Login,de_hszg
36c9dbdd-6ef0-4776-877c-d0009319621c,2026-04-13 00:07:52.000,Career Main,de_upb
a6c73dd2-b21f-4a14-892a-68c08052c1c6,2026-04-13 00:07:50.000,External Login Expired,de_tuda
31bd6cf1-0e7d-47bf-8c01-9583137a6f5d,2026-04-12 20:33:35.000,Global Ory Login,de_hszg
31bd6cf1-0e7d-47bf-8c01-9583137a6f5d,2026-04-12 14:39:11.000,Global Ory Login,de_hszg
36c9dbdd-6ef0-4776-877c-d0009319621c,2026-04-13 00:07:52.000,Studie Modules,de_upb
36c9dbdd-6ef0-4776-877c-d0009319621c,2026-04-13 00:07:54.000,Links,de_upb
31bd6cf1-0e7d-47bf-8c01-9583137a6f5d,2026-04-12 10:32:26.000,Global Ory Login,de_hszg
92949fd0-ba6b-4802-a9b8-306aff9cfb01,2026-04-12 09:33:50.000,Studie Modules,de_lg
037ce78c-724f-4d3a-8700-39bde3241ae5,2026-04-13 00:07:58.000,Mail Overview,de_hmb
037ce78c-724f-4d3a-8700-39bde3241ae5,2026-04-13 00:07:57.000,Studie Modules,de_hmb
037ce78c-724f-4d3a-8700-39bde3241ae5,2026-04-13 00:08:02.000,Mail Detail,de_hmb
92949fd0-ba6b-4802-a9b8-306aff9cfb01,2026-04-12 09:33:51.000,Mail Overview,de_lg
42a120f8-9f53-48d6-a72c-930e89f89da3,2026-04-12 23:17:48.000,Feed,de_hsmz
42a120f8-9f53-48d6-a72c-930e89f89da3,2026-04-12 23:17:47.000,Mail Overview,de_hsmz
d1306e2a-c67c-4648-93d1-a1efef6ddf76,2026-04-13 00:08:05.000,Studie Modules,de_pum
9d0f694b-8a58-4b61-8826-a55ca1eca97a,2026-04-13 00:07:55.000,Generic Links Overview,de_hsmz
714dad1b-c0c1-484f-a656-9b155acef6b0,2026-04-13 00:08:05.000,Mail Overview,de_pum
3fb124fc-aab8-4596-92e4-172351d4cd20,2026-04-13 00:08:01.000,Mail Detail,de_ua
3fb124fc-aab8-4596-92e4-172351d4cd20,2026-04-13 00:08:04.000,Mail Overview,de_ua
09ba6202-2eab-4fff-8474-09d258371f2e,2026-04-12 10:07:36.000,Mail Overview,de_pum
3fb124fc-aab8-4596-92e4-172351d4cd20,2026-04-13 00:08:05.000,Mail Detail,de_ua
44c4c096-c710-4cc5-b6ff-48da5ad55fb7,2026-04-13 00:08:06.000,Schedule Detail,de_uff
44c4c096-c710-4cc5-b6ff-48da5ad55fb7,2026-04-13 00:08:05.000,Calendar Week View,de_uff
44c4c096-c710-4cc5-b6ff-48da5ad55fb7,2026-04-13 00:08:03.000,Schedule Detail,de_uff
44c4c096-c710-4cc5-b6ff-48da5ad55fb7,2026-04-13 00:07:58.000,Calendar Week View,de_uff
6fb0e62a-102b-465e-9913-1beecb7af992,2026-04-12 18:16:23.000,Feed,de_hmb
6fb0e62a-102b-465e-9913-1beecb7af992,2026-04-12 18:16:21.000,Settings Loading,de_hmb
1638a589-e1fd-495e-a17d-9b656d94ef64,2026-04-13 00:08:02.000,Calendar Day View,de_upb
b2808241-2984-433d-83a7-26d8ce9feb58,2026-04-13 00:08:04.000,Campus Detail,de_tuda
4019965d-1cf5-485a-a8f2-8941d9939c84,2026-04-13 00:08:07.000,Mail Overview,de_hsda
9fc11c5c-e9fb-4e0e-acde-e8d98c9d486e,2026-04-13 00:08:05.000,Settings Overview,de_pum
4019965d-1cf5-485a-a8f2-8941d9939c84,2026-04-13 00:08:09.000,Mail Detail,de_hsda
4019965d-1cf5-485a-a8f2-8941d9939c84,2026-04-13 00:08:03.000,Mail Overview,de_hsda
4019965d-1cf5-485a-a8f2-8941d9939c84,2026-04-13 00:08:05.000,Mail Overview,de_hsda
9fc11c5c-e9fb-4e0e-acde-e8d98c9d486e,2026-04-13 00:08:05.000,Career Main,de_pum
9fc11c5c-e9fb-4e0e-acde-e8d98c9d486e,2026-04-13 00:08:02.000,Studie Modules,de_pum
4019965d-1cf5-485a-a8f2-8941d9939c84,2026-04-13 00:08:04.000,Mail Detail,de_hsda
4019965d-1cf5-485a-a8f2-8941d9939c84,2026-04-13 00:08:06.000,Mail Detail,de_hsda
9fc11c5c-e9fb-4e0e-acde-e8d98c9d486e,2026-04-13 00:08:02.000,Feed,de_pum
2e43160d-bdd7-4c2e-b6e6-f6458e600812,2026-04-13 00:07:59.000,Studie Modules,de_hslu
e90204dc-3372-4e00-8886-780cfacb0e6b,2026-04-12 21:28:51.000,Studie Modules,de_dhbws
e90204dc-3372-4e00-8886-780cfacb0e6b,2026-04-12 21:28:49.000,Feed,de_dhbws
e90204dc-3372-4e00-8886-780cfacb0e6b,2026-04-12 21:28:52.000,Mail Overview,de_dhbws
e90204dc-3372-4e00-8886-780cfacb0e6b,2026-04-12 21:28:50.000,Career Main,de_dhbws
e90204dc-3372-4e00-8886-780cfacb0e6b,2026-04-12 21:28:48.000,Feed Detail,de_dhbws
c50f4942-cb8d-4732-879c-4d324fe19360,2026-04-13 00:08:05.000,Mail Overview,de_hm
d1306e2a-c67c-4648-93d1-a1efef6ddf76,2026-04-13 00:08:15.000,Calendar Day View,de_pum
d1306e2a-c67c-4648-93d1-a1efef6ddf76,2026-04-13 00:08:14.000,Feed,de_pum
c50f4942-cb8d-4732-879c-4d324fe19360,2026-04-13 00:08:06.000,Mail Detail,de_hm
d1306e2a-c67c-4648-93d1-a1efef6ddf76,2026-04-13 00:08:11.000,Settings Overview,de_pum
c50f4942-cb8d-4732-879c-4d324fe19360,2026-04-13 00:08:04.000,Studie Modules,de_hm
d1306e2a-c67c-4648-93d1-a1efef6ddf76,2026-04-13 00:08:13.000,Studie Modules,de_pum
469ad2d6-8fed-41ec-8901-576310754a65,2026-04-12 08:36:48.000,Studie Modules,de_hsmz
469ad2d6-8fed-41ec-8901-576310754a65,2026-04-12 08:36:54.000,Mail Overview,de_hsmz
469ad2d6-8fed-41ec-8901-576310754a65,2026-04-12 08:36:50.000,Mail Overview,de_hsmz
969138f8-c970-4eb2-85cd-53e0dcb4b737,2026-04-13 00:08:15.000,Mail Overview,de_ush
469ad2d6-8fed-41ec-8901-576310754a65,2026-04-12 08:37:00.000,Studie Modules,de_hsmz
bf57c0a1-edd9-49c6-be88-964f480f0c16,2026-04-12 22:21:05.000,Studie Modules,de_pum
3fb124fc-aab8-4596-92e4-172351d4cd20,2026-04-13 00:08:16.000,Mail Overview,de_ua
469ad2d6-8fed-41ec-8901-576310754a65,2026-04-12 08:36:52.000,Mail Detail,de_hsmz
469ad2d6-8fed-41ec-8901-576310754a65,2026-04-12 08:37:02.000,Feed,de_hsmz
469ad2d6-8fed-41ec-8901-576310754a65,2026-04-12 08:36:56.000,Mail Detail,de_hsmz
bf57c0a1-edd9-49c6-be88-964f480f0c16,2026-04-12 22:21:06.000,Mail Overview,de_pum
969138f8-c970-4eb2-85cd-53e0dcb4b737,2026-04-13 00:08:13.000,Studie Modules,de_ush
e06643f9-906a-4485-83a2-1cc86d3a4b0a,2026-04-13 00:08:06.000,Schedule Overview,de_hba
469ad2d6-8fed-41ec-8901-576310754a65,2026-04-12 08:36:59.000,Mail Overview,de_hsmz
44c4c096-c710-4cc5-b6ff-48da5ad55fb7,2026-04-13 00:08:13.000,Calendar Week View,de_uff
44c4c096-c710-4cc5-b6ff-48da5ad55fb7,2026-04-13 00:08:07.000,Calendar Week View,de_uff
44c4c096-c710-4cc5-b6ff-48da5ad55fb7,2026-04-13 00:08:16.000,Calendar Week View,de_uff
44c4c096-c710-4cc5-b6ff-48da5ad55fb7,2026-04-13 00:08:17.000,Schedule Detail,de_uff
44c4c096-c710-4cc5-b6ff-48da5ad55fb7,2026-04-13 00:08:09.000,Schedule Detail,de_uff
469ad2d6-8fed-41ec-8901-576310754a65,2026-04-12 22:03:22.000,Mail Overview,de_hsmz
44c4c096-c710-4cc5-b6ff-48da5ad55fb7,2026-04-13 00:08:08.000,Schedule Detail,de_uff
44c4c096-c710-4cc5-b6ff-48da5ad55fb7,2026-04-13 00:08:09.000,Calendar Week View,de_uff
44c4c096-c710-4cc5-b6ff-48da5ad55fb7,2026-04-13 00:08:14.000,Schedule Detail,de_uff
44c4c096-c710-4cc5-b6ff-48da5ad55fb7,2026-04-13 00:08:13.000,Schedule Detail,de_uff
44c4c096-c710-4cc5-b6ff-48da5ad55fb7,2026-04-13 00:08:14.000,Calendar Week View,de_uff
469ad2d6-8fed-41ec-8901-576310754a65,2026-04-12 22:03:21.000,Studie Modules,de_hsmz
469ad2d6-8fed-41ec-8901-576310754a65,2026-04-12 22:03:59.000,Mail Detail,de_hsmz
469ad2d6-8fed-41ec-8901-576310754a65,2026-04-12 22:57:50.000,Mail Overview,de_hsmz
469ad2d6-8fed-41ec-8901-576310754a65,2026-04-12 23:28:20.000,Mail Detail,de_hsmz
469ad2d6-8fed-41ec-8901-576310754a65,2026-04-12 22:03:36.000,Mail Overview,de_hsmz
469ad2d6-8fed-41ec-8901-576310754a65,2026-04-12 22:03:28.000,Mail Detail,de_hsmz
469ad2d6-8fed-41ec-8901-576310754a65,2026-04-12 22:03:39.000,Mail Detail,de_hsmz
469ad2d6-8fed-41ec-8901-576310754a65,2026-04-12 22:03:44.000,Mail Overview,de_hsmz
458e01e5-e779-4720-abdb-071de48c864b,2026-04-12 19:32:08.000,Mail Overview,de_hsko
ad0ca9fb-7438-4d4a-ac11-9667a23da122,2026-04-13 00:08:20.000,Mail Overview,de_phlb
4019965d-1cf5-485a-a8f2-8941d9939c84,2026-04-13 00:08:16.000,Studie Modules,de_hsda
cc6dd3a7-9454-4e0c-b51e-7422623ec9ec,2026-04-12 22:18:26.000,Feed,de_bt
4019965d-1cf5-485a-a8f2-8941d9939c84,2026-04-13 00:08:14.000,Mail Overview,de_hsda
4019965d-1cf5-485a-a8f2-8941d9939c84,2026-04-13 00:08:19.000,Grades Overview,de_hsda
cc6dd3a7-9454-4e0c-b51e-7422623ec9ec,2026-04-12 22:18:25.000,Mail Overview,de_bt
a4942d1d-ad26-4f86-a5f1-7c061bf4a969,2026-04-12 21:06:07.000,Update,de_hsfd
1efa3283-4567-4089-8c91-f3d375901379,2026-04-13 00:08:12.000,calendar_overview,de_cbs
dd32e4b6-71a2-4bb4-9dd7-d9b6d5c06ecf,2026-04-13 00:08:19.000,Mail Overview,de_ua
a4942d1d-ad26-4f86-a5f1-7c061bf4a969,2026-04-12 20:36:10.000,Feed,de_hsfd
a4942d1d-ad26-4f86-a5f1-7c061bf4a969,2026-04-12 19:36:03.000,Feed,de_hsfd
dd32e4b6-71a2-4bb4-9dd7-d9b6d5c06ecf,2026-04-13 00:08:20.000,Mail Detail,de_ua
1efa3283-4567-4089-8c91-f3d375901379,2026-04-13 00:08:11.000,Studie Modules,de_cbs
51630920-dcbc-4d4f-9353-a7762e623328,2026-04-13 00:08:15.000,Cafeteria Overview,de_hsm
51630920-dcbc-4d4f-9353-a7762e623328,2026-04-13 00:08:02.000,Mail Overview,de_hsm
51630920-dcbc-4d4f-9353-a7762e623328,2026-04-13 00:08:03.000,Feed,de_hsm
73f1d885-e42c-4975-9342-65cb88d63e5d,2026-04-13 00:08:19.000,wallet,de_pum
1638a589-e1fd-495e-a17d-9b656d94ef64,2026-04-13 00:08:25.000,Schedule Login,de_upb
3fb124fc-aab8-4596-92e4-172351d4cd20,2026-04-13 00:08:19.000,Mail Overview,de_ua
3fb124fc-aab8-4596-92e4-172351d4cd20,2026-04-13 00:08:21.000,Mail Detail,de_ua
3fb124fc-aab8-4596-92e4-172351d4cd20,2026-04-13 00:08:17.000,Mail Detail,de_ua
44c4c096-c710-4cc5-b6ff-48da5ad55fb7,2026-04-13 00:08:26.000,Schedule Detail,de_uff
44c4c096-c710-4cc5-b6ff-48da5ad55fb7,2026-04-13 00:08:22.000,Calendar Week View,de_uff
44c4c096-c710-4cc5-b6ff-48da5ad55fb7,2026-04-13 00:08:19.000,Schedule Detail,de_uff
44c4c096-c710-4cc5-b6ff-48da5ad55fb7,2026-04-13 00:08:25.000,Calendar Week View,de_uff
44c4c096-c710-4cc5-b6ff-48da5ad55fb7,2026-04-13 00:08:22.000,Schedule Detail,de_uff
44c4c096-c710-4cc5-b6ff-48da5ad55fb7,2026-04-13 00:08:18.000,Calendar Week View,de_uff
ad0ca9fb-7438-4d4a-ac11-9667a23da122,2026-04-13 00:08:30.000,Mail Overview,de_phlb
ad0ca9fb-7438-4d4a-ac11-9667a23da122,2026-04-13 00:08:24.000,Mail Detail,de_phlb
ad0ca9fb-7438-4d4a-ac11-9667a23da122,2026-04-13 00:08:27.000,Mail Detail,de_phlb
ad0ca9fb-7438-4d4a-ac11-9667a23da122,2026-04-13 00:08:26.000,Mail Overview,de_phlb
040dae7d-4c69-4dcd-8bfa-7f25d3b47f45,2026-04-12 20:18:43.000,Feed,de_thdeg
040dae7d-4c69-4dcd-8bfa-7f25d3b47f45,2026-04-12 20:18:54.000,Feed,de_thdeg
9073db97-fa7c-444c-97cf-e400a600a1c4,2026-04-13 00:08:22.000,Studie Modules,de_hsmz
040dae7d-4c69-4dcd-8bfa-7f25d3b47f45,2026-04-12 20:18:45.000,calendar_overview,de_thdeg
040dae7d-4c69-4dcd-8bfa-7f25d3b47f45,2026-04-12 20:18:42.000,Mail Overview,de_thdeg
bc28461c-4996-4b49-b0fa-3ea830aece07,2026-04-12 22:00:56.000,Studie Modules,de_pum
d324772d-4164-4630-a218-52d837d88e9a,2026-04-13 00:08:31.000,Calendar Day View,de_hsfd
7085f5a4-3e3b-4667-944a-d588eb38aaee,2026-04-12 15:12:28.000,Mail Overview,de_hsko
dd32e4b6-71a2-4bb4-9dd7-d9b6d5c06ecf,2026-04-13 00:08:27.000,Mail Overview,de_ua
d324772d-4164-4630-a218-52d837d88e9a,2026-04-13 00:08:29.000,Calendar Week View,de_hsfd
dd32e4b6-71a2-4bb4-9dd7-d9b6d5c06ecf,2026-04-13 00:08:30.000,Studie Modules,de_ua
dd32e4b6-71a2-4bb4-9dd7-d9b6d5c06ecf,2026-04-13 00:08:32.000,Generic Links Overview,de_ua
df63bbb0-14c4-43e9-aaee-a7ce01c59562,2026-04-13 00:08:35.000,Studie Modules,de_hsfd
44c4c096-c710-4cc5-b6ff-48da5ad55fb7,2026-04-13 00:08:28.000,Calendar Week View,de_uff
44c4c096-c710-4cc5-b6ff-48da5ad55fb7,2026-04-13 00:08:28.000,Schedule Detail,de_uff
3fb124fc-aab8-4596-92e4-172351d4cd20,2026-04-13 00:08:29.000,Mail Detail,de_ua
3fb124fc-aab8-4596-92e4-172351d4cd20,2026-04-13 00:08:28.000,Mail Overview,de_ua
3fb124fc-aab8-4596-92e4-172351d4cd20,2026-04-13 00:08:33.000,Mail Overview,de_ua
7836941b-ec3c-470d-b81d-d2358bb08921,2026-04-12 23:38:32.000,Global Ory Login,de_thbi
7836941b-ec3c-470d-b81d-d2358bb08921,2026-04-13 00:08:28.000,Global Ory Login,de_thbi
ad0ca9fb-7438-4d4a-ac11-9667a23da122,2026-04-13 00:08:31.000,Mail Detail,de_phlb
5cdaf1eb-ca94-461f-bad9-2cfbd4c63d4b,2026-04-13 00:08:34.000,Studie Modules,de_us
5cdaf1eb-ca94-461f-bad9-2cfbd4c63d4b,2026-04-13 00:08:33.000,Settings Overview,de_us
5cdaf1eb-ca94-461f-bad9-2cfbd4c63d4b,2026-04-13 00:08:37.000,Generic Links Overview,de_us
9073db97-fa7c-444c-97cf-e400a600a1c4,2026-04-13 00:08:37.000,Mail Overview,de_hsmz
9073db97-fa7c-444c-97cf-e400a600a1c4,2026-04-13 00:08:37.000,Wallet Login,de_hsmz
00a8d59f-9b74-44fe-8b5e-37b0f9b61563,2026-04-13 00:08:34.000,Mail Overview,de_ks
d1306e2a-c67c-4648-93d1-a1efef6ddf76,2026-04-13 00:08:43.000,Feed,de_pum
00a8d59f-9b74-44fe-8b5e-37b0f9b61563,2026-04-13 00:08:33.000,Studie Modules,de_ks
df63bbb0-14c4-43e9-aaee-a7ce01c59562,2026-04-13 00:08:36.000,Freshman Overview,de_hsfd
df63bbb0-14c4-43e9-aaee-a7ce01c59562,2026-04-13 00:08:38.000,Campus,de_hsfd
d324772d-4164-4630-a218-52d837d88e9a,2026-04-13 00:08:45.000,Studie Modules,de_hsfd
351dd1a1-9554-4126-8aea-8448c7fe21f3,2026-04-13 00:08:34.000,Studie Modules,de_kuei
df63bbb0-14c4-43e9-aaee-a7ce01c59562,2026-04-13 00:08:40.000,Studie Modules,de_hsfd
df63bbb0-14c4-43e9-aaee-a7ce01c59562,2026-04-13 00:08:37.000,Studie Modules,de_hsfd
351dd1a1-9554-4126-8aea-8448c7fe21f3,2026-04-13 00:08:38.000,Mail Write,de_kuei
351dd1a1-9554-4126-8aea-8448c7fe21f3,2026-04-13 00:08:35.000,Mail Overview,de_kuei
df63bbb0-14c4-43e9-aaee-a7ce01c59562,2026-04-13 00:08:42.000,Generic Links Overview,de_hsfd
351dd1a1-9554-4126-8aea-8448c7fe21f3,2026-04-13 00:08:36.000,Mail Detail,de_kuei
e533dd18-0ac0-4f1c-9927-9a10691e1380,2026-04-12 21:16:05.000,Studie Modules,de_hspf
e533dd18-0ac0-4f1c-9927-9a10691e1380,2026-04-12 21:16:06.000,Mail Overview,de_hspf
44c4c096-c710-4cc5-b6ff-48da5ad55fb7,2026-04-13 00:08:41.000,Calendar Week View,de_uff
067cce5a-6cee-4f8b-9004-96dd2102bab3,2026-04-13 00:08:47.000,Studie Modules,de_pum
44c4c096-c710-4cc5-b6ff-48da5ad55fb7,2026-04-13 00:08:46.000,Calendar Week View,de_uff
44c4c096-c710-4cc5-b6ff-48da5ad55fb7,2026-04-13 00:08:46.000,Schedule Detail,de_uff
44c4c096-c710-4cc5-b6ff-48da5ad55fb7,2026-04-13 00:08:41.000,Schedule Detail,de_uff
39c2b220-12d3-4391-a373-e9b7b8a61e8d,2026-04-12 19:39:34.000,Mail Overview,de_emau
39c2b220-12d3-4391-a373-e9b7b8a61e8d,2026-04-12 18:47:35.000,Mail Overview,de_emau
10803230-fc9a-4e27-82f5-6ed52edc2d5d,2026-04-13 00:08:50.000,Schedule Create,de_aml
ad0ca9fb-7438-4d4a-ac11-9667a23da122,2026-04-13 00:08:47.000,Mail Overview,de_phlb
eaf3f3c5-5eed-4eef-a7c2-ccfebf32cae6,2026-04-13 00:08:50.000,Mail Detail,de_thm
eaf3f3c5-5eed-4eef-a7c2-ccfebf32cae6,2026-04-13 00:08:44.000,Mail Overview,de_thm
ad0ca9fb-7438-4d4a-ac11-9667a23da122,2026-04-13 00:08:49.000,Mail Detail,de_phlb
eaf3f3c5-5eed-4eef-a7c2-ccfebf32cae6,2026-04-13 00:08:48.000,Mail Detail,de_thm
eaf3f3c5-5eed-4eef-a7c2-ccfebf32cae6,2026-04-13 00:08:50.000,Mail Overview,de_thm
2ee3f086-5815-4fa8-a53f-7ffdefcc8798,2026-04-13 00:01:06.000,Global Ory Login,de_upb
75a4f6ac-2e3b-458d-a7d8-8ebf26eb3196,2026-04-12 10:01:39.000,wallet,de_hsko
d1306e2a-c67c-4648-93d1-a1efef6ddf76,2026-04-13 00:08:48.000,Calendar Day View,de_pum
75a4f6ac-2e3b-458d-a7d8-8ebf26eb3196,2026-04-11 19:01:17.000,Feed,de_hsko
75a4f6ac-2e3b-458d-a7d8-8ebf26eb3196,2026-04-11 19:01:14.000,wallet,de_hsko
6d37d28a-e942-4004-a970-a29e37f28760,2026-04-12 23:45:18.000,Mail Overview,de_hsfd
00a8d59f-9b74-44fe-8b5e-37b0f9b61563,2026-04-13 00:08:45.000,Mail Detail,de_ks
00a8d59f-9b74-44fe-8b5e-37b0f9b61563,2026-04-13 00:08:52.000,Mail Overview,de_ks
df63bbb0-14c4-43e9-aaee-a7ce01c59562,2026-04-13 00:08:53.000,Todo,de_hsfd
9d0f694b-8a58-4b61-8826-a55ca1eca97a,2026-04-13 00:08:54.000,Studie Modules,de_hsmz
df63bbb0-14c4-43e9-aaee-a7ce01c59562,2026-04-13 00:08:49.000,Studie Modules,de_hsfd
316fc9a8-4107-4d33-87a9-ec6c9de2e89f,2026-04-13 00:08:46.000,Campus,de_tuda
d324772d-4164-4630-a218-52d837d88e9a,2026-04-13 00:08:52.000,Generic Links Overview,de_hsfd
d324772d-4164-4630-a218-52d837d88e9a,2026-04-13 00:08:52.000,Studie Modules,de_hsfd
c0272772-a614-47da-800c-16f78243f930,2026-04-13 00:08:52.000,Mail Overview,de_hdm
d324772d-4164-4630-a218-52d837d88e9a,2026-04-13 00:08:50.000,Grid Menu Modal,de_hsfd
067cce5a-6cee-4f8b-9004-96dd2102bab3,2026-04-13 00:08:57.000,Generic Links Overview,de_pum
067cce5a-6cee-4f8b-9004-96dd2102bab3,2026-04-13 00:08:56.000,Studie Modules,de_pum
067cce5a-6cee-4f8b-9004-96dd2102bab3,2026-04-13 00:08:48.000,Generic Links Overview,de_pum
9d093304-724c-4c2c-85f9-fa92a0deb4ea,2026-04-13 00:08:50.000,Mail Overview,de_si
9d093304-724c-4c2c-85f9-fa92a0deb4ea,2026-04-13 00:08:52.000,Mail Detail,de_si
9d093304-724c-4c2c-85f9-fa92a0deb4ea,2026-04-13 00:08:47.000,Studie Modules,de_si
9d093304-724c-4c2c-85f9-fa92a0deb4ea,2026-04-13 00:08:56.000,Mail Overview,de_si
5a69e79c-d4bf-46a6-96ef-815cecdeba4a,2026-04-13 00:08:55.000,Mail Detail,de_thm
10803230-fc9a-4e27-82f5-6ed52edc2d5d,2026-04-13 00:09:00.000,Schedule Type Chooser,de_aml
eaf3f3c5-5eed-4eef-a7c2-ccfebf32cae6,2026-04-13 00:08:51.000,Mail Overview,de_thm
ad0ca9fb-7438-4d4a-ac11-9667a23da122,2026-04-13 00:08:57.000,Mail Detail,de_phlb
eaf3f3c5-5eed-4eef-a7c2-ccfebf32cae6,2026-04-13 00:08:51.000,Mail Detail,de_thm
eaf3f3c5-5eed-4eef-a7c2-ccfebf32cae6,2026-04-13 00:08:53.000,Mail Overview,de_thm
eaf3f3c5-5eed-4eef-a7c2-ccfebf32cae6,2026-04-13 00:08:54.000,Mail Detail,de_thm
ad0ca9fb-7438-4d4a-ac11-9667a23da122,2026-04-13 00:08:52.000,Mail Overview,de_phlb
c9d46cbf-406e-4d01-aa88-07d307ddb785,2026-04-12 23:11:51.000,Mail Detail,de_hsaa
c9d46cbf-406e-4d01-aa88-07d307ddb785,2026-04-12 23:11:52.000,Mail Overview,de_hsaa
5a8d0ff3-ed65-42dc-8354-35f49eef7d0d,2026-04-12 19:46:38.000,Feed,de_hsas
c9d46cbf-406e-4d01-aa88-07d307ddb785,2026-04-12 23:11:56.000,Mail Overview,de_hsaa
c9d46cbf-406e-4d01-aa88-07d307ddb785,2026-04-12 23:11:54.000,Mail Detail,de_hsaa
fdb9882a-4dbf-4b52-b66b-109473f31064,2026-04-13 00:08:51.000,Grades Overview,de_hsda
d1306e2a-c67c-4648-93d1-a1efef6ddf76,2026-04-13 00:08:53.000,Schedule Login,de_pum
df63bbb0-14c4-43e9-aaee-a7ce01c59562,2026-04-13 00:09:05.000,Studie Modules,de_hsfd
df63bbb0-14c4-43e9-aaee-a7ce01c59562,2026-04-13 00:08:59.000,Studie Modules,de_hsfd
df63bbb0-14c4-43e9-aaee-a7ce01c59562,2026-04-13 00:08:55.000,Studie Modules,de_hsfd
df63bbb0-14c4-43e9-aaee-a7ce01c59562,2026-04-13 00:08:56.000,Cafeteria Overview,de_hsfd
df63bbb0-14c4-43e9-aaee-a7ce01c59562,2026-04-13 00:09:02.000,Generic Links Overview,de_hsfd
d324772d-4164-4630-a218-52d837d88e9a,2026-04-13 00:08:57.000,Studie Modules,de_hsfd
1638a589-e1fd-495e-a17d-9b656d94ef64,2026-04-13 00:09:00.000,Calendar Day View,de_upb
31aa5bd5-5370-4159-bdc4-664735193032,2026-04-10 11:15:37.000,Mail Overview,de_hslu
d324772d-4164-4630-a218-52d837d88e9a,2026-04-13 00:09:01.000,Settings Overview,de_hsfd
1638a589-e1fd-495e-a17d-9b656d94ef64,2026-04-13 00:08:56.000,Schedule Permission,de_upb
d324772d-4164-4630-a218-52d837d88e9a,2026-04-13 00:09:05.000,Feed,de_hsfd
9d093304-724c-4c2c-85f9-fa92a0deb4ea,2026-04-13 00:09:08.000,Mail Detail,de_si
2fd00f7e-043e-4608-beaf-4ba993318098,2026-04-12 21:30:24.000,Mail Detail,de_jlug
a7895cce-e067-4612-8d11-326d148d1057,2026-04-13 00:09:03.000,Cafeteria Overview,de_tubf
cefea2b8-dae1-479c-9299-c26b1b4482d6,2026-04-12 11:22:06.000,Mail Overview,de_hszg
5a69e79c-d4bf-46a6-96ef-815cecdeba4a,2026-04-13 00:09:08.000,Mail Detail,de_thm
5a69e79c-d4bf-46a6-96ef-815cecdeba4a,2026-04-13 00:09:02.000,Mail Overview,de_thm
5a69e79c-d4bf-46a6-96ef-815cecdeba4a,2026-04-13 00:09:10.000,Mail Overview,de_thm
10803230-fc9a-4e27-82f5-6ed52edc2d5d,2026-04-13 00:09:02.000,Schedule Create,de_aml
10803230-fc9a-4e27-82f5-6ed52edc2d5d,2026-04-13 00:09:10.000,Calendar Day View,de_aml
10803230-fc9a-4e27-82f5-6ed52edc2d5d,2026-04-13 00:09:01.000,Schedule Create,de_aml
3de14327-ea02-41cb-b026-48d68044c426,2026-04-13 00:09:03.000,Studie Modules,de_hsmz
eaf3f3c5-5eed-4eef-a7c2-ccfebf32cae6,2026-04-13 00:09:08.000,Mail Overview,de_thm
3de14327-ea02-41cb-b026-48d68044c426,2026-04-13 00:09:01.000,Mail Overview,de_hsmz
eaf3f3c5-5eed-4eef-a7c2-ccfebf32cae6,2026-04-13 00:09:08.000,Mail Detail,de_thm
3de14327-ea02-41cb-b026-48d68044c426,2026-04-13 00:09:03.000,Generic Links Overview,de_hsmz
10803230-fc9a-4e27-82f5-6ed52edc2d5d,2026-04-13 00:09:02.000,Schedule Color Chooser,de_aml
3de14327-ea02-41cb-b026-48d68044c426,2026-04-13 00:09:00.000,Studie Modules,de_hsmz
686ea445-bec2-4326-ba0b-b2d3b1ad1132,2026-04-13 00:09:06.000,Studie Modules,de_hslu
686ea445-bec2-4326-ba0b-b2d3b1ad1132,2026-04-13 00:09:08.000,Calendar Day View,de_hslu
a0234efe-b67a-4de6-835a-942826933c23,2026-04-13 00:09:04.000,Studie Modules,de_pum
a0234efe-b67a-4de6-835a-942826933c23,2026-04-13 00:09:03.000,Settings Overview,de_pum
a0234efe-b67a-4de6-835a-942826933c23,2026-04-13 00:09:02.000,Career Main,de_pum
686ea445-bec2-4326-ba0b-b2d3b1ad1132,2026-04-13 00:09:01.000,Mail Overview,de_hslu
686ea445-bec2-4326-ba0b-b2d3b1ad1132,2026-04-13 00:09:07.000,Schedule Setup,de_hslu
686ea445-bec2-4326-ba0b-b2d3b1ad1132,2026-04-13 00:09:01.000,Studie Modules,de_hslu
a0234efe-b67a-4de6-835a-942826933c23,2026-04-13 00:09:07.000,Authenticator,de_pum
dfcda80b-9728-4be8-836d-a379c802e788,2026-04-13 00:09:11.000,Mail Detail,de_phlb
dfcda80b-9728-4be8-836d-a379c802e788,2026-04-13 00:08:32.000,Mail Overview,de_phlb
dfcda80b-9728-4be8-836d-a379c802e788,2026-04-13 00:09:12.000,Mail Overview,de_phlb
ad0ca9fb-7438-4d4a-ac11-9667a23da122,2026-04-13 00:09:13.000,Mail Overview,de_phlb
df63bbb0-14c4-43e9-aaee-a7ce01c59562,2026-04-13 00:09:09.000,Studie Modules,de_hsfd
df63bbb0-14c4-43e9-aaee-a7ce01c59562,2026-04-13 00:09:07.000,Freshman Overview,de_hsfd
df63bbb0-14c4-43e9-aaee-a7ce01c59562,2026-04-13 00:09:13.000,Studie Modules,de_hsfd
df63bbb0-14c4-43e9-aaee-a7ce01c59562,2026-04-13 00:09:12.000,Generic Links Overview,de_hsfd
df63bbb0-14c4-43e9-aaee-a7ce01c59562,2026-04-13 00:09:14.000,Generic Links Overview,de_hsfd
099fb56b-496e-453e-99bf-24f1e18af023,2026-04-12 10:00:45.000,Studie Modules,de_pum
d324772d-4164-4630-a218-52d837d88e9a,2026-04-13 00:09:06.000,Studie Modules,de_hsfd
d324772d-4164-4630-a218-52d837d88e9a,2026-04-13 00:09:13.000,Generic Links Overview,de_hsfd
1638a589-e1fd-495e-a17d-9b656d94ef64,2026-04-13 00:09:17.000,Schedule Detail,de_upb
316fc9a8-4107-4d33-87a9-ec6c9de2e89f,2026-04-13 00:09:16.000,Studie Modules,de_tuda
4019965d-1cf5-485a-a8f2-8941d9939c84,2026-04-13 00:09:17.000,Studie Modules,de_hsda
37de5ab0-5a18-4c97-b504-04302d58792f,2026-04-13 00:09:10.000,Studie Modules,de_evhb
5cdaf1eb-ca94-461f-bad9-2cfbd4c63d4b,2026-04-13 00:09:18.000,Studie Modules,de_us
37de5ab0-5a18-4c97-b504-04302d58792f,2026-04-13 00:09:13.000,Links,de_evhb
5a69e79c-d4bf-46a6-96ef-815cecdeba4a,2026-04-13 00:09:19.000,Mail Detail,de_thm
9fc11c5c-e9fb-4e0e-acde-e8d98c9d486e,2026-04-13 00:09:17.000,Settings Notifications,de_pum
5a69e79c-d4bf-46a6-96ef-815cecdeba4a,2026-04-13 00:09:15.000,Mail Overview,de_thm
9d093304-724c-4c2c-85f9-fa92a0deb4ea,2026-04-13 00:09:20.000,Mail Overview,de_si
5a69e79c-d4bf-46a6-96ef-815cecdeba4a,2026-04-13 00:09:14.000,Mail Detail,de_thm
9fc11c5c-e9fb-4e0e-acde-e8d98c9d486e,2026-04-13 00:09:19.000,Settings Overview,de_pum
eaf3f3c5-5eed-4eef-a7c2-ccfebf32cae6,2026-04-13 00:09:11.000,Mail Detail,de_thm
eaf3f3c5-5eed-4eef-a7c2-ccfebf32cae6,2026-04-13 00:09:11.000,Mail Overview,de_thm
a3975429-035e-4073-9b72-f79bbe2407e8,2026-04-13 00:07:30.000,Studie Modules,de_khb
a3975429-035e-4073-9b72-f79bbe2407e8,2026-04-12 21:23:33.000,Studie Modules,de_khb
686ea445-bec2-4326-ba0b-b2d3b1ad1132,2026-04-13 00:09:12.000,Schedule Login,de_hslu
a3975429-035e-4073-9b72-f79bbe2407e8,2026-04-12 21:23:30.000,Mail Overview,de_khb
a3975429-035e-4073-9b72-f79bbe2407e8,2026-04-12 21:23:29.000,Studie Modules,de_khb
a3975429-035e-4073-9b72-f79bbe2407e8,2026-04-13 00:07:31.000,Mail Overview,de_khb
3de14327-ea02-41cb-b026-48d68044c426,2026-04-13 00:09:23.000,Studie Modules,de_hsmz
df63bbb0-14c4-43e9-aaee-a7ce01c59562,2026-04-13 00:09:22.000,Calendar Day View,de_hsfd
df63bbb0-14c4-43e9-aaee-a7ce01c59562,2026-04-13 00:09:18.000,Grades Overview,de_hsfd
df63bbb0-14c4-43e9-aaee-a7ce01c59562,2026-04-13 00:09:23.000,Studie Modules,de_hsfd
df63bbb0-14c4-43e9-aaee-a7ce01c59562,2026-04-13 00:09:24.000,Generic Links Overview,de_hsfd
df63bbb0-14c4-43e9-aaee-a7ce01c59562,2026-04-13 00:09:16.000,Studie Modules,de_hsfd
df63bbb0-14c4-43e9-aaee-a7ce01c59562,2026-04-13 00:09:25.000,Studie Modules,de_hsfd
df63bbb0-14c4-43e9-aaee-a7ce01c59562,2026-04-13 00:09:21.000,Studie Modules,de_hsfd
ad0ca9fb-7438-4d4a-ac11-9667a23da122,2026-04-13 00:09:26.000,Career Job V2,de_phlb
d324772d-4164-4630-a218-52d837d88e9a,2026-04-13 00:09:25.000,Studie Modules,de_hsfd
1638a589-e1fd-495e-a17d-9b656d94ef64,2026-04-13 00:09:24.000,Calendar Day View,de_upb
4cd3b579-91a1-4a34-b168-a563b05f201a,2026-04-13 00:09:25.000,Mail Overview,de_ush
4019965d-1cf5-485a-a8f2-8941d9939c84,2026-04-13 00:09:20.000,Grades Overview,de_hsda
4cd3b579-91a1-4a34-b168-a563b05f201a,2026-04-13 00:09:25.000,Feed,de_ush
9073db97-fa7c-444c-97cf-e400a600a1c4,2026-04-13 00:09:17.000,wallet,de_hsmz
b9bdca77-5438-4a94-805e-c5fc4e6fdedc,2026-04-12 21:57:55.000,Mail Overview,de_phlb
5cdaf1eb-ca94-461f-bad9-2cfbd4c63d4b,2026-04-13 00:09:19.000,Generic Links Overview,de_us
8e98e840-07ec-4c22-a9ea-2341f684b3af,2026-04-13 00:04:35.000,Feed,de_hsda
33a86233-79ea-46c2-807a-f0703ebb1cd5,2026-04-13 00:09:23.000,Generic Links Overview,de_ul
33a86233-79ea-46c2-807a-f0703ebb1cd5,2026-04-13 00:09:21.000,Cafeteria Overview,de_ul
33a86233-79ea-46c2-807a-f0703ebb1cd5,2026-04-13 00:09:22.000,Studie Modules,de_ul
5a69e79c-d4bf-46a6-96ef-815cecdeba4a,2026-04-13 00:09:23.000,Mail Overview,de_thm
bb463a76-3424-4e95-a9c7-a056b01859ae,2026-04-12 20:04:34.000,Mail Overview,de_hsfd
eaf3f3c5-5eed-4eef-a7c2-ccfebf32cae6,2026-04-13 00:09:27.000,Mail Detail,de_thm
bb463a76-3424-4e95-a9c7-a056b01859ae,2026-04-12 20:04:33.000,Studie Modules,de_hsfd
afc36950-c890-4754-aede-7cc29e8786d4,2026-04-11 06:07:42.000,Mail Overview,de_hm
eaf3f3c5-5eed-4eef-a7c2-ccfebf32cae6,2026-04-13 00:09:27.000,Mail Overview,de_thm
afc36950-c890-4754-aede-7cc29e8786d4,2026-04-11 06:07:22.000,Mail Detail,de_hm
eaf3f3c5-5eed-4eef-a7c2-ccfebf32cae6,2026-04-13 00:09:26.000,Mail Detail,de_thm
afc36950-c890-4754-aede-7cc29e8786d4,2026-04-11 06:07:16.000,Mail Overview,de_hm
afc36950-c890-4754-aede-7cc29e8786d4,2026-04-11 06:07:38.000,Mail Detail,de_hm
afc36950-c890-4754-aede-7cc29e8786d4,2026-04-11 06:07:34.000,Mail Overview,de_hm
eaf3f3c5-5eed-4eef-a7c2-ccfebf32cae6,2026-04-13 00:09:24.000,Mail Overview,de_thm
eaf3f3c5-5eed-4eef-a7c2-ccfebf32cae6,2026-04-13 00:09:30.000,Mail Detail,de_thm
eaf3f3c5-5eed-4eef-a7c2-ccfebf32cae6,2026-04-13 00:09:29.000,Mail Overview,de_thm
a3975429-035e-4073-9b72-f79bbe2407e8,2026-04-13 00:09:22.000,Mail Detail,de_khb
afc36950-c890-4754-aede-7cc29e8786d4,2026-04-11 06:07:53.000,Mail Overview,de_hm
afc36950-c890-4754-aede-7cc29e8786d4,2026-04-11 06:07:50.000,Mail Detail,de_hm
c26d295d-b42d-4f15-8f80-d7a5d693827f,2026-04-12 20:51:12.000,Feed,de_fsu
c26d295d-b42d-4f15-8f80-d7a5d693827f,2026-04-12 20:51:13.000,Studie Modules,de_fsu
d1306e2a-c67c-4648-93d1-a1efef6ddf76,2026-04-13 00:09:25.000,Schedule Permission,de_pum
d1306e2a-c67c-4648-93d1-a1efef6ddf76,2026-04-13 00:09:32.000,Calendar Day View,de_pum
3de14327-ea02-41cb-b026-48d68044c426,2026-04-13 00:09:24.000,Generic Links Overview,de_hsmz
d324772d-4164-4630-a218-52d837d88e9a,2026-04-13 00:09:28.000,Freshman Setup,de_hsfd
ad0ca9fb-7438-4d4a-ac11-9667a23da122,2026-04-13 00:09:32.000,Mail Overview,de_phlb
d324772d-4164-4630-a218-52d837d88e9a,2026-04-13 00:09:31.000,Freshman Overview,de_hsfd
d1a8ec1f-3a0e-424c-bf7f-a2a58c316081,2026-04-13 00:07:27.000,Mail Overview,de_hslu
df63bbb0-14c4-43e9-aaee-a7ce01c59562,2026-04-13 00:09:37.000,Games Overview,de_hsfd
17f6b0a6-5a06-4f97-8150-f8cd6aaa0f80,2026-04-12 12:54:16.000,Studie Modules,de_upb
17f6b0a6-5a06-4f97-8150-f8cd6aaa0f80,2026-04-12 12:54:16.000,Career Main,de_upb
17f6b0a6-5a06-4f97-8150-f8cd6aaa0f80,2026-04-12 12:54:19.000,wallet,de_upb
5a69e79c-d4bf-46a6-96ef-815cecdeba4a,2026-04-13 00:09:33.000,Mail Detail,de_thm
eaf3f3c5-5eed-4eef-a7c2-ccfebf32cae6,2026-04-13 00:09:41.000,Mail Overview,de_thm
eaf3f3c5-5eed-4eef-a7c2-ccfebf32cae6,2026-04-13 00:09:42.000,Mail Detail,de_thm
a7895cce-e067-4612-8d11-326d148d1057,2026-04-13 00:09:41.000,Feed,de_tubf
5b1dc307-bc9f-4eb6-9ae6-94a35e767bd0,2026-04-13 00:09:41.000,Mail Overview,de_hsge
a3975429-035e-4073-9b72-f79bbe2407e8,2026-04-13 00:09:36.000,Mail Detail,de_khb
a3975429-035e-4073-9b72-f79bbe2407e8,2026-04-13 00:09:34.000,Mail Overview,de_khb
c514520f-c8f8-42d4-9b97-758e2ec69084,2026-04-13 00:09:35.000,Mail Overview,de_si
c514520f-c8f8-42d4-9b97-758e2ec69084,2026-04-13 00:09:44.000,Mail Detail,de_si
9fc11c5c-e9fb-4e0e-acde-e8d98c9d486e,2026-04-13 00:09:40.000,Schedule Overview,de_pum
9fc11c5c-e9fb-4e0e-acde-e8d98c9d486e,2026-04-13 00:09:21.000,Settings Accounts,de_pum
9fc11c5c-e9fb-4e0e-acde-e8d98c9d486e,2026-04-13 00:09:39.000,Schedule Setup,de_pum
b7204ef6-434e-4967-b7d5-41da3397ff2a,2026-04-13 00:09:40.000,Mail Overview,de_fhki
aeb67c59-5803-4fd6-b915-1f424b1a99ab,2026-04-13 00:06:50.000,Feed,de_ua
aeb67c59-5803-4fd6-b915-1f424b1a99ab,2026-04-12 23:39:02.000,Mail Overview,de_ua
8b3ca3d0-32d2-43b6-9228-9554ec0868d6,2026-04-13 00:09:46.000,Cafeteria Overview,de_si
aeb67c59-5803-4fd6-b915-1f424b1a99ab,2026-04-13 00:06:49.000,Mail Overview,de_ua
aeb67c59-5803-4fd6-b915-1f424b1a99ab,2026-04-12 23:39:04.000,Feed,de_ua
b7204ef6-434e-4967-b7d5-41da3397ff2a,2026-04-13 00:09:38.000,Studie Modules,de_fhki
df63bbb0-14c4-43e9-aaee-a7ce01c59562,2026-04-13 00:09:39.000,Games Battleships Profile,de_hsfd
df63bbb0-14c4-43e9-aaee-a7ce01c59562,2026-04-13 00:09:41.000,Games Battleships Play,de_hsfd
e9833090-5adf-401f-af58-8b54aee37872,2026-04-12 17:39:14.000,Feed,de_tuda
eaf3f3c5-5eed-4eef-a7c2-ccfebf32cae6,2026-04-13 00:09:50.000,Mail Detail,de_thm
eaf3f3c5-5eed-4eef-a7c2-ccfebf32cae6,2026-04-13 00:09:52.000,Mail Detail,de_thm
eaf3f3c5-5eed-4eef-a7c2-ccfebf32cae6,2026-04-13 00:09:44.000,Mail Overview,de_thm
eaf3f3c5-5eed-4eef-a7c2-ccfebf32cae6,2026-04-13 00:09:52.000,Mail Overview,de_thm
eaf3f3c5-5eed-4eef-a7c2-ccfebf32cae6,2026-04-13 00:09:49.000,Mail Overview,de_thm
eaf3f3c5-5eed-4eef-a7c2-ccfebf32cae6,2026-04-13 00:09:47.000,Mail Detail,de_thm
eaf3f3c5-5eed-4eef-a7c2-ccfebf32cae6,2026-04-13 00:09:44.000,Mail Detail,de_thm
eaf3f3c5-5eed-4eef-a7c2-ccfebf32cae6,2026-04-13 00:09:46.000,Mail Overview,de_thm
5b1dc307-bc9f-4eb6-9ae6-94a35e767bd0,2026-04-13 00:09:44.000,Mail Detail,de_hsge
39c2b220-12d3-4391-a373-e9b7b8a61e8d,2026-04-13 00:09:50.000,Mail Overview,de_emau
5a69e79c-d4bf-46a6-96ef-815cecdeba4a,2026-04-13 00:09:54.000,Mail Overview,de_thm
02e948b9-68b7-4a35-916d-6b6ad05b43fe,2026-04-13 00:09:48.000,Feed,de_tucl
02e948b9-68b7-4a35-916d-6b6ad05b43fe,2026-04-13 00:09:46.000,Grades Overview,de_tucl
02e948b9-68b7-4a35-916d-6b6ad05b43fe,2026-04-13 00:09:49.000,Mail Overview,de_tucl
9fc11c5c-e9fb-4e0e-acde-e8d98c9d486e,2026-04-13 00:09:49.000,Schedule Login,de_pum
02e948b9-68b7-4a35-916d-6b6ad05b43fe,2026-04-13 00:09:53.000,Feed,de_tucl
de2d44d6-2643-455e-8d95-4ff5424b1e56,2026-04-12 21:06:42.000,Authenticator,de_tuda
b6fa1a5a-d6eb-46d1-a740-31ba706612f7,2026-04-13 00:09:47.000,Studie Modules,de_fhog
de2d44d6-2643-455e-8d95-4ff5424b1e56,2026-04-12 21:27:38.000,Authenticator,de_tuda
dffdc828-29d1-46ba-86df-afd3b1875bca,2026-04-13 00:09:51.000,Mail Overview,de_phlb
dffdc828-29d1-46ba-86df-afd3b1875bca,2026-04-13 00:09:48.000,Career Onboarding,de_phlb
de2d44d6-2643-455e-8d95-4ff5424b1e56,2026-04-12 21:06:41.000,Studie Modules,de_tuda
d1306e2a-c67c-4648-93d1-a1efef6ddf76,2026-04-13 00:09:56.000,Calendar Month View,de_pum
b7204ef6-434e-4967-b7d5-41da3397ff2a,2026-04-13 00:09:52.000,Studie Modules,de_fhki
dffdc828-29d1-46ba-86df-afd3b1875bca,2026-04-13 00:09:55.000,Mail Detail,de_phlb
b7204ef6-434e-4967-b7d5-41da3397ff2a,2026-04-13 00:09:54.000,Mail Overview,de_fhki
de2d44d6-2643-455e-8d95-4ff5424b1e56,2026-04-12 21:27:37.000,Studie Modules,de_tuda
dffdc828-29d1-46ba-86df-afd3b1875bca,2026-04-13 00:09:50.000,Feed,de_phlb
b6fa1a5a-d6eb-46d1-a740-31ba706612f7,2026-04-13 00:09:48.000,Generic Links Overview,de_fhog
bc6d22b6-3ed5-4073-bcfb-af5709ea77b0,2026-04-13 00:09:50.000,Mail Overview,de_pum
35925fd8-6ec9-4bb4-b4e9-32895e12979c,2026-04-13 00:09:55.000,Mail Overview,de_hsda
eaf3f3c5-5eed-4eef-a7c2-ccfebf32cae6,2026-04-13 00:09:57.000,Mail Overview,de_thm
eaf3f3c5-5eed-4eef-a7c2-ccfebf32cae6,2026-04-13 00:10:02.000,Mail Overview,de_thm
eaf3f3c5-5eed-4eef-a7c2-ccfebf32cae6,2026-04-13 00:10:01.000,Mail Detail,de_thm
eaf3f3c5-5eed-4eef-a7c2-ccfebf32cae6,2026-04-13 00:10:01.000,Mail Overview,de_thm
eaf3f3c5-5eed-4eef-a7c2-ccfebf32cae6,2026-04-13 00:09:58.000,Mail Detail,de_thm
b74f0d4f-a839-405e-936e-d583bbd60bce,2026-04-13 00:09:53.000,Mail Overview,de_hsfd
b74f0d4f-a839-405e-936e-d583bbd60bce,2026-04-13 00:09:56.000,Mail Detail,de_hsfd
39c2b220-12d3-4391-a373-e9b7b8a61e8d,2026-04-13 00:09:56.000,Mail Overview,de_emau
5a69e79c-d4bf-46a6-96ef-815cecdeba4a,2026-04-13 00:09:58.000,Mail Detail,de_thm
39c2b220-12d3-4391-a373-e9b7b8a61e8d,2026-04-13 00:09:54.000,Mail Detail,de_emau
39c2b220-12d3-4391-a373-e9b7b8a61e8d,2026-04-13 00:09:57.000,Mail Detail,de_emau
6bb666cb-e997-4a28-8660-48ebcf3cd0a6,2026-04-13 00:00:52.000,Mail Detail,de_hsm
fb2bf358-e68a-4403-b952-8b965796ac4a,2026-04-12 22:24:49.000,Mail Overview,de_si
cbe5b5a5-8d61-4764-9aaf-8aaac6644bd3,2026-04-12 16:02:11.000,Feed Detail,de_hsfd
12adb7d1-c384-406c-b4c6-585cfa1b12d9,2026-04-12 11:11:44.000,wallet,de_pum
d324772d-4164-4630-a218-52d837d88e9a,2026-04-13 00:10:00.000,Feed Detail,de_hsfd
043b648f-056a-4af4-a6e2-7d4681febf92,2026-04-13 00:09:56.000,Studie Modules,de_si
043b648f-056a-4af4-a6e2-7d4681febf92,2026-04-13 00:09:57.000,Mail Overview,de_si
aa3be308-210f-4a32-ae9d-8d829583a37a,2026-04-13 00:10:07.000,Mail Detail,de_hslu
686ea445-bec2-4326-ba0b-b2d3b1ad1132,2026-04-13 00:10:08.000,Schedule Permission,de_hslu
aa3be308-210f-4a32-ae9d-8d829583a37a,2026-04-13 00:10:03.000,Mail Overview,de_hslu
aa3be308-210f-4a32-ae9d-8d829583a37a,2026-04-13 00:10:02.000,Studie Modules,de_hslu
d1306e2a-c67c-4648-93d1-a1efef6ddf76,2026-04-13 00:10:08.000,Calendar List View,de_pum
9c018558-f996-4d1f-a6a8-40fc053378b9,2026-04-12 07:28:25.000,Studie Modules,de_thm
9c018558-f996-4d1f-a6a8-40fc053378b9,2026-04-12 07:28:26.000,Mail Overview,de_thm
2a20b85d-a272-4ad0-b697-81159f275d85,2026-04-13 00:10:00.000,Generic Links Overview,de_hsmz
2a20b85d-a272-4ad0-b697-81159f275d85,2026-04-13 00:10:01.000,Studie Modules,de_hsmz
2a20b85d-a272-4ad0-b697-81159f275d85,2026-04-13 00:09:59.000,Studie Modules,de_hsmz
2a20b85d-a272-4ad0-b697-81159f275d85,2026-04-13 00:10:03.000,Mail Overview,de_hsmz
351dd1a1-9554-4126-8aea-8448c7fe21f3,2026-04-13 00:10:11.000,Mail Detail,de_kuei
eaf3f3c5-5eed-4eef-a7c2-ccfebf32cae6,2026-04-13 00:10:04.000,Mail Detail,de_thm
eaf3f3c5-5eed-4eef-a7c2-ccfebf32cae6,2026-04-13 00:10:06.000,Mail Overview,de_thm
9fc11c5c-e9fb-4e0e-acde-e8d98c9d486e,2026-04-13 00:10:12.000,Schedule Permission,de_pum
eaf3f3c5-5eed-4eef-a7c2-ccfebf32cae6,2026-04-13 00:10:06.000,Mail Detail,de_thm
5a69e79c-d4bf-46a6-96ef-815cecdeba4a,2026-04-13 00:10:14.000,Mail Overview,de_thm
65ca2d26-25dd-49cc-8efc-d54b4ce20336,2026-04-13 00:10:06.000,Feed,de_ha
9c1c34c0-1e5d-4dbd-9b04-1dd7914c0dd7,2026-04-13 00:10:06.000,Mail Overview,de_bt
9c1c34c0-1e5d-4dbd-9b04-1dd7914c0dd7,2026-04-13 00:10:05.000,Studie Modules,de_bt
043b648f-056a-4af4-a6e2-7d4681febf92,2026-04-13 00:10:08.000,Mail Detail,de_si
d324772d-4164-4630-a218-52d837d88e9a,2026-04-13 00:10:08.000,Freshman Overview,de_hsfd
686ea445-bec2-4326-ba0b-b2d3b1ad1132,2026-04-13 00:10:16.000,Calendar Day View,de_hslu
d1306e2a-c67c-4648-93d1-a1efef6ddf76,2026-04-13 00:10:14.000,Schedule Create,de_pum
aa3be308-210f-4a32-ae9d-8d829583a37a,2026-04-13 00:10:13.000,Mail Detail,de_hslu
d1306e2a-c67c-4648-93d1-a1efef6ddf76,2026-04-13 00:10:17.000,Feed,de_pum
dffdc828-29d1-46ba-86df-afd3b1875bca,2026-04-13 00:10:18.000,Mail Overview,de_phlb
d1306e2a-c67c-4648-93d1-a1efef6ddf76,2026-04-13 00:10:16.000,Calendar List View,de_pum
aa3be308-210f-4a32-ae9d-8d829583a37a,2026-04-13 00:10:13.000,Mail Overview,de_hslu
aa3be308-210f-4a32-ae9d-8d829583a37a,2026-04-13 00:10:15.000,Mail Overview,de_hslu
5c45ffb3-d55e-4fa7-a38c-728cc4a55e20,2026-04-13 00:00:54.000,Studie Modules,de_gufm
5c45ffb3-d55e-4fa7-a38c-728cc4a55e20,2026-04-13 00:00:52.000,Grades Overview,de_gufm
5c45ffb3-d55e-4fa7-a38c-728cc4a55e20,2026-04-13 00:10:18.000,Cafeteria Overview,de_gufm
35925fd8-6ec9-4bb4-b4e9-32895e12979c,2026-04-13 00:10:12.000,Mail Detail,de_hsda
4019965d-1cf5-485a-a8f2-8941d9939c84,2026-04-13 00:09:30.000,Studie Modules,de_hsda
4019965d-1cf5-485a-a8f2-8941d9939c84,2026-04-13 00:10:20.000,Grades Overview,de_hsda
10803230-fc9a-4e27-82f5-6ed52edc2d5d,2026-04-13 00:10:21.000,Schedule Create,de_aml
351dd1a1-9554-4126-8aea-8448c7fe21f3,2026-04-13 00:10:21.000,Mail Overview,de_kuei
9fc11c5c-e9fb-4e0e-acde-e8d98c9d486e,2026-04-13 00:10:13.000,Schedule Overview,de_pum
eaf3f3c5-5eed-4eef-a7c2-ccfebf32cae6,2026-04-13 00:10:20.000,Mail Overview,de_thm
eaf3f3c5-5eed-4eef-a7c2-ccfebf32cae6,2026-04-13 00:10:17.000,Mail Overview,de_thm
8579a780-4844-424f-8089-860def1b435e,2026-04-13 00:10:13.000,Mail Overview,de_hsa
eaf3f3c5-5eed-4eef-a7c2-ccfebf32cae6,2026-04-13 00:10:22.000,Mail Detail,de_thm
8579a780-4844-424f-8089-860def1b435e,2026-04-13 00:10:12.000,Studie Modules,de_hsa
eaf3f3c5-5eed-4eef-a7c2-ccfebf32cae6,2026-04-13 00:10:15.000,Mail Detail,de_thm
eaf3f3c5-5eed-4eef-a7c2-ccfebf32cae6,2026-04-13 00:10:15.000,Mail Overview,de_thm
eaf3f3c5-5eed-4eef-a7c2-ccfebf32cae6,2026-04-13 00:10:20.000,Mail Detail,de_thm
eaf3f3c5-5eed-4eef-a7c2-ccfebf32cae6,2026-04-13 00:10:22.000,Mail Overview,de_thm
8579a780-4844-424f-8089-860def1b435e,2026-04-13 00:10:19.000,Mail Detail,de_hsa
eaf3f3c5-5eed-4eef-a7c2-ccfebf32cae6,2026-04-13 00:10:17.000,Mail Detail,de_thm
1e55e0f8-4187-4d21-b6da-73cf5a3d502b,2026-04-13 00:10:14.000,Feed,de_eufb
1e55e0f8-4187-4d21-b6da-73cf5a3d502b,2026-04-13 00:10:17.000,Mail Detail,de_eufb
1e55e0f8-4187-4d21-b6da-73cf5a3d502b,2026-04-13 00:10:15.000,Mail Overview,de_eufb
5578f5c2-681f-4701-987c-026f1f1ff10a,2026-04-12 23:19:47.000,Authenticator,de_pum
65ca2d26-25dd-49cc-8efc-d54b4ce20336,2026-04-13 00:10:21.000,Grades Overview,de_ha
5a69e79c-d4bf-46a6-96ef-815cecdeba4a,2026-04-13 00:10:24.000,Mail Detail,de_thm
65ca2d26-25dd-49cc-8efc-d54b4ce20336,2026-04-13 00:10:16.000,Studie Modules,de_ha
5578f5c2-681f-4701-987c-026f1f1ff10a,2026-04-12 23:19:47.000,Studie Modules,de_pum
d324772d-4164-4630-a218-52d837d88e9a,2026-04-13 00:10:22.000,Campus,de_hsfd
d324772d-4164-4630-a218-52d837d88e9a,2026-04-13 00:10:19.000,Studie Modules,de_hsfd
96f015dd-b9b0-400e-9162-77e7c5f8029c,2026-04-13 00:10:17.000,Mail Detail,de_ovgu
686ea445-bec2-4326-ba0b-b2d3b1ad1132,2026-04-13 00:10:25.000,Calendar Week View,de_hslu
96f015dd-b9b0-400e-9162-77e7c5f8029c,2026-04-13 00:10:16.000,Mail Overview,de_ovgu
dffdc828-29d1-46ba-86df-afd3b1875bca,2026-04-13 00:10:26.000,Mail Detail,de_phlb
aa3be308-210f-4a32-ae9d-8d829583a37a,2026-04-13 00:10:25.000,Mail Overview,de_hslu
d1306e2a-c67c-4648-93d1-a1efef6ddf76,2026-04-13 00:10:23.000,Career Main,de_pum
c04294f0-304d-4f3e-afee-43dc45f430b4,2026-04-13 00:10:29.000,Calendar List View,de_tuda
c04294f0-304d-4f3e-afee-43dc45f430b4,2026-04-13 00:10:21.000,Calendar Day View,de_tuda
c04294f0-304d-4f3e-afee-43dc45f430b4,2026-04-13 00:10:26.000,Calendar Day View,de_tuda
aa3be308-210f-4a32-ae9d-8d829583a37a,2026-04-13 00:10:20.000,Mail Detail,de_hslu
aa3be308-210f-4a32-ae9d-8d829583a37a,2026-04-13 00:10:28.000,Studie Modules,de_hslu
dffdc828-29d1-46ba-86df-afd3b1875bca,2026-04-13 00:10:28.000,Mail Detail,de_phlb
dffdc828-29d1-46ba-86df-afd3b1875bca,2026-04-13 00:10:28.000,Mail Overview,de_phlb
c04294f0-304d-4f3e-afee-43dc45f430b4,2026-04-13 00:10:23.000,Feed,de_tuda
5c45ffb3-d55e-4fa7-a38c-728cc4a55e20,2026-04-13 00:10:28.000,Cafeteria Detail,de_gufm
5c45ffb3-d55e-4fa7-a38c-728cc4a55e20,2026-04-13 00:10:27.000,Cafeteria Overview,de_gufm
5c45ffb3-d55e-4fa7-a38c-728cc4a55e20,2026-04-13 00:10:20.000,Cafeteria Detail,de_gufm
10803230-fc9a-4e27-82f5-6ed52edc2d5d,2026-04-13 00:10:24.000,Schedule Repeat Chooser,de_aml
10803230-fc9a-4e27-82f5-6ed52edc2d5d,2026-04-13 00:10:25.000,Schedule Create,de_aml
10803230-fc9a-4e27-82f5-6ed52edc2d5d,2026-04-13 00:10:27.000,Schedule Create,de_aml
10803230-fc9a-4e27-82f5-6ed52edc2d5d,2026-04-13 00:10:26.000,Schedule Type Chooser,de_aml
10803230-fc9a-4e27-82f5-6ed52edc2d5d,2026-04-13 00:10:29.000,Schedule Create,de_aml
10803230-fc9a-4e27-82f5-6ed52edc2d5d,2026-04-13 00:10:28.000,Schedule Color Chooser,de_aml
eca2cdba-d38e-497d-a53b-5785ea61be9c,2026-04-12 19:31:51.000,Studie Modules,de_hdm
eca2cdba-d38e-497d-a53b-5785ea61be9c,2026-04-12 19:29:54.000,Studie Modules,de_hdm
eca2cdba-d38e-497d-a53b-5785ea61be9c,2026-04-12 19:29:55.000,Mail Overview,de_hdm
eca2cdba-d38e-497d-a53b-5785ea61be9c,2026-04-12 19:31:52.000,Mail Overview,de_hdm
eaf3f3c5-5eed-4eef-a7c2-ccfebf32cae6,2026-04-13 00:10:32.000,Mail Overview,de_thm
eaf3f3c5-5eed-4eef-a7c2-ccfebf32cae6,2026-04-13 00:10:26.000,Mail Detail,de_thm
eaf3f3c5-5eed-4eef-a7c2-ccfebf32cae6,2026-04-13 00:10:32.000,Mail Detail,de_thm
eaf3f3c5-5eed-4eef-a7c2-ccfebf32cae6,2026-04-13 00:10:28.000,Mail Overview,de_thm
eaf3f3c5-5eed-4eef-a7c2-ccfebf32cae6,2026-04-13 00:10:29.000,Mail Detail,de_thm
eaf3f3c5-5eed-4eef-a7c2-ccfebf32cae6,2026-04-13 00:10:26.000,Mail Overview,de_thm
4019965d-1cf5-485a-a8f2-8941d9939c84,2026-04-13 00:10:34.000,Studie Modules,de_hsda
870907df-6ddd-49d1-a82b-af413639c81a,2026-04-12 23:26:10.000,Mail Overview,de_hsma
784cd085-f4e6-4828-859d-4ba76926a916,2026-04-13 00:10:31.000,Feed,de_hslu
784cd085-f4e6-4828-859d-4ba76926a916,2026-04-13 00:10:29.000,Calendar Day View,de_hslu
a9a180c4-7bea-4cc9-b23e-6d37e18488e4,2026-04-13 00:10:28.000,Studie Modules,de_tuda
5a69e79c-d4bf-46a6-96ef-815cecdeba4a,2026-04-13 00:10:34.000,Mail Detail,de_thm
784cd085-f4e6-4828-859d-4ba76926a916,2026-04-13 00:10:24.000,Studie Modules,de_hslu
784cd085-f4e6-4828-859d-4ba76926a916,2026-04-13 00:10:27.000,Studie Modules,de_hslu
784cd085-f4e6-4828-859d-4ba76926a916,2026-04-13 00:10:25.000,Career Onboarding,de_hslu
a9a180c4-7bea-4cc9-b23e-6d37e18488e4,2026-04-13 00:10:30.000,Mail Overview,de_tuda
784cd085-f4e6-4828-859d-4ba76926a916,2026-04-13 00:10:28.000,Feed,de_hslu
5a69e79c-d4bf-46a6-96ef-815cecdeba4a,2026-04-13 00:10:27.000,Mail Overview,de_thm
6b8f553d-de32-4d99-89de-a127b396370d,2026-04-13 00:10:26.000,Studie Modules,de_bt
99027214-2199-460a-bcb2-7e87f7d51318,2026-04-12 12:00:27.000,Feed,de_pum
6b8f553d-de32-4d99-89de-a127b396370d,2026-04-13 00:10:27.000,Mail Overview,de_bt
d324772d-4164-4630-a218-52d837d88e9a,2026-04-13 00:10:30.000,Generic Links Overview,de_hsfd
d324772d-4164-4630-a218-52d837d88e9a,2026-04-13 00:10:29.000,Studie Modules,de_hsfd
a0234efe-b67a-4de6-835a-942826933c23,2026-04-13 00:10:38.000,Studie Modules,de_pum
aa3be308-210f-4a32-ae9d-8d829583a37a,2026-04-13 00:10:29.000,Calendar Week View,de_hslu
dffdc828-29d1-46ba-86df-afd3b1875bca,2026-04-13 00:10:35.000,Mail Overview,de_phlb
dffdc828-29d1-46ba-86df-afd3b1875bca,2026-04-13 00:10:31.000,Mail Overview,de_phlb
aa3be308-210f-4a32-ae9d-8d829583a37a,2026-04-13 00:10:36.000,Schedule Detail,de_hslu
aa3be308-210f-4a32-ae9d-8d829583a37a,2026-04-13 00:10:38.000,Calendar Week View,de_hslu
dffdc828-29d1-46ba-86df-afd3b1875bca,2026-04-13 00:10:32.000,Mail Detail,de_phlb
4aaa3a9d-04b4-4b5f-978c-db3c527a9e77,2026-04-12 16:59:28.000,Grades Overview,de_ks
4aaa3a9d-04b4-4b5f-978c-db3c527a9e77,2026-04-12 23:25:22.000,Studie Modules,de_ks
4aaa3a9d-04b4-4b5f-978c-db3c527a9e77,2026-04-12 23:25:23.000,Grades Overview,de_ks
ee214b9b-7b33-4c8d-a626-21dec5edde73,2026-04-12 20:42:57.000,Studie Modules,de_hsmz
4aaa3a9d-04b4-4b5f-978c-db3c527a9e77,2026-04-12 16:59:27.000,Studie Modules,de_ks
ee214b9b-7b33-4c8d-a626-21dec5edde73,2026-04-12 20:42:58.000,Feed,de_hsmz
10803230-fc9a-4e27-82f5-6ed52edc2d5d,2026-04-13 00:10:38.000,Calendar Day View,de_aml
a7e85c1a-8511-455f-b3b0-8c5186dff19e,2026-04-12 12:40:12.000,Studie Modules,de_tubf
a7e85c1a-8511-455f-b3b0-8c5186dff19e,2026-04-13 00:10:40.000,Mail Overview,de_tubf
a7e85c1a-8511-455f-b3b0-8c5186dff19e,2026-04-12 12:40:13.000,Mail Overview,de_tubf
65ca2d26-25dd-49cc-8efc-d54b4ce20336,2026-04-13 00:10:41.000,Studie Modules,de_ha
a7e85c1a-8511-455f-b3b0-8c5186dff19e,2026-04-13 00:10:40.000,Studie Modules,de_tubf
eaf3f3c5-5eed-4eef-a7c2-ccfebf32cae6,2026-04-13 00:10:34.000,Mail Detail,de_thm
eaf3f3c5-5eed-4eef-a7c2-ccfebf32cae6,2026-04-13 00:10:34.000,Mail Overview,de_thm
eaf3f3c5-5eed-4eef-a7c2-ccfebf32cae6,2026-04-13 00:10:41.000,Studie Modules,de_thm
eaf3f3c5-5eed-4eef-a7c2-ccfebf32cae6,2026-04-13 00:10:36.000,Mail Overview,de_thm
eaf3f3c5-5eed-4eef-a7c2-ccfebf32cae6,2026-04-13 00:10:36.000,Mail Detail,de_thm
eaf3f3c5-5eed-4eef-a7c2-ccfebf32cae6,2026-04-13 00:10:38.000,Mail Overview,de_thm
4019965d-1cf5-485a-a8f2-8941d9939c84,2026-04-13 00:10:36.000,Mail Detail,de_hsda
c50f4942-cb8d-4732-879c-4d324fe19360,2026-04-13 00:10:43.000,Mail Overview,de_hm
4019965d-1cf5-485a-a8f2-8941d9939c84,2026-04-13 00:10:35.000,Mail Overview,de_hsda
7185624f-12e8-483b-ab64-0cb509db7bd9,2026-04-13 00:05:59.000,Mail Detail,de_jlug
5a69e79c-d4bf-46a6-96ef-815cecdeba4a,2026-04-13 00:10:37.000,Mail Overview,de_thm
1e55e0f8-4187-4d21-b6da-73cf5a3d502b,2026-04-13 00:10:48.000,Mail Overview,de_eufb
d1306e2a-c67c-4648-93d1-a1efef6ddf76,2026-04-13 00:10:40.000,Career Job V2,de_pum
dffdc828-29d1-46ba-86df-afd3b1875bca,2026-04-13 00:10:42.000,Mail Detail,de_phlb
79329acb-0c73-4256-bed8-f7c530560174,2026-04-13 00:10:41.000,Mail Overview,de_pum
b3ee2407-9da3-4325-af52-034b52f3c629,2026-04-12 20:35:51.000,Mail Detail,de_ua
b3ee2407-9da3-4325-af52-034b52f3c629,2026-04-12 20:35:52.000,Mail Overview,de_ua
b3ee2407-9da3-4325-af52-034b52f3c629,2026-04-12 20:35:53.000,Studie Modules,de_ua
65ca2d26-25dd-49cc-8efc-d54b4ce20336,2026-04-13 00:10:44.000,Calendar Day View,de_ha
65ca2d26-25dd-49cc-8efc-d54b4ce20336,2026-04-13 00:10:48.000,Studie Modules,de_ha
a7e85c1a-8511-455f-b3b0-8c5186dff19e,2026-04-13 00:10:46.000,Studie Modules,de_tubf
a7e85c1a-8511-455f-b3b0-8c5186dff19e,2026-04-13 00:10:43.000,Mail Detail,de_tubf
a7e85c1a-8511-455f-b3b0-8c5186dff19e,2026-04-13 00:10:48.000,Grades Overview,de_tubf
a7e85c1a-8511-455f-b3b0-8c5186dff19e,2026-04-13 00:10:45.000,Mail Overview,de_tubf
c50f4942-cb8d-4732-879c-4d324fe19360,2026-04-13 00:10:47.000,Studie Modules,de_hm
c50f4942-cb8d-4732-879c-4d324fe19360,2026-04-13 00:10:50.000,Grid Menu Modal,de_hm
1e5a12e3-4df1-42b4-b85e-cca209af86b1,2026-04-13 00:10:43.000,Global Ory Login,de_fhms
c50f4942-cb8d-4732-879c-4d324fe19360,2026-04-13 00:10:52.000,Settings Overview,de_hm
c50f4942-cb8d-4732-879c-4d324fe19360,2026-04-13 00:10:52.000,Studie Modules,de_hm
5a69e79c-d4bf-46a6-96ef-815cecdeba4a,2026-04-13 00:10:46.000,Mail Detail,de_thm
8b3ca3d0-32d2-43b6-9228-9554ec0868d6,2026-04-13 00:10:55.000,Feed,de_si
a9a180c4-7bea-4cc9-b23e-6d37e18488e4,2026-04-13 00:10:54.000,Mail Detail,de_tuda
5a69e79c-d4bf-46a6-96ef-815cecdeba4a,2026-04-13 00:10:53.000,Mail Overview,de_thm
5a69e79c-d4bf-46a6-96ef-815cecdeba4a,2026-04-13 00:10:51.000,Mail Detail,de_thm
5a69e79c-d4bf-46a6-96ef-815cecdeba4a,2026-04-13 00:10:48.000,Mail Overview,de_thm
9d093304-724c-4c2c-85f9-fa92a0deb4ea,2026-04-13 00:10:56.000,Mail Detail,de_si
1e55e0f8-4187-4d21-b6da-73cf5a3d502b,2026-04-13 00:10:50.000,Feed,de_eufb
1e55e0f8-4187-4d21-b6da-73cf5a3d502b,2026-04-13 00:10:52.000,Grades Overview,de_eufb
043b648f-056a-4af4-a6e2-7d4681febf92,2026-04-13 00:10:54.000,Mail Overview,de_si
043b648f-056a-4af4-a6e2-7d4681febf92,2026-04-13 00:10:54.000,Studie Modules,de_si
dffdc828-29d1-46ba-86df-afd3b1875bca,2026-04-13 00:10:50.000,Mail Overview,de_phlb
043b648f-056a-4af4-a6e2-7d4681febf92,2026-04-13 00:10:56.000,Mail Detail,de_si
65ca2d26-25dd-49cc-8efc-d54b4ce20336,2026-04-13 00:10:53.000,Todo,de_ha
c06aac58-dbbb-422e-b129-99c9f70826f0,2026-04-12 22:58:15.000,Mail Overview,de_hsaa
65ca2d26-25dd-49cc-8efc-d54b4ce20336,2026-04-13 00:11:00.000,Studie Modules,de_ha
96f015dd-b9b0-400e-9162-77e7c5f8029c,2026-04-13 00:11:03.000,Mail Detail,de_ovgu
a2bced22-2509-42ef-a15b-a99f55642075,2026-04-13 00:11:01.000,Mail Overview,de_ush
a2bced22-2509-42ef-a15b-a99f55642075,2026-04-13 00:10:58.000,Auditories,de_ush
96f015dd-b9b0-400e-9162-77e7c5f8029c,2026-04-13 00:11:03.000,Mail Overview,de_ovgu
a2bced22-2509-42ef-a15b-a99f55642075,2026-04-13 00:10:59.000,Studie Modules,de_ush
a2bced22-2509-42ef-a15b-a99f55642075,2026-04-13 00:11:00.000,Feed,de_ush
a2bced22-2509-42ef-a15b-a99f55642075,2026-04-13 00:11:02.000,Mail Detail,de_ush
c50f4942-cb8d-4732-879c-4d324fe19360,2026-04-13 00:10:57.000,Mail Login,de_hm
c50f4942-cb8d-4732-879c-4d324fe19360,2026-04-13 00:10:56.000,Studie Modules,de_hm
8b3ca3d0-32d2-43b6-9228-9554ec0868d6,2026-04-13 00:10:58.000,Schedule Detail,de_si
d324772d-4164-4630-a218-52d837d88e9a,2026-04-13 00:11:05.000,Studie Modules,de_hsfd
8b3ca3d0-32d2-43b6-9228-9554ec0868d6,2026-04-13 00:11:02.000,Feed,de_si
c276727c-71de-4893-8912-469f12ad634e,2026-04-12 23:55:15.000,Mail Overview,de_tuda
c276727c-71de-4893-8912-469f12ad634e,2026-04-12 23:55:14.000,Studie Modules,de_tuda
150f5d37-1e84-49e8-aa15-ac48f4e8bc7a,2026-04-13 00:11:05.000,Studie Modules,de_pum
a3975429-035e-4073-9b72-f79bbe2407e8,2026-04-13 00:11:05.000,Mail Overview,de_khb
bb674769-d724-403e-b5d3-92f488c5b3b7,2026-04-13 00:10:56.000,Studie Modules,de_hwrb
bb674769-d724-403e-b5d3-92f488c5b3b7,2026-04-13 00:10:58.000,Mail Overview,de_hwrb
9d093304-724c-4c2c-85f9-fa92a0deb4ea,2026-04-13 00:11:08.000,Mail Detail,de_si
9d093304-724c-4c2c-85f9-fa92a0deb4ea,2026-04-13 00:11:04.000,Mail Overview,de_si
eb82703e-f315-4f67-aab0-d04414279d48,2026-04-13 00:11:00.000,Calendar Day View,de_upb
eb82703e-f315-4f67-aab0-d04414279d48,2026-04-13 00:11:05.000,Schedule Create,de_upb
dffdc828-29d1-46ba-86df-afd3b1875bca,2026-04-13 00:11:05.000,Mail Detail,de_phlb
e8932fce-46df-4442-9bbd-c8b714131d93,2026-04-12 21:33:06.000,External Login Expired,de_tuda
7559b6d8-fce1-4e76-8435-7aefd0df69a8,2026-04-12 18:56:26.000,Studie Modules,de_fhki
7559b6d8-fce1-4e76-8435-7aefd0df69a8,2026-04-12 18:56:28.000,Feed,de_fhki
e8932fce-46df-4442-9bbd-c8b714131d93,2026-04-12 21:02:52.000,External Login Expired,de_tuda
65ca2d26-25dd-49cc-8efc-d54b4ce20336,2026-04-13 00:11:06.000,Feed,de_ha
65ca2d26-25dd-49cc-8efc-d54b4ce20336,2026-04-13 00:11:09.000,Studie Modules,de_ha
6718f61c-0177-447f-9eb3-18a21f88d0f5,2026-04-12 18:13:28.000,Feed,de_bt
d1306e2a-c67c-4648-93d1-a1efef6ddf76,2026-04-13 00:11:12.000,Career Main,de_pum
6718f61c-0177-447f-9eb3-18a21f88d0f5,2026-04-12 18:13:24.000,Mail Overview,de_bt
e7d662d5-86f7-4063-b5df-7088d87da7c4,2026-04-12 17:41:10.000,Authenticator,de_pum
d324772d-4164-4630-a218-52d837d88e9a,2026-04-13 00:11:10.000,Cafeteria Overview,de_hsfd
e7d662d5-86f7-4063-b5df-7088d87da7c4,2026-04-12 19:35:07.000,Authenticator,de_pum
d324772d-4164-4630-a218-52d837d88e9a,2026-04-13 00:11:14.000,Studie Modules,de_hsfd
be5ad732-3f7b-4be1-844f-ca0ef5502f97,2026-04-12 21:23:40.000,Feed,de_hslu
150f5d37-1e84-49e8-aa15-ac48f4e8bc7a,2026-04-13 00:11:09.000,Generic Links Overview,de_pum
10803230-fc9a-4e27-82f5-6ed52edc2d5d,2026-04-13 00:11:16.000,Schedule Detail,de_aml
be5ad732-3f7b-4be1-844f-ca0ef5502f97,2026-04-12 21:23:36.000,Calendar Day View,de_hslu
a3975429-035e-4073-9b72-f79bbe2407e8,2026-04-13 00:11:07.000,Mail Detail,de_khb
16708ed8-f14e-4e9b-a86d-bad0d34d5bdf,2026-04-13 00:11:06.000,Mail Overview,de_tucl
16708ed8-f14e-4e9b-a86d-bad0d34d5bdf,2026-04-13 00:11:17.000,Mail Overview,de_tucl
bb674769-d724-403e-b5d3-92f488c5b3b7,2026-04-13 00:11:16.000,Mail Detail,de_hwrb
a2bced22-2509-42ef-a15b-a99f55642075,2026-04-13 00:11:15.000,Mail Overview,de_ush
16708ed8-f14e-4e9b-a86d-bad0d34d5bdf,2026-04-13 00:11:15.000,Feed,de_tucl
8b04ffee-f2d4-4764-9ad1-17fdc01bc412,2026-04-12 23:41:47.000,Mail Overview,de_si
9d093304-724c-4c2c-85f9-fa92a0deb4ea,2026-04-13 00:11:16.000,Mail Detail,de_si
9d093304-724c-4c2c-85f9-fa92a0deb4ea,2026-04-13 00:11:12.000,Mail Overview,de_si
dffdc828-29d1-46ba-86df-afd3b1875bca,2026-04-13 00:11:10.000,Mail Overview,de_phlb
4019965d-1cf5-485a-a8f2-8941d9939c84,2026-04-13 00:11:22.000,Mail Overview,de_hsda
7258c4f5-4b4c-4665-99d1-977d63e839ce,2026-04-13 00:11:14.000,Mail Overview,de_hdm
7258c4f5-4b4c-4665-99d1-977d63e839ce,2026-04-13 00:11:23.000,Mail Detail,de_hdm
7258c4f5-4b4c-4665-99d1-977d63e839ce,2026-04-13 00:11:14.000,Studie Modules,de_hdm
5faaa3d0-9a53-463c-9953-88f7d9b9fc78,2026-04-12 22:54:59.000,Calendar Week View,de_hsan
5faaa3d0-9a53-463c-9953-88f7d9b9fc78,2026-04-12 22:54:58.000,Schedule Detail,de_hsan
d324772d-4164-4630-a218-52d837d88e9a,2026-04-13 00:11:16.000,Games Overview,de_hsfd
d324772d-4164-4630-a218-52d837d88e9a,2026-04-13 00:11:20.000,Generic Links Overview,de_hsfd
d324772d-4164-4630-a218-52d837d88e9a,2026-04-13 00:11:18.000,Studie Modules,de_hsfd
10803230-fc9a-4e27-82f5-6ed52edc2d5d,2026-04-13 00:11:19.000,Calendar Day View,de_aml
a2bced22-2509-42ef-a15b-a99f55642075,2026-04-13 00:11:25.000,Mail Detail,de_ush
fd4b143c-efb9-480d-a1dc-617d1b0ea760,2026-04-12 21:40:34.000,Feed,de_pum
fd4b143c-efb9-480d-a1dc-617d1b0ea760,2026-04-12 21:40:36.000,Authenticator,de_pum
43a58111-6866-4211-899f-d7f1d6accdb4,2026-04-13 00:11:21.000,Feed Detail,de_pum
1cefb857-3ed8-4e17-8dfe-bd7fa43df7a8,2026-04-13 00:11:19.000,Mail Overview,de_hsda
a7e89e6e-f55a-4856-bf09-3997c4c49727,2026-04-12 21:07:10.000,Mail Overview,de_hsko
d215890e-a144-4190-ad54-b4ad54efa532,2026-04-12 20:55:12.000,Mail Overview,de_hm
9d093304-724c-4c2c-85f9-fa92a0deb4ea,2026-04-13 00:11:28.000,Mail Detail,de_si
9d093304-724c-4c2c-85f9-fa92a0deb4ea,2026-04-13 00:11:28.000,Mail Overview,de_si
739f96a5-84e0-45aa-b884-c41391f918db,2026-04-13 00:11:26.000,Study Field Onboarding,de_thdeg
c514520f-c8f8-42d4-9b97-758e2ec69084,2026-04-13 00:11:29.000,Mail Overview,de_si
8086c968-080e-4750-b7a8-1d48da0e0c16,2026-04-12 15:06:05.000,Mail Overview,de_hsfd
afc4ec06-122b-4a15-a3cc-0bb9a714c800,2026-04-12 22:10:41.000,Mail Overview,de_bt
afc4ec06-122b-4a15-a3cc-0bb9a714c800,2026-04-12 22:10:40.000,Studie Modules,de_bt
bb674769-d724-403e-b5d3-92f488c5b3b7,2026-04-13 00:11:30.000,Mail Overview,de_hwrb
359b0d12-f35a-4f3f-a794-c56a8c5de5dc,2026-04-12 08:49:00.000,Mail Overview,de_fhki
359b0d12-f35a-4f3f-a794-c56a8c5de5dc,2026-04-12 14:23:19.000,Studie Modules,de_fhki
359b0d12-f35a-4f3f-a794-c56a8c5de5dc,2026-04-12 14:23:20.000,Mail Overview,de_fhki
96f1263d-877f-400c-8c2b-d6be56228523,2026-04-13 00:11:22.000,Studie Modules,de_ks
96f1263d-877f-400c-8c2b-d6be56228523,2026-04-13 00:11:23.000,Cafeteria Overview,de_ks
359b0d12-f35a-4f3f-a794-c56a8c5de5dc,2026-04-12 08:48:59.000,Studie Modules,de_fhki
96f1263d-877f-400c-8c2b-d6be56228523,2026-04-13 00:11:25.000,Cafeteria Detail,de_ks
d1306e2a-c67c-4648-93d1-a1efef6ddf76,2026-04-13 00:11:31.000,Career Job V2,de_pum
4019965d-1cf5-485a-a8f2-8941d9939c84,2026-04-13 00:11:27.000,Mail Detail,de_hsda
4019965d-1cf5-485a-a8f2-8941d9939c84,2026-04-13 00:11:30.000,Mail Overview,de_hsda
3090c8c4-879d-4cdc-9b70-7716f905b4b1,2026-04-12 19:51:00.000,Authenticator,de_pum
3090c8c4-879d-4cdc-9b70-7716f905b4b1,2026-04-12 20:53:44.000,Mail Overview,de_pum
3090c8c4-879d-4cdc-9b70-7716f905b4b1,2026-04-12 20:53:43.000,Studie Modules,de_pum
3090c8c4-879d-4cdc-9b70-7716f905b4b1,2026-04-12 19:50:55.000,Studie Modules,de_pum
3090c8c4-879d-4cdc-9b70-7716f905b4b1,2026-04-12 20:53:46.000,Mail Detail,de_pum
eb82703e-f315-4f67-aab0-d04414279d48,2026-04-13 00:11:36.000,Schedule Color Chooser,de_upb
a2bced22-2509-42ef-a15b-a99f55642075,2026-04-13 00:11:32.000,Mail Detail,de_ush
a2bced22-2509-42ef-a15b-a99f55642075,2026-04-13 00:11:34.000,Mail Overview,de_ush
a2bced22-2509-42ef-a15b-a99f55642075,2026-04-13 00:11:28.000,Mail Overview,de_ush
46a9e036-044c-4f92-b1f3-8c3d2dcc676f,2026-04-12 15:43:03.000,Mail Overview,de_jlug
43a58111-6866-4211-899f-d7f1d6accdb4,2026-04-13 00:11:36.000,Mail Overview,de_pum
43a58111-6866-4211-899f-d7f1d6accdb4,2026-04-13 00:11:35.000,Feed,de_pum
0983ee92-d485-4136-98e6-46edda03b0a2,2026-04-13 00:11:38.000,Studie Modules,de_si
0983ee92-d485-4136-98e6-46edda03b0a2,2026-04-13 00:11:29.000,Generic Links Overview,de_si
f1e4c859-ec6e-4c50-832c-548604734404,2026-04-13 00:11:27.000,Mail Overview,de_thm
0983ee92-d485-4136-98e6-46edda03b0a2,2026-04-13 00:11:27.000,Studie Modules,de_si
c50f4942-cb8d-4732-879c-4d324fe19360,2026-04-13 00:11:36.000,Mail Overview,de_hm
f3b38ba3-e50d-4c92-9f43-ea8613e41362,2026-04-12 22:55:35.000,Mail Overview,de_hsnb
f3b38ba3-e50d-4c92-9f43-ea8613e41362,2026-04-12 22:55:34.000,Studie Modules,de_hsnb
c50f4942-cb8d-4732-879c-4d324fe19360,2026-04-13 00:11:35.000,Mail Permission,de_hm
323fff30-1c1a-4957-b12d-01726b80b931,2026-04-13 00:11:37.000,Calendar Day View,de_uff
c2e2c000-cc9d-4104-9b1f-db422c8b2372,2026-04-13 00:11:39.000,Mail Overview,de_hsab
c50f4942-cb8d-4732-879c-4d324fe19360,2026-04-13 00:11:32.000,Mail FolderSelection,de_hm
bb674769-d724-403e-b5d3-92f488c5b3b7,2026-04-13 00:11:40.000,Mail Detail,de_hwrb
51cca946-31e2-43b6-926e-0e79c73b8c69,2026-04-13 00:11:33.000,Mail Overview,de_ehl
7ac26788-097f-488b-8810-b82608dbd8c5,2026-04-13 00:11:39.000,Mail Overview,de_hm
7ac26788-097f-488b-8810-b82608dbd8c5,2026-04-13 00:11:41.000,Studie Modules,de_hm
7ac26788-097f-488b-8810-b82608dbd8c5,2026-04-13 00:11:42.000,Mail Overview,de_hm
d324772d-4164-4630-a218-52d837d88e9a,2026-04-13 00:11:42.000,Studie Modules,de_hsfd
351dd1a1-9554-4126-8aea-8448c7fe21f3,2026-04-13 00:11:36.000,Studie Modules,de_kuei
351dd1a1-9554-4126-8aea-8448c7fe21f3,2026-04-13 00:11:38.000,Mail Overview,de_kuei
351dd1a1-9554-4126-8aea-8448c7fe21f3,2026-04-13 00:11:37.000,Studie Modules,de_kuei
351dd1a1-9554-4126-8aea-8448c7fe21f3,2026-04-13 00:11:34.000,Mail Overview,de_kuei
351dd1a1-9554-4126-8aea-8448c7fe21f3,2026-04-13 00:11:33.000,Studie Modules,de_kuei
d1306e2a-c67c-4648-93d1-a1efef6ddf76,2026-04-13 00:11:33.000,Career Main,de_pum
351dd1a1-9554-4126-8aea-8448c7fe21f3,2026-04-13 00:11:40.000,Mail Detail,de_kuei
351dd1a1-9554-4126-8aea-8448c7fe21f3,2026-04-13 00:11:37.000,Cafeteria Overview,de_kuei
8efb4889-ec35-4426-835d-b485d6667d2d,2026-04-13 00:11:42.000,Studie Modules,de_hslu
8efb4889-ec35-4426-835d-b485d6667d2d,2026-04-13 00:11:33.000,Studie Modules,de_hslu
8efb4889-ec35-4426-835d-b485d6667d2d,2026-04-13 00:11:35.000,Calendar Week View,de_hslu
8efb4889-ec35-4426-835d-b485d6667d2d,2026-04-13 00:11:43.000,Mail Overview,de_hslu
3d9b62a4-c732-4999-90f0-c4ee8976d92e,2026-04-13 00:11:34.000,Mail Overview,de_lmum
3d9b62a4-c732-4999-90f0-c4ee8976d92e,2026-04-13 00:11:34.000,Studie Modules,de_lmum
eb82703e-f315-4f67-aab0-d04414279d48,2026-04-13 00:11:44.000,Schedule Create,de_upb
eb82703e-f315-4f67-aab0-d04414279d48,2026-04-13 00:11:38.000,Schedule Create,de_upb
eb82703e-f315-4f67-aab0-d04414279d48,2026-04-13 00:11:46.000,Calendar Day View,de_upb
eb82703e-f315-4f67-aab0-d04414279d48,2026-04-13 00:11:42.000,Schedule Repeat Chooser,de_upb
0983ee92-d485-4136-98e6-46edda03b0a2,2026-04-13 00:11:40.000,Generic Links Overview,de_si
8e98e840-07ec-4c22-a9ea-2341f684b3af,2026-04-13 00:11:43.000,Courses Overview,de_hsda
a9a180c4-7bea-4cc9-b23e-6d37e18488e4,2026-04-13 00:11:48.000,Mail Overview,de_tuda
8e98e840-07ec-4c22-a9ea-2341f684b3af,2026-04-13 00:11:46.000,Courses Detail,de_hsda
a2bced22-2509-42ef-a15b-a99f55642075,2026-04-13 00:11:49.000,Mail Detail,de_ush
323fff30-1c1a-4957-b12d-01726b80b931,2026-04-13 00:11:41.000,Calendar Month View,de_uff
c50f4942-cb8d-4732-879c-4d324fe19360,2026-04-13 00:11:42.000,Mail Detail,de_hm
323fff30-1c1a-4957-b12d-01726b80b931,2026-04-13 00:11:46.000,Calendar Day View,de_uff
c50f4942-cb8d-4732-879c-4d324fe19360,2026-04-13 00:11:43.000,Mail Overview,de_hm
c50f4942-cb8d-4732-879c-4d324fe19360,2026-04-13 00:11:48.000,Mail Detail,de_hm
8579a780-4844-424f-8089-860def1b435e,2026-04-13 00:11:49.000,Mail Overview,de_hsa
bb674769-d724-403e-b5d3-92f488c5b3b7,2026-04-13 00:11:47.000,Mail Detail,de_hwrb
534a0268-a839-434d-af2e-a38b9d10a3f5,2026-04-12 21:17:49.000,Calendar Week View,de_ush
bb674769-d724-403e-b5d3-92f488c5b3b7,2026-04-13 00:11:46.000,Mail Overview,de_hwrb
82b2ec33-26ed-4867-b6f0-15463c7acae5,2026-04-13 00:11:48.000,Authenticator,de_pum
82b2ec33-26ed-4867-b6f0-15463c7acae5,2026-04-13 00:11:43.000,Studie Modules,de_pum
d324772d-4164-4630-a218-52d837d88e9a,2026-04-13 00:11:49.000,Links,de_hsfd
d324772d-4164-4630-a218-52d837d88e9a,2026-04-13 00:11:47.000,Studie Modules,de_hsfd
51cca946-31e2-43b6-926e-0e79c73b8c69,2026-04-13 00:11:47.000,Mail Detail,de_ehl
d324772d-4164-4630-a218-52d837d88e9a,2026-04-13 00:11:46.000,Generic Links Overview,de_hsfd
351dd1a1-9554-4126-8aea-8448c7fe21f3,2026-04-13 00:11:49.000,Mail Overview,de_kuei
8efb4889-ec35-4426-835d-b485d6667d2d,2026-04-13 00:11:54.000,Mail Detail,de_hslu
37b24a71-a797-4a87-a071-8235780c1b79,2026-04-12 09:22:44.000,Global Ory Login,de_thdeg
37b24a71-a797-4a87-a071-8235780c1b79,2026-04-12 08:52:30.000,Global Ory Login,de_thdeg
53781378-762e-4a25-9faa-b83b437ad953,2026-04-13 00:11:51.000,Mail Overview,de_hslu
37b24a71-a797-4a87-a071-8235780c1b79,2026-04-11 07:30:00.000,Global Ory Login,de_thdeg
eb82703e-f315-4f67-aab0-d04414279d48,2026-04-13 00:11:47.000,Calendar List View,de_upb
eb82703e-f315-4f67-aab0-d04414279d48,2026-04-13 00:11:55.000,Calendar Day View,de_upb
ba5f9dc9-a697-4248-9289-230add1612a1,2026-04-11 17:15:41.000,Mail Overview,de_dhbws
ec4ca457-eab6-4675-b276-5f25782cea8e,2026-04-12 22:47:45.000,Studie Modules,de_ua
ec4ca457-eab6-4675-b276-5f25782cea8e,2026-04-12 22:47:46.000,Mail Overview,de_ua
c50f4942-cb8d-4732-879c-4d324fe19360,2026-04-13 00:11:57.000,Mail Overview,de_hm
10803230-fc9a-4e27-82f5-6ed52edc2d5d,2026-04-13 00:12:00.000,Schedule Type Chooser,de_aml
10803230-fc9a-4e27-82f5-6ed52edc2d5d,2026-04-13 00:11:50.000,Schedule Create,de_aml
8b3ca3d0-32d2-43b6-9228-9554ec0868d6,2026-04-13 00:12:00.000,Calendar Day View,de_si
d324772d-4164-4630-a218-52d837d88e9a,2026-04-13 00:11:57.000,Studie Modules,de_hsfd
d324772d-4164-4630-a218-52d837d88e9a,2026-04-13 00:11:59.000,Mail Setup Manual,de_hsfd
9fc11c5c-e9fb-4e0e-acde-e8d98c9d486e,2026-04-13 00:11:59.000,Settings Overview,de_pum
9fc11c5c-e9fb-4e0e-acde-e8d98c9d486e,2026-04-13 00:11:57.000,Feed,de_pum
419c6bd6-3fc0-407a-a6e7-0fc21750d50e,2026-04-13 00:11:58.000,Cafeteria Detail,de_tucl
419c6bd6-3fc0-407a-a6e7-0fc21750d50e,2026-04-12 14:54:07.000,Mail Overview,de_tucl
37b24a71-a797-4a87-a071-8235780c1b79,2026-04-13 00:11:53.000,Global Ory Login,de_thdeg
c8af8f4f-9334-4707-b1f9-137dbf68f216,2026-04-13 00:12:01.000,Feed,de_ush
8efb4889-ec35-4426-835d-b485d6667d2d,2026-04-13 00:11:55.000,Mail Overview,de_hslu
8efb4889-ec35-4426-835d-b485d6667d2d,2026-04-13 00:11:57.000,Mail Detail,de_hslu
2f3a0ff5-638f-43b1-b7d1-90bc890c41d1,2026-04-13 00:11:56.000,Mail FolderSelection,de_hm
255a12ad-a4d1-4a25-84f6-61eeeda0070b,2026-04-13 00:12:01.000,Mail Overview,de_jlug
255a12ad-a4d1-4a25-84f6-61eeeda0070b,2026-04-13 00:11:58.000,Studie Modules,de_jlug
5f4616c9-e82a-4c7a-adae-dc1bd8bf063f,2026-04-12 21:37:04.000,Calendar Week View,de_hsan
183a9326-18d1-49e0-a4c7-5fbfb7ea35f2,2026-04-11 19:14:53.000,Mail Overview,de_phlb
183a9326-18d1-49e0-a4c7-5fbfb7ea35f2,2026-04-11 19:14:52.000,Studie Modules,de_phlb
c50f4942-cb8d-4732-879c-4d324fe19360,2026-04-13 00:12:05.000,Mail Overview,de_hm
c50f4942-cb8d-4732-879c-4d324fe19360,2026-04-13 00:12:03.000,Mail Detail,de_hm
10803230-fc9a-4e27-82f5-6ed52edc2d5d,2026-04-13 00:12:03.000,Schedule Create,de_aml
8b3ca3d0-32d2-43b6-9228-9554ec0868d6,2026-04-13 00:12:02.000,Feed,de_si
10803230-fc9a-4e27-82f5-6ed52edc2d5d,2026-04-13 00:12:02.000,Schedule Create,de_aml
d4063342-683e-434a-8e43-8e42faecdb24,2026-04-13 00:12:03.000,Mail Overview,de_jlug
10803230-fc9a-4e27-82f5-6ed52edc2d5d,2026-04-13 00:12:03.000,Schedule Color Chooser,de_aml
8b3ca3d0-32d2-43b6-9228-9554ec0868d6,2026-04-13 00:12:03.000,Calendar Day View,de_si
d324772d-4164-4630-a218-52d837d88e9a,2026-04-13 00:12:10.000,Feed,de_hsfd
d324772d-4164-4630-a218-52d837d88e9a,2026-04-13 00:12:05.000,Generic Links Overview,de_hsfd
d324772d-4164-4630-a218-52d837d88e9a,2026-04-13 00:12:03.000,Studie Modules,de_hsfd
d324772d-4164-4630-a218-52d837d88e9a,2026-04-13 00:12:09.000,Studie Modules,de_hsfd
9fc11c5c-e9fb-4e0e-acde-e8d98c9d486e,2026-04-13 00:12:08.000,Legal Imprint,de_pum
9fc11c5c-e9fb-4e0e-acde-e8d98c9d486e,2026-04-13 00:12:10.000,Settings Overview,de_pum
010126fc-77da-4d88-ba2a-b4e5370dfcdb,2026-04-13 00:12:08.000,Career Main,de_hsrm
8efb4889-ec35-4426-835d-b485d6667d2d,2026-04-13 00:12:14.000,Studie Modules,de_hslu
010126fc-77da-4d88-ba2a-b4e5370dfcdb,2026-04-13 00:12:10.000,Courses Overview,de_hsrm
010126fc-77da-4d88-ba2a-b4e5370dfcdb,2026-04-13 00:12:07.000,Feed,de_hsrm
907a55b0-2f55-49f6-9d44-1f2173a53d81,2026-04-13 00:08:47.000,Studie Modules,de_hsma
010126fc-77da-4d88-ba2a-b4e5370dfcdb,2026-04-13 00:12:08.000,Studie Modules,de_hsrm
907a55b0-2f55-49f6-9d44-1f2173a53d81,2026-04-13 00:08:48.000,Mail Overview,de_hsma
8efb4889-ec35-4426-835d-b485d6667d2d,2026-04-13 00:12:10.000,Mail Overview,de_hslu
010126fc-77da-4d88-ba2a-b4e5370dfcdb,2026-04-13 00:12:05.000,Career Onboarding,de_hsrm
c8af8f4f-9334-4707-b1f9-137dbf68f216,2026-04-13 00:12:15.000,Cafeteria Detail,de_ush
2f3a0ff5-638f-43b1-b7d1-90bc890c41d1,2026-04-13 00:12:12.000,Mail Permission,de_hm
2f3a0ff5-638f-43b1-b7d1-90bc890c41d1,2026-04-13 00:12:14.000,Mail Overview,de_hm
255a12ad-a4d1-4a25-84f6-61eeeda0070b,2026-04-13 00:12:08.000,Mail Detail,de_jlug
c50f4942-cb8d-4732-879c-4d324fe19360,2026-04-13 00:12:09.000,Mail Detail,de_hm
c50f4942-cb8d-4732-879c-4d324fe19360,2026-04-13 00:12:15.000,Mail Overview,de_hm
c50f4942-cb8d-4732-879c-4d324fe19360,2026-04-13 00:12:18.000,Mail Detail,de_hm
10803230-fc9a-4e27-82f5-6ed52edc2d5d,2026-04-13 00:12:12.000,Calendar Day View,de_aml
bb674769-d724-403e-b5d3-92f488c5b3b7,2026-04-13 00:12:20.000,Mail Overview,de_hwrb
043b648f-056a-4af4-a6e2-7d4681febf92,2026-04-13 00:12:16.000,Mail Overview,de_si
043b648f-056a-4af4-a6e2-7d4681febf92,2026-04-13 00:12:14.000,Studie Modules,de_si
043b648f-056a-4af4-a6e2-7d4681febf92,2026-04-13 00:12:19.000,Mail Detail,de_si
7b596e36-8490-4af6-b013-c2e24c90f9e2,2026-04-13 00:12:17.000,Calendar Day View,de_ovgu
22ec5ec3-4f47-4993-bd08-6153c02394e8,2026-04-12 21:16:40.000,Studie Modules,de_tum
22ec5ec3-4f47-4993-bd08-6153c02394e8,2026-04-12 21:16:41.000,Games Overview,de_tum
9fc11c5c-e9fb-4e0e-acde-e8d98c9d486e,2026-04-13 00:12:13.000,Settings Accounts,de_pum
22ec5ec3-4f47-4993-bd08-6153c02394e8,2026-04-12 21:16:42.000,Games Battleships Profile,de_tum
51cca946-31e2-43b6-926e-0e79c73b8c69,2026-04-13 00:12:23.000,Mail Detail,de_ehl
683dcb7c-d6ae-4542-8a29-5f091630d10b,2026-04-12 21:13:32.000,Mail Overview,de_ovgu
683dcb7c-d6ae-4542-8a29-5f091630d10b,2026-04-12 18:14:42.000,Mail Overview,de_ovgu
51cca946-31e2-43b6-926e-0e79c73b8c69,2026-04-13 00:12:17.000,Mail Overview,de_ehl
8efb4889-ec35-4426-835d-b485d6667d2d,2026-04-13 00:12:15.000,Calendar Week View,de_hslu
8efb4889-ec35-4426-835d-b485d6667d2d,2026-04-13 00:12:17.000,Schedule Detail,de_hslu
65b78a51-bcbb-4ff3-9666-5f0c8f4fa1c3,2026-04-13 00:12:16.000,Mail Overview,de_jlug
271820b7-9f3a-43ed-acca-54e3864755b9,2026-04-13 00:12:22.000,Feed,de_hshz
271820b7-9f3a-43ed-acca-54e3864755b9,2026-04-13 00:12:19.000,Feed Profile,de_hshz
255a12ad-a4d1-4a25-84f6-61eeeda0070b,2026-04-13 00:12:24.000,Mail Overview,de_jlug
2f3a0ff5-638f-43b1-b7d1-90bc890c41d1,2026-04-13 00:12:24.000,Mail Detail,de_hm
c8af8f4f-9334-4707-b1f9-137dbf68f216,2026-04-13 00:12:26.000,Feed,de_ush
a2bced22-2509-42ef-a15b-a99f55642075,2026-04-13 00:12:24.000,Mail Overview,de_ush
183a9326-18d1-49e0-a4c7-5fbfb7ea35f2,2026-04-13 00:12:28.000,Mail Detail,de_phlb
183a9326-18d1-49e0-a4c7-5fbfb7ea35f2,2026-04-13 00:12:24.000,Mail Overview,de_phlb
bb674769-d724-403e-b5d3-92f488c5b3b7,2026-04-13 00:12:30.000,Mail Overview,de_hwrb
bb674769-d724-403e-b5d3-92f488c5b3b7,2026-04-13 00:12:24.000,Mail Detail,de_hwrb
10803230-fc9a-4e27-82f5-6ed52edc2d5d,2026-04-13 00:12:23.000,Schedule Create,de_aml
043b648f-056a-4af4-a6e2-7d4681febf92,2026-04-13 00:12:27.000,Mail Overview,de_si
043b648f-056a-4af4-a6e2-7d4681febf92,2026-04-13 00:12:28.000,Mail Detail,de_si
a9a180c4-7bea-4cc9-b23e-6d37e18488e4,2026-04-13 00:12:24.000,Studie Modules,de_tuda
7b596e36-8490-4af6-b013-c2e24c90f9e2,2026-04-13 00:12:23.000,Calendar Week View,de_ovgu
a9a180c4-7bea-4cc9-b23e-6d37e18488e4,2026-04-13 00:12:32.000,Feed,de_tuda
06657932-9099-40d6-9606-0fb93392f4e9,2026-04-12 06:27:34.000,Schedule Detail,de_upb
01bbf4cb-56ab-4b30-a68c-c54d74daacca,2026-04-12 21:41:15.000,Settings Overview,de_hsfd
9fc11c5c-e9fb-4e0e-acde-e8d98c9d486e,2026-04-13 00:12:34.000,Settings Account Mail Advanced,de_pum
271820b7-9f3a-43ed-acca-54e3864755b9,2026-04-13 00:12:33.000,Grades Overview,de_hshz
271820b7-9f3a-43ed-acca-54e3864755b9,2026-04-13 00:12:28.000,Studie Modules,de_hshz
cfa1194b-4abc-4295-84f6-6874316768d5,2026-04-12 19:44:52.000,Mail Overview,de_gufm
cfa1194b-4abc-4295-84f6-6874316768d5,2026-04-12 19:44:50.000,Mail Detail,de_gufm
271820b7-9f3a-43ed-acca-54e3864755b9,2026-04-13 00:12:30.000,Studie Modules,de_hshz
271820b7-9f3a-43ed-acca-54e3864755b9,2026-04-13 00:12:29.000,Career Onboarding,de_hshz
255a12ad-a4d1-4a25-84f6-61eeeda0070b,2026-04-13 00:12:38.000,Studie Modules,de_jlug
a2bced22-2509-42ef-a15b-a99f55642075,2026-04-13 00:12:35.000,Mail Overview,de_ush
419c6bd6-3fc0-407a-a6e7-0fc21750d50e,2026-04-13 00:12:37.000,Feed,de_tucl
a2bced22-2509-42ef-a15b-a99f55642075,2026-04-13 00:12:33.000,Mail Detail,de_ush
183a9326-18d1-49e0-a4c7-5fbfb7ea35f2,2026-04-13 00:12:39.000,Mail Overview,de_phlb
183a9326-18d1-49e0-a4c7-5fbfb7ea35f2,2026-04-13 00:12:40.000,Mail Detail,de_phlb
bb674769-d724-403e-b5d3-92f488c5b3b7,2026-04-13 00:12:34.000,Mail Detail,de_hwrb
10803230-fc9a-4e27-82f5-6ed52edc2d5d,2026-04-13 00:12:36.000,Schedule Type Chooser,de_aml
10803230-fc9a-4e27-82f5-6ed52edc2d5d,2026-04-13 00:12:39.000,Schedule Create,de_aml
bb674769-d724-403e-b5d3-92f488c5b3b7,2026-04-13 00:12:36.000,Mail Overview,de_hwrb
10803230-fc9a-4e27-82f5-6ed52edc2d5d,2026-04-13 00:12:37.000,Schedule Create,de_aml
10803230-fc9a-4e27-82f5-6ed52edc2d5d,2026-04-13 00:12:38.000,Schedule Color Chooser,de_aml
a9a180c4-7bea-4cc9-b23e-6d37e18488e4,2026-04-13 00:12:37.000,Wallet Login,de_tuda
d1306e2a-c67c-4648-93d1-a1efef6ddf76,2026-04-13 00:12:39.000,Career Job V2,de_pum
65b78a51-bcbb-4ff3-9666-5f0c8f4fa1c3,2026-04-13 00:12:44.000,Mail Detail,de_jlug
e86768ec-d724-460f-b4e5-aab97b9059b7,2026-04-13 00:12:35.000,Cafeteria Overview,de_ukl
271820b7-9f3a-43ed-acca-54e3864755b9,2026-04-13 00:12:39.000,Grades Study Chooser,de_hshz
271820b7-9f3a-43ed-acca-54e3864755b9,2026-04-13 00:12:41.000,Grades Overview,de_hshz
ae13b751-6f35-45b1-ae28-fce56b2452fa,2026-04-13 00:12:42.000,Mail Overview,de_bt
ae13b751-6f35-45b1-ae28-fce56b2452fa,2026-04-13 00:12:40.000,Mail Detail,de_bt
40cfc2dd-3004-4bbb-aafc-94c793da2ff2,2026-04-13 00:12:47.000,Mail Overview,de_jlug
419c6bd6-3fc0-407a-a6e7-0fc21750d50e,2026-04-13 00:12:43.000,Grades Overview,de_tucl
a2bced22-2509-42ef-a15b-a99f55642075,2026-04-13 00:12:44.000,Mail Detail,de_ush
255a12ad-a4d1-4a25-84f6-61eeeda0070b,2026-04-13 00:12:39.000,Generic Links Overview,de_jlug
a2bced22-2509-42ef-a15b-a99f55642075,2026-04-13 00:12:47.000,Mail Overview,de_ush
c8af8f4f-9334-4707-b1f9-137dbf68f216,2026-04-13 00:12:43.000,Studie Modules,de_ush
c8af8f4f-9334-4707-b1f9-137dbf68f216,2026-04-13 00:12:46.000,Auditories,de_ush
91bdc37d-0f50-4baf-b931-9c9c53f7192f,2026-04-13 00:12:45.000,Cafeteria Overview,de_ks
2f3a0ff5-638f-43b1-b7d1-90bc890c41d1,2026-04-13 00:12:46.000,Studie Modules,de_hm
10803230-fc9a-4e27-82f5-6ed52edc2d5d,2026-04-13 00:12:46.000,Calendar Day View,de_aml
b7a666f8-09be-4c60-9989-7689288749bc,2026-04-13 00:12:44.000,Mail Overview,de_lg
b7a666f8-09be-4c60-9989-7689288749bc,2026-04-13 00:12:46.000,Mail Detail,de_lg
9d093304-724c-4c2c-85f9-fa92a0deb4ea,2026-04-13 00:12:50.000,Mail Overview,de_si
9d093304-724c-4c2c-85f9-fa92a0deb4ea,2026-04-13 00:12:50.000,Mail Detail,de_si
9d093304-724c-4c2c-85f9-fa92a0deb4ea,2026-04-13 00:12:47.000,Mail Overview,de_si
9d093304-724c-4c2c-85f9-fa92a0deb4ea,2026-04-13 00:12:48.000,Mail Detail,de_si
183a9326-18d1-49e0-a4c7-5fbfb7ea35f2,2026-04-13 00:12:55.000,Mail Overview,de_phlb
9fc11c5c-e9fb-4e0e-acde-e8d98c9d486e,2026-04-13 00:12:50.000,Settings Accounts,de_pum
271820b7-9f3a-43ed-acca-54e3864755b9,2026-04-13 00:12:56.000,Todo,de_hshz
271820b7-9f3a-43ed-acca-54e3864755b9,2026-04-13 00:12:53.000,Studie Modules,de_hshz
043b648f-056a-4af4-a6e2-7d4681febf92,2026-04-13 00:12:56.000,Mail Overview,de_si
65b78a51-bcbb-4ff3-9666-5f0c8f4fa1c3,2026-04-13 00:12:56.000,Mail Overview,de_jlug
419c6bd6-3fc0-407a-a6e7-0fc21750d50e,2026-04-13 00:12:52.000,Feed,de_tucl
a2bced22-2509-42ef-a15b-a99f55642075,2026-04-13 00:12:50.000,Mail Detail,de_ush
a2bced22-2509-42ef-a15b-a99f55642075,2026-04-13 00:12:52.000,Mail Overview,de_ush
419c6bd6-3fc0-407a-a6e7-0fc21750d50e,2026-04-13 00:12:56.000,Career Main,de_tucl
2f3a0ff5-638f-43b1-b7d1-90bc890c41d1,2026-04-13 00:12:53.000,Mail Overview,de_hm
c8af8f4f-9334-4707-b1f9-137dbf68f216,2026-04-13 00:13:02.000,Auditories Detail,de_ush
084a8f35-e3b2-477d-9967-d556cd18a7b2,2026-04-13 00:13:02.000,Studie Modules,de_bt
9d093304-724c-4c2c-85f9-fa92a0deb4ea,2026-04-13 00:13:01.000,Mail Overview,de_si
103c521a-9b17-4f17-80bb-b5b1db5fb873,2026-04-10 10:20:10.000,Generic Links Overview,de_ul
9fc11c5c-e9fb-4e0e-acde-e8d98c9d486e,2026-04-13 00:13:00.000,Uninow Account Informations Modal,de_pum
043b648f-056a-4af4-a6e2-7d4681febf92,2026-04-13 00:12:57.000,Mail Detail,de_si
043b648f-056a-4af4-a6e2-7d4681febf92,2026-04-13 00:12:59.000,Mail Overview,de_si
043b648f-056a-4af4-a6e2-7d4681febf92,2026-04-13 00:13:01.000,Mail Detail,de_si
0678712a-08de-42d6-bfb6-4ed1916f7dcd,2026-04-12 20:04:02.000,Feed,de_hsfd
0678712a-08de-42d6-bfb6-4ed1916f7dcd,2026-04-12 20:04:01.000,Mail Detail,de_hsfd
0678712a-08de-42d6-bfb6-4ed1916f7dcd,2026-04-12 20:04:01.000,Mail Overview,de_hsfd
891e1b46-5613-4d4f-942a-ed50297759a9,2026-04-12 20:54:09.000,Mail Overview,de_pum
891e1b46-5613-4d4f-942a-ed50297759a9,2026-04-12 20:54:10.000,Mail Detail,de_pum
18e5f4b5-bf4d-401a-9ce0-6f5ff0130315,2026-04-13 00:13:03.000,Career Main,de_hsge
7e62c7c6-e68a-4c04-91c2-c8ef021c84bf,2026-04-13 00:13:03.000,Mail Detail,de_wum
10803230-fc9a-4e27-82f5-6ed52edc2d5d,2026-04-13 00:13:08.000,Schedule Type Chooser,de_aml
10803230-fc9a-4e27-82f5-6ed52edc2d5d,2026-04-13 00:13:10.000,Schedule Create,de_aml
7e62c7c6-e68a-4c04-91c2-c8ef021c84bf,2026-04-13 00:13:01.000,Studie Modules,de_wum
7e62c7c6-e68a-4c04-91c2-c8ef021c84bf,2026-04-13 00:13:00.000,Feed,de_wum
7e62c7c6-e68a-4c04-91c2-c8ef021c84bf,2026-04-13 00:13:02.000,Mail Overview,de_wum
10803230-fc9a-4e27-82f5-6ed52edc2d5d,2026-04-13 00:13:09.000,Schedule Color Chooser,de_aml
10803230-fc9a-4e27-82f5-6ed52edc2d5d,2026-04-13 00:13:09.000,Schedule Create,de_aml
10803230-fc9a-4e27-82f5-6ed52edc2d5d,2026-04-13 00:13:01.000,Schedule Create,de_aml
071e3de6-f6f8-4c4a-8004-6f40590c6c1b,2026-04-12 23:15:54.000,Mail Detail,de_fhst
ee2e5290-8f4a-42c7-a997-3236a7b7f466,2026-04-11 17:10:27.000,Settings Overview,de_fhms
084a8f35-e3b2-477d-9967-d556cd18a7b2,2026-04-13 00:13:03.000,Mail Overview,de_bt
ee2e5290-8f4a-42c7-a997-3236a7b7f466,2026-04-11 17:10:28.000,Studie Modules,de_fhms
084a8f35-e3b2-477d-9967-d556cd18a7b2,2026-04-13 00:13:09.000,Mail Detail,de_bt
fa651505-d0de-4778-8782-91575742399c,2026-04-13 00:13:06.000,Mail Overview,de_si
fa651505-d0de-4778-8782-91575742399c,2026-04-13 00:13:12.000,Mail Overview,de_si
9d093304-724c-4c2c-85f9-fa92a0deb4ea,2026-04-13 00:13:13.000,Mail Detail,de_si
fa651505-d0de-4778-8782-91575742399c,2026-04-13 00:13:11.000,Mail Detail,de_si
2f3a0ff5-638f-43b1-b7d1-90bc890c41d1,2026-04-13 00:13:14.000,Mail Detail,de_hm
043b648f-056a-4af4-a6e2-7d4681febf92,2026-04-13 00:13:11.000,Mail Detail,de_si
043b648f-056a-4af4-a6e2-7d4681febf92,2026-04-13 00:13:09.000,Mail Overview,de_si
043b648f-056a-4af4-a6e2-7d4681febf92,2026-04-13 00:13:13.000,Mail Overview,de_si
a3975429-035e-4073-9b72-f79bbe2407e8,2026-04-13 00:13:17.000,Mail Detail,de_khb
a3975429-035e-4073-9b72-f79bbe2407e8,2026-04-13 00:11:20.000,Mail Overview,de_khb
a0b95585-0405-415a-ad21-a218be5a250a,2026-04-13 00:13:10.000,Mail Detail,de_thm
a0b95585-0405-415a-ad21-a218be5a250a,2026-04-13 00:13:07.000,Mail Overview,de_thm
a0b95585-0405-415a-ad21-a218be5a250a,2026-04-13 00:13:16.000,Mail Overview,de_thm
a0b95585-0405-415a-ad21-a218be5a250a,2026-04-12 22:15:18.000,Mail Overview,de_thm
18e5f4b5-bf4d-401a-9ce0-6f5ff0130315,2026-04-13 00:13:18.000,Career Main,de_hsge
18e5f4b5-bf4d-401a-9ce0-6f5ff0130315,2026-04-13 00:13:12.000,Refinement Popover,de_hsge
8feb8992-5001-4fc0-af6c-39244b514d7d,2026-04-13 00:13:09.000,Study Field Onboarding,de_hszg
9fc11c5c-e9fb-4e0e-acde-e8d98c9d486e,2026-04-13 00:13:22.000,Settings Accounts,de_pum
10803230-fc9a-4e27-82f5-6ed52edc2d5d,2026-04-13 00:13:16.000,Calendar Day View,de_aml
1a6bb8f2-d8bf-4712-9c2d-c51473e2aac7,2026-04-12 23:43:13.000,Study Field Onboarding,de_fhms
1a6bb8f2-d8bf-4712-9c2d-c51473e2aac7,2026-04-13 00:13:19.000,Study Field Onboarding,de_fhms
9fe27164-c481-4ab0-9b4a-7085636d41f0,2026-04-13 00:13:20.000,Mail Overview,de_ks
fa651505-d0de-4778-8782-91575742399c,2026-04-13 00:13:14.000,Mail Detail,de_si
9fe27164-c481-4ab0-9b4a-7085636d41f0,2026-04-13 00:13:18.000,Studie Modules,de_ks
3583f01d-4d97-4f2e-9214-0b94f7f5b3af,2026-04-13 00:13:14.000,Schedule Overview,de_hsgh
3583f01d-4d97-4f2e-9214-0b94f7f5b3af,2026-04-12 19:43:40.000,Schedule Overview,de_hsgh
628e0cd4-2f86-45a7-acc0-ceb578bcd92c,2026-04-13 00:13:16.000,Mail Overview,de_pum
628e0cd4-2f86-45a7-acc0-ceb578bcd92c,2026-04-13 00:13:16.000,Studie Modules,de_pum
a3975429-035e-4073-9b72-f79bbe2407e8,2026-04-13 00:13:20.000,Mail Overview,de_khb
a3975429-035e-4073-9b72-f79bbe2407e8,2026-04-13 00:13:22.000,Mail Overview,de_khb
c154ba6b-8249-48de-8baf-ecc3794074e7,2026-04-11 00:43:18.000,Grades Overview,de_eufb
a3975429-035e-4073-9b72-f79bbe2407e8,2026-04-13 00:13:21.000,Mail Detail,de_khb
56b80ed6-cbc8-4af0-9a61-0d87d783a04f,2026-04-13 00:13:26.000,Studie Modules,de_hsrm
56b80ed6-cbc8-4af0-9a61-0d87d783a04f,2026-04-13 00:13:19.000,Studie Modules,de_hsrm
56b80ed6-cbc8-4af0-9a61-0d87d783a04f,2026-04-13 00:13:28.000,Mail Overview,de_hsrm
56b80ed6-cbc8-4af0-9a61-0d87d783a04f,2026-04-13 00:13:20.000,Mail Overview,de_hsrm
56b80ed6-cbc8-4af0-9a61-0d87d783a04f,2026-04-13 00:13:24.000,Mail Detail,de_hsrm
56b80ed6-cbc8-4af0-9a61-0d87d783a04f,2026-04-13 00:13:26.000,Mail Overview,de_hsrm
18e5f4b5-bf4d-401a-9ce0-6f5ff0130315,2026-04-13 00:13:21.000,Refinement Popover,de_hsge
084a8f35-e3b2-477d-9967-d556cd18a7b2,2026-04-13 00:13:30.000,Mail Overview,de_bt
fa651505-d0de-4778-8782-91575742399c,2026-04-13 00:13:26.000,Mail Detail,de_si
fa651505-d0de-4778-8782-91575742399c,2026-04-13 00:13:24.000,Mail Overview,de_si
642b61b2-2ca0-4407-9852-580b8d9f1855,2026-04-13 00:13:26.000,Studie Modules,de_hm
150f5d37-1e84-49e8-aa15-ac48f4e8bc7a,2026-04-13 00:13:36.000,Studie Modules,de_pum
642b61b2-2ca0-4407-9852-580b8d9f1855,2026-04-13 00:13:28.000,Mail Overview,de_hm
642b61b2-2ca0-4407-9852-580b8d9f1855,2026-04-13 00:13:36.000,Studie Modules,de_hm
c50f4942-cb8d-4732-879c-4d324fe19360,2026-04-13 00:12:24.000,Mail Detail,de_hm
d46ffd67-e578-4f5b-9067-b093abba8d12,2026-04-13 00:13:28.000,Mail FolderSelection,de_thm
c50f4942-cb8d-4732-879c-4d324fe19360,2026-04-13 00:12:20.000,Mail Overview,de_hm
c50f4942-cb8d-4732-879c-4d324fe19360,2026-04-13 00:13:36.000,Mail Overview,de_hm
fc5148a6-9397-4e78-a0d1-4dfbd35915da,2026-04-13 00:13:35.000,Mail Detail,de_tuda
fc5148a6-9397-4e78-a0d1-4dfbd35915da,2026-04-13 00:13:39.000,Mail Overview,de_tuda
18e5f4b5-bf4d-401a-9ce0-6f5ff0130315,2026-04-13 00:13:35.000,Career Main,de_hsge
18e5f4b5-bf4d-401a-9ce0-6f5ff0130315,2026-04-13 00:13:37.000,Refinement Popover,de_hsge
084a8f35-e3b2-477d-9967-d556cd18a7b2,2026-04-13 00:13:33.000,Generic Links Overview,de_bt
fc5148a6-9397-4e78-a0d1-4dfbd35915da,2026-04-13 00:13:33.000,Mail Overview,de_tuda
084a8f35-e3b2-477d-9967-d556cd18a7b2,2026-04-13 00:13:31.000,Studie Modules,de_bt
d1306e2a-c67c-4648-93d1-a1efef6ddf76,2026-04-13 00:13:42.000,Career Main,de_pum
9fe27164-c481-4ab0-9b4a-7085636d41f0,2026-04-13 00:13:36.000,Mail Detail,de_ks
fa651505-d0de-4778-8782-91575742399c,2026-04-13 00:13:45.000,Mail Overview,de_si
56b80ed6-cbc8-4af0-9a61-0d87d783a04f,2026-04-13 00:13:48.000,Mail Write,de_hsrm
56b80ed6-cbc8-4af0-9a61-0d87d783a04f,2026-04-13 00:13:40.000,Mail Detail,de_hsrm
10803230-fc9a-4e27-82f5-6ed52edc2d5d,2026-04-13 00:13:39.000,Schedule Create,de_aml
10803230-fc9a-4e27-82f5-6ed52edc2d5d,2026-04-13 00:13:46.000,Schedule Create,de_aml
10803230-fc9a-4e27-82f5-6ed52edc2d5d,2026-04-13 00:13:44.000,Schedule Type Chooser,de_aml
10803230-fc9a-4e27-82f5-6ed52edc2d5d,2026-04-13 00:13:44.000,Schedule Create,de_aml
10803230-fc9a-4e27-82f5-6ed52edc2d5d,2026-04-13 00:13:45.000,Schedule Color Chooser,de_aml
18e5f4b5-bf4d-401a-9ce0-6f5ff0130315,2026-04-13 00:13:48.000,Career Main,de_hsge
18e5f4b5-bf4d-401a-9ce0-6f5ff0130315,2026-04-13 00:13:49.000,Refinement Popover,de_hsge
f6a0b2f1-8aa6-4f2f-8753-9efda92edf27,2026-04-13 00:13:48.000,Feed,de_upb
f8987b5c-155f-4e76-be42-eb3f2a7feb57,2026-04-12 17:48:32.000,Mail Overview,de_jlug
f8987b5c-155f-4e76-be42-eb3f2a7feb57,2026-04-12 17:48:31.000,Studie Modules,de_jlug
642b61b2-2ca0-4407-9852-580b8d9f1855,2026-04-13 00:13:51.000,Mail Login,de_hm
e8d09939-0315-4abd-81e5-f98058559109,2026-04-13 00:13:52.000,Mail Detail,de_pum
7e42d574-63ab-49aa-a174-78c3bf6b299e,2026-04-13 00:13:50.000,Studie Modules,de_ks
e8d09939-0315-4abd-81e5-f98058559109,2026-04-13 00:13:47.000,Mail Overview,de_pum
fca4160f-b59c-40dd-9e1a-cda49b4bd4af,2026-04-12 16:19:31.000,Authenticator,de_pum
fca4160f-b59c-40dd-9e1a-cda49b4bd4af,2026-04-12 16:19:29.000,Studie Modules,de_pum
fa651505-d0de-4778-8782-91575742399c,2026-04-13 00:13:55.000,Mail Overview,de_si
fa651505-d0de-4778-8782-91575742399c,2026-04-13 00:13:47.000,Mail Detail,de_si
a3f426ad-fde6-44e2-be54-afa76f02a9f0,2026-04-13 00:13:49.000,Calendar Month View,de_hfwu
a3f426ad-fde6-44e2-be54-afa76f02a9f0,2026-04-13 00:13:48.000,Calendar Day View,de_hfwu
a3f426ad-fde6-44e2-be54-afa76f02a9f0,2026-04-10 11:02:38.000,Calendar Month View,de_hfwu
a3f426ad-fde6-44e2-be54-afa76f02a9f0,2026-04-10 11:02:35.000,Feed,de_hfwu
a3f426ad-fde6-44e2-be54-afa76f02a9f0,2026-04-13 00:13:47.000,Feed,de_hfwu
a3f426ad-fde6-44e2-be54-afa76f02a9f0,2026-04-10 11:02:36.000,Calendar Day View,de_hfwu
56b80ed6-cbc8-4af0-9a61-0d87d783a04f,2026-04-13 00:13:52.000,Mail Write,de_hsrm
56b80ed6-cbc8-4af0-9a61-0d87d783a04f,2026-04-13 00:13:51.000,Mail Detail,de_hsrm
83636eb3-8256-401e-9bb2-1d8c1d56ab5d,2026-04-12 21:22:48.000,Mail Detail,de_thbi
c1f3efdf-4587-4b50-9027-c3ea9f3635fd,2026-04-13 00:13:58.000,Studie Modules,de_thk
10803230-fc9a-4e27-82f5-6ed52edc2d5d,2026-04-13 00:13:52.000,Calendar Day View,de_aml
c1f3efdf-4587-4b50-9027-c3ea9f3635fd,2026-04-13 00:13:59.000,Mail Overview,de_thk
f6a0b2f1-8aa6-4f2f-8753-9efda92edf27,2026-04-13 00:13:51.000,Cafeteria Overview,de_upb
18e5f4b5-bf4d-401a-9ce0-6f5ff0130315,2026-04-13 00:13:58.000,Career Main,de_hsge
d1306e2a-c67c-4648-93d1-a1efef6ddf76,2026-04-13 00:14:01.000,Career Job V2,de_pum
7e42d574-63ab-49aa-a174-78c3bf6b299e,2026-04-13 00:13:55.000,Studie Modules,de_ks
7e42d574-63ab-49aa-a174-78c3bf6b299e,2026-04-13 00:14:03.000,Studie Modules,de_ks
7e42d574-63ab-49aa-a174-78c3bf6b299e,2026-04-13 00:13:54.000,Generic Links Overview,de_ks
7e42d574-63ab-49aa-a174-78c3bf6b299e,2026-04-13 00:14:03.000,Grid Modify,de_ks
7e42d574-63ab-49aa-a174-78c3bf6b299e,2026-04-13 00:14:01.000,Grid Menu Modal,de_ks
42aa668e-60be-4688-b798-3e625e78d6db,2026-04-12 12:45:09.000,Mail Overview,de_hsm
fa651505-d0de-4778-8782-91575742399c,2026-04-13 00:13:56.000,Mail Detail,de_si
9fe27164-c481-4ab0-9b4a-7085636d41f0,2026-04-13 00:14:07.000,Mail Overview,de_ks
46f55c99-91a6-4508-a8fe-59b6ff2da4d5,2026-04-13 00:13:57.000,Cafeteria Overview,de_hnee
d46ffd67-e578-4f5b-9067-b093abba8d12,2026-04-13 00:14:07.000,Mail Permission,de_thm
c064612d-685f-4bef-a772-461fc197f245,2026-04-12 14:09:44.000,Schedule Overview,de_ush
10803230-fc9a-4e27-82f5-6ed52edc2d5d,2026-04-13 00:14:09.000,Schedule Type Chooser,de_aml
10803230-fc9a-4e27-82f5-6ed52edc2d5d,2026-04-13 00:14:05.000,Schedule Create,de_aml
bf65634a-7306-456a-a36c-94ac9855f218,2026-04-12 20:43:18.000,Cafeteria Overview,de_hvk
bf65634a-7306-456a-a36c-94ac9855f218,2026-04-12 20:43:19.000,Feed,de_hvk
bf65634a-7306-456a-a36c-94ac9855f218,2026-04-12 18:54:13.000,Feed,de_hvk
bf65634a-7306-456a-a36c-94ac9855f218,2026-04-12 20:43:15.000,Cafeteria Overview,de_hvk
bf65634a-7306-456a-a36c-94ac9855f218,2026-04-12 20:43:17.000,Cafeteria Detail,de_hvk
1a5da177-7389-494f-8b59-cf9a6adf6bd7,2026-04-13 00:14:04.000,Calendar Day View,de_pum
1a5da177-7389-494f-8b59-cf9a6adf6bd7,2026-04-13 00:14:09.000,Feed,de_pum
5fa1b9af-e1bb-4bd1-a0dd-220312e1552e,2026-04-12 23:55:04.000,Mail Overview,de_ovgu
5fa1b9af-e1bb-4bd1-a0dd-220312e1552e,2026-04-12 23:55:05.000,Mail Overview,de_ovgu
ab23cd11-0b84-485a-aaed-b7043bcb9aff,2026-04-12 23:59:47.000,Cafeteria Detail,de_upb
ab23cd11-0b84-485a-aaed-b7043bcb9aff,2026-04-12 23:59:51.000,Cafeteria Overview,de_upb
5fa1b9af-e1bb-4bd1-a0dd-220312e1552e,2026-04-12 23:55:04.000,Mail Detail,de_ovgu
5fa1b9af-e1bb-4bd1-a0dd-220312e1552e,2026-04-12 23:55:09.000,Mail Overview,de_ovgu
5fa1b9af-e1bb-4bd1-a0dd-220312e1552e,2026-04-12 23:55:07.000,Mail Detail,de_ovgu
7e42d574-63ab-49aa-a174-78c3bf6b299e,2026-04-13 00:14:11.000,Generic Links Overview,de_ks
ad5da053-c5bb-41cd-8e5d-7bd16cbdb3a6,2026-04-13 00:14:04.000,Mail Overview,de_hshb
ad5da053-c5bb-41cd-8e5d-7bd16cbdb3a6,2026-04-13 00:14:09.000,Mail Detail,de_hshb
7e42d574-63ab-49aa-a174-78c3bf6b299e,2026-04-13 00:14:06.000,Studie Modules,de_ks
ad5da053-c5bb-41cd-8e5d-7bd16cbdb3a6,2026-04-13 00:14:12.000,Mail Overview,de_hshb
0188b20b-7580-4427-94df-c7a84c7dc192,2026-04-12 14:22:08.000,Mail Detail,de_ur
db7e4b03-cc03-4ed0-8b5c-c4b2189237e5,2026-04-03 13:38:03.000,Feed Detail,de_hshb
db7e4b03-cc03-4ed0-8b5c-c4b2189237e5,2026-04-07 08:32:08.000,Studie Modules,de_hshb
0188b20b-7580-4427-94df-c7a84c7dc192,2026-04-13 00:14:05.000,Studie Modules,de_ur
0188b20b-7580-4427-94df-c7a84c7dc192,2026-04-12 14:22:07.000,Mail Overview,de_ur
0188b20b-7580-4427-94df-c7a84c7dc192,2026-04-12 14:22:09.000,Mail Overview,de_ur
0188b20b-7580-4427-94df-c7a84c7dc192,2026-04-13 00:14:05.000,Feed,de_ur
0188b20b-7580-4427-94df-c7a84c7dc192,2026-04-13 00:14:06.000,Mail Overview,de_ur
db7e4b03-cc03-4ed0-8b5c-c4b2189237e5,2026-04-07 08:32:09.000,wallet,de_hshb
fa651505-d0de-4778-8782-91575742399c,2026-04-13 00:14:12.000,Mail Overview,de_si
9fe27164-c481-4ab0-9b4a-7085636d41f0,2026-04-13 00:14:16.000,Mail Detail,de_ks
d46ffd67-e578-4f5b-9067-b093abba8d12,2026-04-13 00:14:11.000,Mail Overview,de_thm
10803230-fc9a-4e27-82f5-6ed52edc2d5d,2026-04-13 00:14:10.000,Schedule Create,de_aml
1a5da177-7389-494f-8b59-cf9a6adf6bd7,2026-04-13 00:14:11.000,Studie Modules,de_pum
10803230-fc9a-4e27-82f5-6ed52edc2d5d,2026-04-13 00:14:12.000,Schedule Create,de_aml
1a5da177-7389-494f-8b59-cf9a6adf6bd7,2026-04-13 00:14:16.000,Generic Links Overview,de_pum
10803230-fc9a-4e27-82f5-6ed52edc2d5d,2026-04-13 00:14:12.000,Schedule Color Chooser,de_aml
12318349-c825-4bf5-9922-fef78a53d44b,2026-04-13 00:14:16.000,Studie Modules,de_pum
55121a28-e0f6-45bf-98ee-bf39270899cd,2026-04-12 21:35:40.000,Studie Modules,de_thm
39bc7dbb-709b-4ab3-a14d-5f414076bbc7,2026-04-12 23:14:07.000,Mail Detail,de_hm
ad5da053-c5bb-41cd-8e5d-7bd16cbdb3a6,2026-04-13 00:14:13.000,Feed,de_hshb
7e42d574-63ab-49aa-a174-78c3bf6b299e,2026-04-13 00:14:21.000,Studie Modules,de_ks
7e42d574-63ab-49aa-a174-78c3bf6b299e,2026-04-13 00:14:23.000,Generic Links Overview,de_ks
c7bf779f-211a-42b0-8961-281d335f9d7a,2026-04-12 20:32:06.000,Feed,de_pum
c7bf779f-211a-42b0-8961-281d335f9d7a,2026-04-12 21:00:51.000,Authenticator,de_pum
c7bf779f-211a-42b0-8961-281d335f9d7a,2026-04-12 20:32:10.000,Authenticator,de_pum
4ed56654-0f66-40b5-8e0e-d1dce36041c0,2026-04-13 00:14:20.000,Cafeteria Overview,de_pum
48078ecb-4789-42c2-901a-29c2c79924e9,2026-04-12 23:36:03.000,Studie Modules,de_hsnd
48078ecb-4789-42c2-901a-29c2c79924e9,2026-04-12 23:36:04.000,Mail Overview,de_hsnd
12318349-c825-4bf5-9922-fef78a53d44b,2026-04-13 00:14:24.000,Authenticator,de_pum
10803230-fc9a-4e27-82f5-6ed52edc2d5d,2026-04-13 00:14:21.000,Calendar Day View,de_aml
6def9542-b327-48f5-8c13-a5213e879c8c,2026-04-13 00:14:20.000,Global Ory Login,de_hsge
08a70a2d-0a7e-4cfc-9da5-094a098f5fe0,2026-04-10 06:32:52.000,Studie Modules,de_us
1dfaab96-c53a-4764-82a6-dceed2e059b4,2026-04-12 21:11:19.000,Feed Detail,de_ush
1dfaab96-c53a-4764-82a6-dceed2e059b4,2026-04-12 21:11:23.000,Feed,de_ush
51cca946-31e2-43b6-926e-0e79c73b8c69,2026-04-13 00:14:27.000,Mail Overview,de_ehl
39025969-78d7-4ea8-aa42-c8c0d695e024,2026-04-12 19:13:55.000,Studie Modules,de_rt
39025969-78d7-4ea8-aa42-c8c0d695e024,2026-04-12 19:13:56.000,Mail Overview,de_rt
39025969-78d7-4ea8-aa42-c8c0d695e024,2026-04-12 15:58:28.000,Mail Overview,de_rt
39025969-78d7-4ea8-aa42-c8c0d695e024,2026-04-12 15:58:28.000,Studie Modules,de_rt
40abcb96-2f38-43f5-9e4b-da8ce707265b,2026-04-12 19:52:48.000,Calendar Day View,de_dhbws
272e278b-8200-46c9-ba29-e0c4fbb9ced3,2026-04-12 13:30:13.000,Cafeteria Detail,de_hshz
272e278b-8200-46c9-ba29-e0c4fbb9ced3,2026-04-12 13:30:11.000,Cafeteria Overview,de_hshz
56b80ed6-cbc8-4af0-9a61-0d87d783a04f,2026-04-13 00:14:36.000,Mail Detail,de_hsrm
9861a8cf-c706-40f5-9113-438bc95c0c16,2026-04-13 00:14:28.000,Studie Modules,de_hsgh
9861a8cf-c706-40f5-9113-438bc95c0c16,2026-04-13 00:14:35.000,Mail Detail,de_hsgh
d46ffd67-e578-4f5b-9067-b093abba8d12,2026-04-13 00:14:31.000,Mail Detail,de_thm
9861a8cf-c706-40f5-9113-438bc95c0c16,2026-04-13 00:14:30.000,Mail Overview,de_hsgh
5107fe0d-794c-4ad5-b23c-7f911ce74e11,2026-04-13 00:14:31.000,wallet,de_tuda
5107fe0d-794c-4ad5-b23c-7f911ce74e11,2026-04-13 00:14:30.000,Studie Modules,de_tuda
5107fe0d-794c-4ad5-b23c-7f911ce74e11,2026-04-13 00:14:35.000,Wallet Disclaimer,de_tuda
5107fe0d-794c-4ad5-b23c-7f911ce74e11,2026-04-13 00:14:39.000,wallet,de_tuda
4e841f41-be28-4843-ba72-dd9765c83016,2026-04-11 16:57:02.000,wallet,de_upb
fa651505-d0de-4778-8782-91575742399c,2026-04-13 00:14:38.000,Mail Detail,de_si
2d40d239-029a-4baf-8f5f-af2d6ca97861,2026-04-12 22:31:25.000,Feed,de_upb
fa651505-d0de-4778-8782-91575742399c,2026-04-13 00:14:39.000,Mail Overview,de_si
4e841f41-be28-4843-ba72-dd9765c83016,2026-04-11 16:57:01.000,Studie Modules,de_upb
2d40d239-029a-4baf-8f5f-af2d6ca97861,2026-04-12 22:31:21.000,Calendar List View,de_upb
fa651505-d0de-4778-8782-91575742399c,2026-04-13 00:14:40.000,Mail Detail,de_si
6e4be651-15bb-432f-96a1-576c7bb11446,2026-04-13 00:14:34.000,Studie Modules,de_ks
6e4be651-15bb-432f-96a1-576c7bb11446,2026-04-13 00:14:35.000,Generic Links Overview,de_ks
08a70a2d-0a7e-4cfc-9da5-094a098f5fe0,2026-04-13 00:14:38.000,Feed Detail,de_us
6e4be651-15bb-432f-96a1-576c7bb11446,2026-04-13 00:14:32.000,Mail Overview,de_ks
4db00abd-9df6-4e6b-a978-b7748e2819b7,2026-04-08 22:29:27.000,Feed,de_tum
6e4be651-15bb-432f-96a1-576c7bb11446,2026-04-13 00:14:30.000,Studie Modules,de_ks
4db00abd-9df6-4e6b-a978-b7748e2819b7,2026-04-08 22:29:26.000,Studie Modules,de_tum
6ca8cceb-4921-4358-81ff-11c4256fcee0,2026-04-12 10:28:09.000,Settings Overview,de_haw
e8d09939-0315-4abd-81e5-f98058559109,2026-04-13 00:14:33.000,Mail Overview,de_pum
e8d09939-0315-4abd-81e5-f98058559109,2026-04-13 00:14:39.000,Mail Detail,de_pum
3149b3e2-61ab-4d6a-8856-c3d1db9d1dcb,2026-04-12 10:03:45.000,Mail Overview,de_ovgu
3149b3e2-61ab-4d6a-8856-c3d1db9d1dcb,2026-04-12 10:03:45.000,Mail Detail,de_ovgu
3149b3e2-61ab-4d6a-8856-c3d1db9d1dcb,2026-04-12 10:03:47.000,Mail Overview,de_ovgu
68b9cca1-147e-473f-bb6d-1a20566be8d8,2026-04-13 00:14:40.000,Mail Detail,de_ks
92f43545-104a-4119-997a-5b134b1f6bd5,2026-04-12 12:11:58.000,Studie Modules,de_evhb
92f43545-104a-4119-997a-5b134b1f6bd5,2026-04-12 23:14:34.000,Study Field Onboarding,de_evhb
92f43545-104a-4119-997a-5b134b1f6bd5,2026-04-12 12:11:56.000,Career Onboarding,de_evhb
68b9cca1-147e-473f-bb6d-1a20566be8d8,2026-04-13 00:14:38.000,Mail Overview,de_ks
f27851c1-9e51-47c8-bb42-670194c45a08,2026-04-12 20:31:59.000,Links,de_hm
f27851c1-9e51-47c8-bb42-670194c45a08,2026-04-12 19:24:06.000,Studie Modules,de_hm
56b80ed6-cbc8-4af0-9a61-0d87d783a04f,2026-04-13 00:14:46.000,Mail Detail,de_hsrm
f27851c1-9e51-47c8-bb42-670194c45a08,2026-04-12 19:24:07.000,Links,de_hm
56b80ed6-cbc8-4af0-9a61-0d87d783a04f,2026-04-13 00:14:41.000,Studie Modules,de_hsrm
f27851c1-9e51-47c8-bb42-670194c45a08,2026-04-12 21:55:31.000,Mail Login,de_hm
56b80ed6-cbc8-4af0-9a61-0d87d783a04f,2026-04-13 00:14:38.000,Mail Overview,de_hsrm
f27851c1-9e51-47c8-bb42-670194c45a08,2026-04-12 20:31:57.000,Studie Modules,de_hm
56b80ed6-cbc8-4af0-9a61-0d87d783a04f,2026-04-13 00:14:42.000,Mail Overview,de_hsrm
0cc55f6c-d840-4abb-a957-d1a64e3c687b,2026-04-12 23:59:26.000,Mail Overview,de_hsma
aaecf557-0284-4a40-92c5-664476635e58,2026-04-13 00:14:51.000,Calendar Day View,de_si
0fafba88-5b85-4c19-af24-c54f02244b71,2026-04-12 23:37:54.000,Mail Overview,de_jlug
061b527c-446b-4d5f-92c9-14a917c884af,2026-04-12 07:38:09.000,Mail Overview,de_kuei
a3975429-035e-4073-9b72-f79bbe2407e8,2026-04-13 00:14:46.000,Mail Detail,de_khb
642b61b2-2ca0-4407-9852-580b8d9f1855,2026-04-13 00:14:54.000,Mail FolderSelection,de_hm
56b80ed6-cbc8-4af0-9a61-0d87d783a04f,2026-04-13 00:14:57.000,Mail Overview,de_hsrm
10803230-fc9a-4e27-82f5-6ed52edc2d5d,2026-04-13 00:14:59.000,Schedule Create,de_aml
1a5da177-7389-494f-8b59-cf9a6adf6bd7,2026-04-13 00:14:59.000,Studie Modules,de_pum
5107fe0d-794c-4ad5-b23c-7f911ce74e11,2026-04-13 00:15:00.000,Wallet Disclaimer,de_tuda
b1567d99-0f56-42e5-a164-b8112143714b,2026-04-13 00:15:00.000,Calendar Detail,de_cbs
6be01288-8138-4410-bbc7-39a52277907b,2026-04-12 21:02:12.000,Studie Modules,de_thm
b1567d99-0f56-42e5-a164-b8112143714b,2026-04-13 00:15:01.000,Calendar Detail,de_cbs
b1567d99-0f56-42e5-a164-b8112143714b,2026-04-13 00:15:01.000,calendar_overview,de_cbs
642b61b2-2ca0-4407-9852-580b8d9f1855,2026-04-13 00:15:01.000,Mail Permission,de_hm
acf2252c-d03d-400e-bc09-9ba76ab9d05d,2026-04-12 18:11:36.000,Feed,de_upb
0e72aec2-059e-4a4d-b4f5-110ee3a774fe,2026-04-12 22:04:12.000,Studie Modules,de_thm
08a70a2d-0a7e-4cfc-9da5-094a098f5fe0,2026-04-13 00:15:07.000,Feed,de_us
916ec760-1350-4ff5-a319-2a4530ea19e9,2026-04-13 00:15:00.000,Mail Overview,de_hm
56b80ed6-cbc8-4af0-9a61-0d87d783a04f,2026-04-13 00:15:08.000,Mail Overview,de_hsrm
56b80ed6-cbc8-4af0-9a61-0d87d783a04f,2026-04-13 00:15:06.000,Studie Modules,de_hsrm
1a5da177-7389-494f-8b59-cf9a6adf6bd7,2026-04-13 00:15:08.000,Studie Modules,de_pum
10803230-fc9a-4e27-82f5-6ed52edc2d5d,2026-04-13 00:15:05.000,Schedule Type Chooser,de_aml
1a5da177-7389-494f-8b59-cf9a6adf6bd7,2026-04-13 00:15:03.000,Authenticator,de_pum
10803230-fc9a-4e27-82f5-6ed52edc2d5d,2026-04-13 00:15:09.000,Schedule Create,de_aml
1a5da177-7389-494f-8b59-cf9a6adf6bd7,2026-04-13 00:15:09.000,Generic Links Overview,de_pum
10803230-fc9a-4e27-82f5-6ed52edc2d5d,2026-04-13 00:15:06.000,Schedule Create,de_aml
10803230-fc9a-4e27-82f5-6ed52edc2d5d,2026-04-13 00:15:08.000,Schedule Color Chooser,de_aml
eadf76bb-5008-4c6b-b750-e16d410d0224,2026-04-13 00:15:07.000,Cafeteria Overview,de_fhwo
eadf76bb-5008-4c6b-b750-e16d410d0224,2026-04-13 00:15:06.000,Cafeteria Detail,de_fhwo
eadf76bb-5008-4c6b-b750-e16d410d0224,2026-04-13 00:15:02.000,Cafeteria Overview,de_fhwo
82d8ac46-c2a8-4968-aebb-66e9887978b2,2026-04-13 00:14:59.000,Study Field Onboarding,de_fhms
283c72b6-1f38-4f11-8c9e-e0c6e06228d3,2026-04-13 00:15:08.000,Studie Modules,de_ush
283c72b6-1f38-4f11-8c9e-e0c6e06228d3,2026-04-13 00:15:10.000,Mail Overview,de_ush
5107fe0d-794c-4ad5-b23c-7f911ce74e11,2026-04-13 00:15:05.000,wallet,de_tuda
a3975429-035e-4073-9b72-f79bbe2407e8,2026-04-13 00:15:13.000,Mail Overview,de_khb
419c6bd6-3fc0-407a-a6e7-0fc21750d50e,2026-04-13 00:15:13.000,Career Job V2,de_tucl
642b61b2-2ca0-4407-9852-580b8d9f1855,2026-04-13 00:15:05.000,Mail Overview,de_hm
d1306e2a-c67c-4648-93d1-a1efef6ddf76,2026-04-13 00:15:17.000,Career Main,de_pum
9462298e-14af-4fe5-b530-dc6bb2515448,2026-04-12 11:45:23.000,Mail Detail,de_fhef
916ec760-1350-4ff5-a319-2a4530ea19e9,2026-04-13 00:15:08.000,Mail Detail,de_hm
56b80ed6-cbc8-4af0-9a61-0d87d783a04f,2026-04-13 00:15:16.000,Mail Overview,de_hsrm
56b80ed6-cbc8-4af0-9a61-0d87d783a04f,2026-04-13 00:15:16.000,Studie Modules,de_hsrm
56b80ed6-cbc8-4af0-9a61-0d87d783a04f,2026-04-13 00:15:09.000,Mail Detail,de_hsrm
08a70a2d-0a7e-4cfc-9da5-094a098f5fe0,2026-04-13 00:15:12.000,Feed Detail,de_us
d46ffd67-e578-4f5b-9067-b093abba8d12,2026-04-13 00:15:13.000,Mail Overview,de_thm
10803230-fc9a-4e27-82f5-6ed52edc2d5d,2026-04-13 00:15:18.000,Calendar Day View,de_aml
283c72b6-1f38-4f11-8c9e-e0c6e06228d3,2026-04-13 00:15:12.000,Mail Detail,de_ush
eadf76bb-5008-4c6b-b750-e16d410d0224,2026-04-13 00:15:14.000,Cafeteria Detail,de_fhwo
9fc11c5c-e9fb-4e0e-acde-e8d98c9d486e,2026-04-13 00:13:25.000,Settings Overview,de_pum
9fc11c5c-e9fb-4e0e-acde-e8d98c9d486e,2026-04-13 00:15:16.000,Settings Overview,de_pum
9fc11c5c-e9fb-4e0e-acde-e8d98c9d486e,2026-04-13 00:15:20.000,Settings Accounts,de_pum
a3975429-035e-4073-9b72-f79bbe2407e8,2026-04-13 00:15:14.000,Mail Detail,de_khb
a3975429-035e-4073-9b72-f79bbe2407e8,2026-04-13 00:15:21.000,Mail Overview,de_khb
b826de34-6251-401b-8200-f02a07b08df0,2026-04-12 19:27:37.000,Authenticator,de_pum
15efe9f8-7432-41b9-9cd7-2396f7ecc2d9,2026-04-13 00:15:25.000,Studie Modules,de_upb
2bf46e50-4a1f-470e-9e2a-57a4c4fbccad,2026-04-12 17:06:31.000,Mail Overview,de_hsge
2bf46e50-4a1f-470e-9e2a-57a4c4fbccad,2026-04-12 17:06:32.000,Mail Detail,de_hsge
060a10e2-ae09-4c89-bf64-2094926e6338,2026-04-13 00:15:16.000,Mail Detail,de_jlug
060a10e2-ae09-4c89-bf64-2094926e6338,2026-04-13 00:15:15.000,Mail Overview,de_jlug
d46ffd67-e578-4f5b-9067-b093abba8d12,2026-04-13 00:15:22.000,Mail Detail,de_thm
56b80ed6-cbc8-4af0-9a61-0d87d783a04f,2026-04-13 00:15:21.000,Studie Modules,de_hsrm
56b80ed6-cbc8-4af0-9a61-0d87d783a04f,2026-04-13 00:15:27.000,Mail Detail,de_hsrm
56b80ed6-cbc8-4af0-9a61-0d87d783a04f,2026-04-13 00:15:23.000,Mail Overview,de_hsrm
916ec760-1350-4ff5-a319-2a4530ea19e9,2026-04-13 00:15:22.000,Mail Overview,de_hm
56b80ed6-cbc8-4af0-9a61-0d87d783a04f,2026-04-13 00:15:20.000,Grid Menu Modal,de_hsrm
d46ffd67-e578-4f5b-9067-b093abba8d12,2026-04-13 00:15:28.000,Mail Overview,de_thm
78271313-4ee6-4e09-90f8-0bab7224e839,2026-04-13 00:15:23.000,Grades Overview,de_ks
78271313-4ee6-4e09-90f8-0bab7224e839,2026-04-13 00:15:20.000,Studie Modules,de_ks
eadf76bb-5008-4c6b-b750-e16d410d0224,2026-04-13 00:15:24.000,Cafeteria Detail,de_fhwo
eadf76bb-5008-4c6b-b750-e16d410d0224,2026-04-13 00:15:21.000,Cafeteria Filter,de_fhwo
9fc11c5c-e9fb-4e0e-acde-e8d98c9d486e,2026-04-13 00:15:23.000,Uninow Account Login,de_pum
d1c99700-f2fb-44ec-839f-f047389be505,2026-04-12 18:45:13.000,Mail Overview,de_si
f36c3ebf-794d-4b3b-b573-8c69daa4db6d,2026-04-12 23:49:20.000,Mail Overview,de_hsma
f36c3ebf-794d-4b3b-b573-8c69daa4db6d,2026-04-12 23:49:25.000,Mail Overview,de_hsma
f36c3ebf-794d-4b3b-b573-8c69daa4db6d,2026-04-12 23:49:21.000,Mail Detail,de_hsma
15efe9f8-7432-41b9-9cd7-2396f7ecc2d9,2026-04-13 00:15:35.000,Schedule Login,de_upb
15efe9f8-7432-41b9-9cd7-2396f7ecc2d9,2026-04-13 00:15:30.000,Calendar Week View,de_upb
15efe9f8-7432-41b9-9cd7-2396f7ecc2d9,2026-04-13 00:15:31.000,Calendar List View,de_upb
15efe9f8-7432-41b9-9cd7-2396f7ecc2d9,2026-04-13 00:15:31.000,Calendar Month View,de_upb
15efe9f8-7432-41b9-9cd7-2396f7ecc2d9,2026-04-13 00:15:26.000,Calendar Day View,de_upb
e907b9c2-412a-4ac7-a4d6-5b830d08981f,2026-04-12 23:38:48.000,Study Field Onboarding,de_hszg
419c6bd6-3fc0-407a-a6e7-0fc21750d50e,2026-04-13 00:15:37.000,Career Main,de_tucl
e907b9c2-412a-4ac7-a4d6-5b830d08981f,2026-04-13 00:15:26.000,Study Field Onboarding,de_hszg
eadf76bb-5008-4c6b-b750-e16d410d0224,2026-04-13 00:15:31.000,Cafeteria Overview,de_fhwo
eadf76bb-5008-4c6b-b750-e16d410d0224,2026-04-13 00:15:38.000,Feed,de_fhwo
4ce018ac-576a-4c19-b1c3-31c959d61068,2026-04-13 00:15:33.000,Mail Overview,de_jlug
4ce018ac-576a-4c19-b1c3-31c959d61068,2026-04-13 00:15:36.000,Mail Detail,de_jlug
4ce018ac-576a-4c19-b1c3-31c959d61068,2026-04-13 00:15:38.000,Mail Overview,de_jlug
10803230-fc9a-4e27-82f5-6ed52edc2d5d,2026-04-13 00:15:34.000,Schedule Create,de_aml
10803230-fc9a-4e27-82f5-6ed52edc2d5d,2026-04-13 00:15:43.000,Schedule Create,de_aml
10803230-fc9a-4e27-82f5-6ed52edc2d5d,2026-04-13 00:15:42.000,Schedule Type Chooser,de_aml
2349fdcb-6903-457c-9b18-e57d30f9539b,2026-04-12 08:44:03.000,Mail Detail,de_us
2349fdcb-6903-457c-9b18-e57d30f9539b,2026-04-12 08:44:04.000,Mail Detail,de_us
2349fdcb-6903-457c-9b18-e57d30f9539b,2026-04-12 08:44:05.000,Mail Overview,de_us
2349fdcb-6903-457c-9b18-e57d30f9539b,2026-04-12 08:44:04.000,Mail Overview,de_us
8ebd84bf-dacf-4930-880d-a676a1c52049,2026-04-12 20:18:09.000,Mail Detail,de_hm
8ebd84bf-dacf-4930-880d-a676a1c52049,2026-04-12 20:18:13.000,Mail Overview,de_hm
56b80ed6-cbc8-4af0-9a61-0d87d783a04f,2026-04-13 00:15:45.000,Mail Detail,de_hsrm
56b80ed6-cbc8-4af0-9a61-0d87d783a04f,2026-04-13 00:15:42.000,Mail Write,de_hsrm
d46ffd67-e578-4f5b-9067-b093abba8d12,2026-04-13 00:15:47.000,Mail Overview,de_thm
d46ffd67-e578-4f5b-9067-b093abba8d12,2026-04-13 00:15:45.000,Mail Detail,de_thm
d46ffd67-e578-4f5b-9067-b093abba8d12,2026-04-13 00:15:48.000,Studie Modules,de_thm
916ec760-1350-4ff5-a319-2a4530ea19e9,2026-04-13 00:15:49.000,Mail Detail,de_hm
eadf76bb-5008-4c6b-b750-e16d410d0224,2026-04-13 00:15:43.000,Feed,de_fhwo
eadf76bb-5008-4c6b-b750-e16d410d0224,2026-04-13 00:15:45.000,Grades Login,de_fhwo
eadf76bb-5008-4c6b-b750-e16d410d0224,2026-04-13 00:15:41.000,Calendar Day View,de_fhwo
4ce018ac-576a-4c19-b1c3-31c959d61068,2026-04-13 00:15:49.000,Generic Links Overview,de_jlug
4ed56654-0f66-40b5-8e0e-d1dce36041c0,2026-04-13 00:15:46.000,Cafeteria Selection,de_pum
4ed56654-0f66-40b5-8e0e-d1dce36041c0,2026-04-13 00:15:43.000,Feed,de_pum
4ce018ac-576a-4c19-b1c3-31c959d61068,2026-04-13 00:15:47.000,Feed,de_jlug
ae6eb17b-80ec-4453-82a4-678afae0aa52,2026-04-12 18:48:34.000,Feed,de_hgo
ae6eb17b-80ec-4453-82a4-678afae0aa52,2026-04-12 18:48:33.000,Studie Modules,de_hgo
4ce018ac-576a-4c19-b1c3-31c959d61068,2026-04-13 00:15:48.000,Studie Modules,de_jlug
4ed56654-0f66-40b5-8e0e-d1dce36041c0,2026-04-13 00:15:52.000,Feed,de_pum
15efe9f8-7432-41b9-9cd7-2396f7ecc2d9,2026-04-13 00:15:53.000,Schedule Permission,de_upb
1dad04bf-5a6b-43b6-a9e4-681bfdb6ee13,2026-04-13 00:15:49.000,Calendar Day View,de_pum
8195a9ee-309a-4e38-9d9f-ab520c9dc490,2026-04-13 00:15:51.000,Courses Overview,de_tum
398f9ed6-30af-4941-9c4a-6b4041df65f7,2026-04-12 11:55:28.000,Generic Links Overview,de_hsmz
10803230-fc9a-4e27-82f5-6ed52edc2d5d,2026-04-13 00:15:44.000,Schedule Create,de_aml
398f9ed6-30af-4941-9c4a-6b4041df65f7,2026-04-12 11:48:42.000,Studie Modules,de_hsmz
10803230-fc9a-4e27-82f5-6ed52edc2d5d,2026-04-13 00:15:50.000,Calendar Day View,de_aml
398f9ed6-30af-4941-9c4a-6b4041df65f7,2026-04-12 11:48:25.000,Studie Modules,de_hsmz
398f9ed6-30af-4941-9c4a-6b4041df65f7,2026-04-12 11:48:27.000,Generic Links Overview,de_hsmz
10803230-fc9a-4e27-82f5-6ed52edc2d5d,2026-04-13 00:15:44.000,Schedule Color Chooser,de_aml
8195a9ee-309a-4e38-9d9f-ab520c9dc490,2026-04-13 00:15:44.000,Feed,de_tum
398f9ed6-30af-4941-9c4a-6b4041df65f7,2026-04-12 11:48:16.000,Studie Modules,de_hsmz
398f9ed6-30af-4941-9c4a-6b4041df65f7,2026-04-12 11:55:27.000,Studie Modules,de_hsmz
398f9ed6-30af-4941-9c4a-6b4041df65f7,2026-04-12 11:48:44.000,Generic Links Overview,de_hsmz
398f9ed6-30af-4941-9c4a-6b4041df65f7,2026-04-12 11:58:51.000,Studie Modules,de_hsmz
398f9ed6-30af-4941-9c4a-6b4041df65f7,2026-04-12 11:48:18.000,Mail Overview,de_hsmz
eae5a759-9024-458b-a3cd-80b2ed331ff8,2026-04-13 00:15:56.000,Mail Detail,de_hsmz
eae5a759-9024-458b-a3cd-80b2ed331ff8,2026-04-13 00:15:46.000,Studie Modules,de_hsmz
7e42d574-63ab-49aa-a174-78c3bf6b299e,2026-04-13 00:15:55.000,Studie Modules,de_ks
eae5a759-9024-458b-a3cd-80b2ed331ff8,2026-04-13 00:15:49.000,Mail Overview,de_hsmz
30cd7ce4-6306-4794-9dec-61145bc40266,2026-04-12 18:14:43.000,Grades Overview,de_thm
30cd7ce4-6306-4794-9dec-61145bc40266,2026-04-13 00:15:55.000,Studie Modules,de_thm
30cd7ce4-6306-4794-9dec-61145bc40266,2026-04-12 11:53:50.000,Grades Overview,de_thm
30cd7ce4-6306-4794-9dec-61145bc40266,2026-04-12 11:53:47.000,Grades Overview,de_thm
30cd7ce4-6306-4794-9dec-61145bc40266,2026-04-12 11:53:45.000,Grades Detail,de_thm
30cd7ce4-6306-4794-9dec-61145bc40266,2026-04-12 11:53:49.000,Grades Detail,de_thm
30cd7ce4-6306-4794-9dec-61145bc40266,2026-04-12 18:14:41.000,Studie Modules,de_thm
30cd7ce4-6306-4794-9dec-61145bc40266,2026-04-12 18:14:44.000,Studie Modules,de_thm
d46ffd67-e578-4f5b-9067-b093abba8d12,2026-04-13 00:15:58.000,Games Overview,de_thm
d46ffd67-e578-4f5b-9067-b093abba8d12,2026-04-13 00:15:50.000,Library Login,de_thm
d46ffd67-e578-4f5b-9067-b093abba8d12,2026-04-13 00:15:55.000,Studie Modules,de_thm
28ce22ef-2358-4009-bd34-2b88d5a37e1e,2026-04-12 23:30:58.000,Generic Links Overview,de_hsmz
28ce22ef-2358-4009-bd34-2b88d5a37e1e,2026-04-12 23:30:58.000,Studie Modules,de_hsmz
28ce22ef-2358-4009-bd34-2b88d5a37e1e,2026-04-12 23:31:03.000,Studie Modules,de_hsmz
eadf76bb-5008-4c6b-b750-e16d410d0224,2026-04-13 00:15:59.000,Grades Permission,de_fhwo
085e9598-d6cb-4f13-8837-5944d1c3162a,2026-04-13 00:15:55.000,Studie Modules,de_hsm
085e9598-d6cb-4f13-8837-5944d1c3162a,2026-04-13 00:15:56.000,Mail Overview,de_hsm
15efe9f8-7432-41b9-9cd7-2396f7ecc2d9,2026-04-13 00:15:59.000,Calendar List View,de_upb
15efe9f8-7432-41b9-9cd7-2396f7ecc2d9,2026-04-13 00:16:01.000,Calendar Day View,de_upb
15efe9f8-7432-41b9-9cd7-2396f7ecc2d9,2026-04-13 00:16:02.000,Calendar Week View,de_upb
10c863ac-5a4d-4efe-bea4-69bf01262d67,2026-04-13 00:16:00.000,Feed,de_upb
4ed56654-0f66-40b5-8e0e-d1dce36041c0,2026-04-13 00:15:54.000,Cafeteria Selection,de_pum
4ed56654-0f66-40b5-8e0e-d1dce36041c0,2026-04-13 00:15:55.000,Feed,de_pum
9d370154-8032-4d2b-807d-e641e12895c2,2026-04-13 00:15:56.000,Mail Overview,de_ush
10c863ac-5a4d-4efe-bea4-69bf01262d67,2026-04-13 00:15:53.000,Calendar Week View,de_upb
4ed56654-0f66-40b5-8e0e-d1dce36041c0,2026-04-13 00:16:02.000,Calendar Day View,de_pum
4ed56654-0f66-40b5-8e0e-d1dce36041c0,2026-04-13 00:16:01.000,Schedule Setup,de_pum
04c1e663-de13-410c-817a-87131ee514da,2026-04-13 00:16:01.000,Studie Modules,de_thm
04c1e663-de13-410c-817a-87131ee514da,2026-04-13 00:15:57.000,Studie Modules,de_thm
f457bb7f-ec66-4828-a7ab-a8d0b5f4ab72,2026-04-13 00:16:01.000,Studie Modules,de_hmb
1a5da177-7389-494f-8b59-cf9a6adf6bd7,2026-04-13 00:15:59.000,Studie Modules,de_pum
f457bb7f-ec66-4828-a7ab-a8d0b5f4ab72,2026-04-13 00:16:04.000,Generic Links Overview,de_hmb
04c1e663-de13-410c-817a-87131ee514da,2026-04-13 00:16:02.000,Feed,de_thm
04c1e663-de13-410c-817a-87131ee514da,2026-04-13 00:15:58.000,Mail Overview,de_thm
1a5da177-7389-494f-8b59-cf9a6adf6bd7,2026-04-13 00:16:01.000,Authenticator,de_pum
6418a864-cffc-40db-b501-ce527a9ae11a,2026-04-12 17:50:13.000,Global Ory Login,de_thdeg
26c306bf-ba81-48aa-8009-28a97f47db5d,2026-04-12 23:15:18.000,Calendar Week View,de_hslu
c966d351-be4a-4be4-aaa4-64ff923cfdf6,2026-04-12 14:22:12.000,Mail Detail,de_hsm
d46ffd67-e578-4f5b-9067-b093abba8d12,2026-04-13 00:16:00.000,Games Battleships Profile,de_thm
d46ffd67-e578-4f5b-9067-b093abba8d12,2026-04-13 00:16:02.000,Games Battleships Play,de_thm
30cd7ce4-6306-4794-9dec-61145bc40266,2026-04-13 00:15:59.000,Studie Modules,de_thm
30cd7ce4-6306-4794-9dec-61145bc40266,2026-04-13 00:15:57.000,Grades Overview,de_thm
30cd7ce4-6306-4794-9dec-61145bc40266,2026-04-13 00:16:01.000,Grades Overview,de_thm
085e9598-d6cb-4f13-8837-5944d1c3162a,2026-04-13 00:16:04.000,Studie Modules,de_hsm
eadf76bb-5008-4c6b-b750-e16d410d0224,2026-04-13 00:16:07.000,Grades Overview,de_fhwo
085e9598-d6cb-4f13-8837-5944d1c3162a,2026-04-13 00:16:06.000,Grades With API Login,de_hsm
085e9598-d6cb-4f13-8837-5944d1c3162a,2026-04-13 00:16:04.000,Feed,de_hsm
085e9598-d6cb-4f13-8837-5944d1c3162a,2026-04-13 00:16:05.000,Studie Modules,de_hsm
367cdeb7-4854-4ca3-b733-818aac734163,2026-04-13 00:16:03.000,Mail Detail,de_hvk
367cdeb7-4854-4ca3-b733-818aac734163,2026-04-13 00:16:00.000,Mail Overview,de_hvk
15efe9f8-7432-41b9-9cd7-2396f7ecc2d9,2026-04-13 00:16:11.000,Studie Modules,de_upb
15efe9f8-7432-41b9-9cd7-2396f7ecc2d9,2026-04-13 00:16:05.000,Calendar Day View,de_upb
15efe9f8-7432-41b9-9cd7-2396f7ecc2d9,2026-04-13 00:16:04.000,Calendar List View,de_upb
9d370154-8032-4d2b-807d-e641e12895c2,2026-04-13 00:16:08.000,Mail Detail,de_ush
15efe9f8-7432-41b9-9cd7-2396f7ecc2d9,2026-04-13 00:16:12.000,Feed,de_upb
a7d4792e-de36-4f27-bd95-0a15b0399fb6,2026-04-12 23:13:14.000,Studie Modules,de_pum
a7d4792e-de36-4f27-bd95-0a15b0399fb6,2026-04-12 23:13:15.000,Mail Overview,de_pum
9d370154-8032-4d2b-807d-e641e12895c2,2026-04-13 00:16:12.000,Mail Overview,de_ush
15efe9f8-7432-41b9-9cd7-2396f7ecc2d9,2026-04-13 00:16:03.000,Calendar Month View,de_upb
4ed56654-0f66-40b5-8e0e-d1dce36041c0,2026-04-13 00:16:04.000,Feed,de_pum
4ed56654-0f66-40b5-8e0e-d1dce36041c0,2026-04-13 00:16:06.000,Cafeteria Detail,de_pum
cb61e4d9-9063-42a5-b90b-1994766d66aa,2026-04-12 13:21:43.000,Studie Modules,de_tuda
cb61e4d9-9063-42a5-b90b-1994766d66aa,2026-04-12 13:21:44.000,wallet,de_tuda
9fc11c5c-e9fb-4e0e-acde-e8d98c9d486e,2026-04-13 00:16:15.000,Settings Accounts,de_pum
717e1caf-be74-48d8-bdbc-a16d8c3c6f31,2026-04-10 07:03:01.000,Study Field Onboarding,de_hm
717e1caf-be74-48d8-bdbc-a16d8c3c6f31,2026-04-11 11:37:15.000,External Login Expired,de_hm
d46ffd67-e578-4f5b-9067-b093abba8d12,2026-04-13 00:16:16.000,Games Battleships Profile,de_thm
32ac4240-2696-402d-a678-66112d7804c4,2026-04-12 15:50:50.000,Feed,de_hm
937e320d-8e06-48d9-be75-5207d6431ffb,2026-04-13 00:16:09.000,External Login Expired,de_tuda
367cdeb7-4854-4ca3-b733-818aac734163,2026-04-13 00:16:13.000,Studie Modules,de_hvk
367cdeb7-4854-4ca3-b733-818aac734163,2026-04-13 00:16:14.000,Mail Overview,de_hvk
367cdeb7-4854-4ca3-b733-818aac734163,2026-04-13 00:16:15.000,Mail Detail,de_hvk
9d370154-8032-4d2b-807d-e641e12895c2,2026-04-13 00:16:14.000,Mail Detail,de_ush
9d370154-8032-4d2b-807d-e641e12895c2,2026-04-13 00:16:18.000,Mail Overview,de_ush
eaefcfa3-2b24-4e70-82c3-426eb802ea45,2026-04-12 23:15:45.000,Grades With API Detail,de_hsm
1dad04bf-5a6b-43b6-a9e4-681bfdb6ee13,2026-04-13 00:15:58.000,Calendar Month View,de_pum
dd1153ea-8497-456c-8a78-3722f905659f,2026-04-13 00:16:15.000,Mail Overview,de_jlug
ad0ca9fb-7438-4d4a-ac11-9667a23da122,2026-04-13 00:09:40.000,Mail Overview,de_phlb
dd1153ea-8497-456c-8a78-3722f905659f,2026-04-13 00:16:14.000,Studie Modules,de_jlug
2699930e-1504-4b37-8196-ebdcefdb6628,2026-04-12 19:33:15.000,Studie Modules,de_pum
ad0ca9fb-7438-4d4a-ac11-9667a23da122,2026-04-13 00:09:38.000,Mail Detail,de_phlb
dd1153ea-8497-456c-8a78-3722f905659f,2026-04-13 00:16:21.000,Mail Detail,de_jlug
1dad04bf-5a6b-43b6-a9e4-681bfdb6ee13,2026-04-13 00:15:54.000,Calendar List View,de_pum
2699930e-1504-4b37-8196-ebdcefdb6628,2026-04-12 19:33:17.000,Authenticator,de_pum
18e5f4b5-bf4d-401a-9ce0-6f5ff0130315,2026-04-13 00:16:15.000,Settings Overview,de_hsge
ad0ca9fb-7438-4d4a-ac11-9667a23da122,2026-04-13 00:09:40.000,Mail Detail,de_phlb
ad0ca9fb-7438-4d4a-ac11-9667a23da122,2026-04-13 00:09:42.000,Mail Overview,de_phlb
9fc11c5c-e9fb-4e0e-acde-e8d98c9d486e,2026-04-13 00:16:22.000,Settings Overview,de_pum
8e308cdd-eab4-49ff-a489-9e946a207427,2026-04-13 00:16:27.000,Mail Detail,de_tudo
15efe9f8-7432-41b9-9cd7-2396f7ecc2d9,2026-04-13 00:16:20.000,Calendar Week View,de_upb
15efe9f8-7432-41b9-9cd7-2396f7ecc2d9,2026-04-13 00:16:19.000,Calendar Day View,de_upb
8e308cdd-eab4-49ff-a489-9e946a207427,2026-04-13 00:16:25.000,Mail Overview,de_tudo
8e308cdd-eab4-49ff-a489-9e946a207427,2026-04-13 00:16:24.000,Studie Modules,de_tudo
15efe9f8-7432-41b9-9cd7-2396f7ecc2d9,2026-04-13 00:16:22.000,Calendar List View,de_upb
15efe9f8-7432-41b9-9cd7-2396f7ecc2d9,2026-04-13 00:16:25.000,Calendar Week View,de_upb
15efe9f8-7432-41b9-9cd7-2396f7ecc2d9,2026-04-13 00:16:21.000,Calendar Month View,de_upb
15efe9f8-7432-41b9-9cd7-2396f7ecc2d9,2026-04-13 00:16:17.000,Studie Modules,de_upb
04216fcc-d361-4302-b729-2204cb9380c4,2026-04-12 15:35:30.000,Mail Overview,de_thm
04216fcc-d361-4302-b729-2204cb9380c4,2026-04-12 15:35:29.000,Studie Modules,de_thm
717e1caf-be74-48d8-bdbc-a16d8c3c6f31,2026-04-13 00:16:16.000,External Login Expired,de_hm
9d370154-8032-4d2b-807d-e641e12895c2,2026-04-13 00:16:23.000,Mail Detail,de_ush
9d370154-8032-4d2b-807d-e641e12895c2,2026-04-13 00:16:28.000,Mail Overview,de_ush
eadf76bb-5008-4c6b-b750-e16d410d0224,2026-04-13 00:16:23.000,Grades Create,de_fhwo
eadf76bb-5008-4c6b-b750-e16d410d0224,2026-04-13 00:16:31.000,Grades Overview,de_fhwo
33439c81-a0d3-4e20-a247-0673c090363d,2026-04-12 22:26:46.000,Mail Overview,de_ks
18e5f4b5-bf4d-401a-9ce0-6f5ff0130315,2026-04-13 00:16:28.000,Settings Language,de_hsge
18e5f4b5-bf4d-401a-9ce0-6f5ff0130315,2026-04-13 00:16:30.000,Settings Overview,de_hsge
395c049c-11c5-45fc-87b9-629ca921c5ec,2026-04-13 00:16:28.000,wallet,de_upb
1dad04bf-5a6b-43b6-a9e4-681bfdb6ee13,2026-04-13 00:16:25.000,Feed,de_pum
1dad04bf-5a6b-43b6-a9e4-681bfdb6ee13,2026-04-13 00:16:27.000,Authenticator,de_pum
9fc11c5c-e9fb-4e0e-acde-e8d98c9d486e,2026-04-13 00:16:30.000,Studie Modules,de_pum
9fc11c5c-e9fb-4e0e-acde-e8d98c9d486e,2026-04-13 00:16:29.000,Settings Overview,de_pum
9fc11c5c-e9fb-4e0e-acde-e8d98c9d486e,2026-04-13 00:16:26.000,Career Onboarding,de_pum
d1306e2a-c67c-4648-93d1-a1efef6ddf76,2026-04-13 00:16:32.000,Career Job V2,de_pum
6dbae210-b7fe-4514-938e-bcf8495d672b,2026-04-12 21:24:26.000,Mail Overview,de_fhki
23bef2d6-b414-4c3b-818a-9db8c90b8c53,2026-04-13 00:16:31.000,calendar_overview,de_cbs
23bef2d6-b414-4c3b-818a-9db8c90b8c53,2026-04-13 00:16:30.000,Studie Modules,de_cbs
84442a23-27d8-418c-94c2-bcfb054c879d,2026-04-12 07:24:34.000,Studie Modules,de_phlb
84442a23-27d8-418c-94c2-bcfb054c879d,2026-04-12 07:24:42.000,Mail Detail,de_phlb
78271313-4ee6-4e09-90f8-0bab7224e839,2026-04-13 00:16:41.000,Studie Modules,de_ks
84442a23-27d8-418c-94c2-bcfb054c879d,2026-04-12 07:24:35.000,Mail Overview,de_phlb
eadf76bb-5008-4c6b-b750-e16d410d0224,2026-04-13 00:16:32.000,Feed,de_fhwo
eadf76bb-5008-4c6b-b750-e16d410d0224,2026-04-13 00:16:42.000,Studie Modules,de_fhwo
eadf76bb-5008-4c6b-b750-e16d410d0224,2026-04-13 00:16:38.000,Feed,de_fhwo
eadf76bb-5008-4c6b-b750-e16d410d0224,2026-04-13 00:16:34.000,Grades Overview,de_fhwo
18e5f4b5-bf4d-401a-9ce0-6f5ff0130315,2026-04-13 00:16:38.000,Settings Study Field Selection,de_hsge
56b80ed6-cbc8-4af0-9a61-0d87d783a04f,2026-04-13 00:16:43.000,Mail Write,de_hsrm
395c049c-11c5-45fc-87b9-629ca921c5ec,2026-04-13 00:16:39.000,Feed,de_upb
9fc11c5c-e9fb-4e0e-acde-e8d98c9d486e,2026-04-13 00:16:42.000,Settings Accounts,de_pum
9fc11c5c-e9fb-4e0e-acde-e8d98c9d486e,2026-04-13 00:16:46.000,Uninow Account Informations Modal,de_pum
9fc11c5c-e9fb-4e0e-acde-e8d98c9d486e,2026-04-13 00:16:40.000,Settings Overview,de_pum
d284436d-3c9b-471b-8601-e576dc7366ea,2026-04-13 00:16:42.000,Cafeteria Overview,de_tuda
18de6e32-3f7d-4420-8947-2e500881e5f9,2026-04-11 10:22:37.000,Feed Detail,de_us
78271313-4ee6-4e09-90f8-0bab7224e839,2026-04-13 00:16:43.000,Grades Overview,de_ks
eadf76bb-5008-4c6b-b750-e16d410d0224,2026-04-13 00:16:44.000,Grades Overview,de_fhwo
d46ffd67-e578-4f5b-9067-b093abba8d12,2026-04-13 00:16:52.000,Games Battleships Play,de_thm
e506914d-cf80-4b07-aaae-56c31dcfc544,2026-04-12 22:55:43.000,Cafeteria Overview,de_fhwo
eadf76bb-5008-4c6b-b750-e16d410d0224,2026-04-13 00:16:48.000,Studie Modules,de_fhwo
eadf76bb-5008-4c6b-b750-e16d410d0224,2026-04-13 00:16:49.000,Cafeteria Overview,de_fhwo
eadf76bb-5008-4c6b-b750-e16d410d0224,2026-04-13 00:16:45.000,Studie Modules,de_fhwo
eadf76bb-5008-4c6b-b750-e16d410d0224,2026-04-13 00:16:51.000,Cafeteria Detail,de_fhwo
eadf76bb-5008-4c6b-b750-e16d410d0224,2026-04-13 00:16:46.000,Mail Setup Manual,de_fhwo
6a5ceab6-9b51-48c9-b744-cdeebb8e3170,2026-04-13 00:16:54.000,Cafeteria Detail,de_phsg
6a5ceab6-9b51-48c9-b744-cdeebb8e3170,2026-04-13 00:16:49.000,Studie Modules,de_phsg
6a5ceab6-9b51-48c9-b744-cdeebb8e3170,2026-04-13 00:16:52.000,Cafeteria Overview,de_phsg
9b38c97f-ecff-4e6b-bddb-2b272c19feb9,2026-04-13 00:16:48.000,Calendar Day View,de_ehl
15efe9f8-7432-41b9-9cd7-2396f7ecc2d9,2026-04-13 00:16:57.000,Schedule Detail,de_upb
d1306e2a-c67c-4648-93d1-a1efef6ddf76,2026-04-13 00:16:57.000,Career Main,de_pum
4d13c312-25a7-4b0d-9711-9c1220360180,2026-04-12 22:58:09.000,Mail Overview,de_pum
916ec760-1350-4ff5-a319-2a4530ea19e9,2026-04-13 00:16:57.000,Mail Overview,de_hm
4d13c312-25a7-4b0d-9711-9c1220360180,2026-04-12 22:58:09.000,Studie Modules,de_pum
eadf76bb-5008-4c6b-b750-e16d410d0224,2026-04-13 00:17:01.000,Studie Modules,de_fhwo
eadf76bb-5008-4c6b-b750-e16d410d0224,2026-04-13 00:16:59.000,Cafeteria Detail,de_fhwo
c15da280-a3aa-4e6f-bb43-f89f65b1cbd6,2026-04-13 00:16:52.000,Study Field Onboarding,de_hsge
d46ffd67-e578-4f5b-9067-b093abba8d12,2026-04-13 00:16:56.000,Games Overview,de_thm
eadf76bb-5008-4c6b-b750-e16d410d0224,2026-04-13 00:16:56.000,Cafeteria Additions,de_fhwo
eadf76bb-5008-4c6b-b750-e16d410d0224,2026-04-13 00:17:00.000,Cafeteria Overview,de_fhwo
d46ffd67-e578-4f5b-9067-b093abba8d12,2026-04-13 00:16:54.000,Games Battleships Profile,de_thm
d46ffd67-e578-4f5b-9067-b093abba8d12,2026-04-13 00:16:57.000,Games Basketball Main,de_thm
52b4edc8-19cd-481f-98f2-6ab167e60821,2026-04-12 20:02:37.000,Studie Modules,de_fhef
52b4edc8-19cd-481f-98f2-6ab167e60821,2026-04-12 19:59:57.000,Mail Overview,de_fhef
52b4edc8-19cd-481f-98f2-6ab167e60821,2026-04-12 19:59:57.000,Studie Modules,de_fhef
a7e43ccb-7b64-403f-84c7-933e637e78be,2026-04-13 00:01:44.000,Mail Overview,de_jlug
566f828d-8beb-4835-8f6d-ff6c413b763f,2026-04-13 00:17:00.000,Feed,de_ua
566f828d-8beb-4835-8f6d-ff6c413b763f,2026-04-13 00:16:58.000,Studie Modules,de_ua
a7e43ccb-7b64-403f-84c7-933e637e78be,2026-04-13 00:01:43.000,Studie Modules,de_jlug
395c049c-11c5-45fc-87b9-629ca921c5ec,2026-04-13 00:17:04.000,Cafeteria Overview,de_upb
9b38c97f-ecff-4e6b-bddb-2b272c19feb9,2026-04-13 00:16:58.000,Feed,de_ehl
9b38c97f-ecff-4e6b-bddb-2b272c19feb9,2026-04-13 00:17:03.000,Mail Detail,de_ehl
9b38c97f-ecff-4e6b-bddb-2b272c19feb9,2026-04-13 00:16:59.000,Mail Overview,de_ehl
15efe9f8-7432-41b9-9cd7-2396f7ecc2d9,2026-04-13 00:17:07.000,Schedule Detail,de_upb
15efe9f8-7432-41b9-9cd7-2396f7ecc2d9,2026-04-13 00:17:06.000,Calendar Week View,de_upb
15efe9f8-7432-41b9-9cd7-2396f7ecc2d9,2026-04-13 00:17:02.000,Calendar Week View,de_upb
15efe9f8-7432-41b9-9cd7-2396f7ecc2d9,2026-04-13 00:17:02.000,Schedule Detail,de_upb
d1306e2a-c67c-4648-93d1-a1efef6ddf76,2026-04-13 00:17:03.000,Feed,de_pum
caa0f123-42ed-458d-91d6-290c88e206d9,2026-04-13 00:16:59.000,Settings Overview,de_hsge
caa0f123-42ed-458d-91d6-290c88e206d9,2026-04-13 00:17:05.000,Feed,de_hsge
caa0f123-42ed-458d-91d6-290c88e206d9,2026-04-13 00:17:03.000,Career Onboarding,de_hsge
caa0f123-42ed-458d-91d6-290c88e206d9,2026-04-13 00:17:04.000,Settings Overview,de_hsge
6a5ceab6-9b51-48c9-b744-cdeebb8e3170,2026-04-13 00:17:09.000,Cafeteria Overview,de_phsg
419c6bd6-3fc0-407a-a6e7-0fc21750d50e,2026-04-13 00:17:05.000,Studie Modules,de_tucl
419c6bd6-3fc0-407a-a6e7-0fc21750d50e,2026-04-13 00:17:03.000,Feed,de_tucl
419c6bd6-3fc0-407a-a6e7-0fc21750d50e,2026-04-13 00:17:07.000,Generic Links Overview,de_tucl
eadf76bb-5008-4c6b-b750-e16d410d0224,2026-04-13 00:17:07.000,Studie Modules,de_fhwo
eadf76bb-5008-4c6b-b750-e16d410d0224,2026-04-13 00:17:08.000,Feed,de_fhwo
eadf76bb-5008-4c6b-b750-e16d410d0224,2026-04-13 00:17:05.000,Career Onboarding,de_fhwo
c0773d2a-dab1-4907-9782-13861dc9e736,2026-04-13 00:17:11.000,Studie Modules,de_pum
c0773d2a-dab1-4907-9782-13861dc9e736,2026-04-13 00:17:13.000,Mail Overview,de_pum
9fc11c5c-e9fb-4e0e-acde-e8d98c9d486e,2026-04-13 00:17:15.000,Settings Accounts,de_pum
18e5f4b5-bf4d-401a-9ce0-6f5ff0130315,2026-04-13 00:17:09.000,Settings Overview,de_hsge
bdc58069-6ac8-41ab-8981-506418dc6bad,2026-04-12 20:54:07.000,Feed Detail,de_ush
15efe9f8-7432-41b9-9cd7-2396f7ecc2d9,2026-04-13 00:17:15.000,Calendar Month View,de_upb
15efe9f8-7432-41b9-9cd7-2396f7ecc2d9,2026-04-13 00:17:09.000,Calendar Week View,de_upb
d1306e2a-c67c-4648-93d1-a1efef6ddf76,2026-04-13 00:17:14.000,Wallet Disclaimer,de_pum
d1306e2a-c67c-4648-93d1-a1efef6ddf76,2026-04-13 00:17:09.000,wallet,de_pum
caa0f123-42ed-458d-91d6-290c88e206d9,2026-04-13 00:17:09.000,Studie Modules,de_hsge
caa0f123-42ed-458d-91d6-290c88e206d9,2026-04-13 00:17:10.000,wallet,de_hsge
ec1e77dc-a6c6-46e0-a6b9-f75dbfb44a7f,2026-04-12 13:58:17.000,Studie Modules,de_hsgh
ec1e77dc-a6c6-46e0-a6b9-f75dbfb44a7f,2026-04-12 13:58:10.000,Studie Modules,de_hsgh
ec1e77dc-a6c6-46e0-a6b9-f75dbfb44a7f,2026-04-12 04:24:22.000,Grades Overview,de_hsgh
4ed56654-0f66-40b5-8e0e-d1dce36041c0,2026-04-13 00:17:20.000,Feed,de_pum
ec1e77dc-a6c6-46e0-a6b9-f75dbfb44a7f,2026-04-12 13:58:12.000,Calendar Day View,de_hsgh
ec1e77dc-a6c6-46e0-a6b9-f75dbfb44a7f,2026-04-12 04:24:26.000,Mail Overview,de_hsgh
10803230-fc9a-4e27-82f5-6ed52edc2d5d,2026-04-13 00:17:19.000,Schedule Create,de_aml
ec1e77dc-a6c6-46e0-a6b9-f75dbfb44a7f,2026-04-12 04:24:25.000,Studie Modules,de_hsgh
ec1e77dc-a6c6-46e0-a6b9-f75dbfb44a7f,2026-04-12 04:24:21.000,Studie Modules,de_hsgh
1b3b0488-9fc2-4dd1-91a0-fcb725ce4212,2026-04-12 22:25:12.000,Mail Overview,de_ush
ec1e77dc-a6c6-46e0-a6b9-f75dbfb44a7f,2026-04-12 13:58:19.000,Feed,de_hsgh
1b3b0488-9fc2-4dd1-91a0-fcb725ce4212,2026-04-12 22:25:15.000,Feed,de_ush
ec1e77dc-a6c6-46e0-a6b9-f75dbfb44a7f,2026-04-12 13:59:17.000,Calendar Week View,de_hsgh
ec1e77dc-a6c6-46e0-a6b9-f75dbfb44a7f,2026-04-12 13:59:36.000,Calendar Day View,de_hsgh
ec1e77dc-a6c6-46e0-a6b9-f75dbfb44a7f,2026-04-12 13:59:49.000,Mail Detail,de_hsgh
ec1e77dc-a6c6-46e0-a6b9-f75dbfb44a7f,2026-04-12 13:59:22.000,Calendar Week View,de_hsgh
9d408cf1-766b-494c-9374-b806f1933248,2026-04-12 21:04:43.000,Mail Overview,de_pum
ec1e77dc-a6c6-46e0-a6b9-f75dbfb44a7f,2026-04-12 13:58:34.000,Studie Modules,de_hsgh
ec1e77dc-a6c6-46e0-a6b9-f75dbfb44a7f,2026-04-12 13:59:31.000,Calendar Week View,de_hsgh
ec1e77dc-a6c6-46e0-a6b9-f75dbfb44a7f,2026-04-12 13:59:07.000,Calendar Day View,de_hsgh
ec1e77dc-a6c6-46e0-a6b9-f75dbfb44a7f,2026-04-12 13:58:35.000,Calendar Day View,de_hsgh
ec1e77dc-a6c6-46e0-a6b9-f75dbfb44a7f,2026-04-12 13:58:22.000,Studie Modules,de_hsgh
ec1e77dc-a6c6-46e0-a6b9-f75dbfb44a7f,2026-04-12 13:58:28.000,Feed,de_hsgh
ec1e77dc-a6c6-46e0-a6b9-f75dbfb44a7f,2026-04-12 13:59:45.000,Mail Overview,de_hsgh
ec1e77dc-a6c6-46e0-a6b9-f75dbfb44a7f,2026-04-12 13:59:02.000,Schedule Permission,de_hsgh
ec1e77dc-a6c6-46e0-a6b9-f75dbfb44a7f,2026-04-12 13:59:26.000,Calendar Day View,de_hsgh
ec1e77dc-a6c6-46e0-a6b9-f75dbfb44a7f,2026-04-12 13:59:21.000,Calendar Day View,de_hsgh
ec1e77dc-a6c6-46e0-a6b9-f75dbfb44a7f,2026-04-12 13:59:44.000,Studie Modules,de_hsgh
ec1e77dc-a6c6-46e0-a6b9-f75dbfb44a7f,2026-04-12 13:59:33.000,Calendar Month View,de_hsgh
ec1e77dc-a6c6-46e0-a6b9-f75dbfb44a7f,2026-04-12 13:58:42.000,Schedule Login,de_hsgh
eadf76bb-5008-4c6b-b750-e16d410d0224,2026-04-13 00:17:16.000,Feed Shortcuts List,de_fhwo
8e308cdd-eab4-49ff-a489-9e946a207427,2026-04-13 00:17:23.000,Mail Overview,de_tudo
085e9598-d6cb-4f13-8837-5944d1c3162a,2026-04-13 00:17:21.000,Studie Modules,de_hsm
af872ec5-bcc0-4030-958b-4a792f60713e,2026-04-13 00:17:15.000,Calendar Day View,de_aml
085e9598-d6cb-4f13-8837-5944d1c3162a,2026-04-13 00:17:16.000,Grades With API Overview,de_hsm
085e9598-d6cb-4f13-8837-5944d1c3162a,2026-04-13 00:17:23.000,Grades With API Overview,de_hsm
c0773d2a-dab1-4907-9782-13861dc9e736,2026-04-13 00:17:25.000,Mail Detail,de_pum
af872ec5-bcc0-4030-958b-4a792f60713e,2026-04-13 00:17:14.000,Studie Modules,de_aml
9fc11c5c-e9fb-4e0e-acde-e8d98c9d486e,2026-04-13 00:17:21.000,Uninow Account Login,de_pum
1fbe27e2-40fd-40ad-82d4-30ce27031cb2,2026-04-12 14:50:52.000,Calendar Week View,de_dhbws
18e5f4b5-bf4d-401a-9ce0-6f5ff0130315,2026-04-13 00:17:22.000,Change Role External Login,de_hsge
826de08d-98dd-41c2-982e-1aedc76a0282,2026-04-13 00:17:22.000,Mail Overview,de_hm
826de08d-98dd-41c2-982e-1aedc76a0282,2026-04-13 00:17:26.000,Mail Detail,de_hm
592c0306-9c22-4c26-af06-106080b2ba18,2026-04-12 23:39:53.000,Mail Overview,de_uos
592c0306-9c22-4c26-af06-106080b2ba18,2026-04-12 23:39:51.000,Feed,de_uos
592c0306-9c22-4c26-af06-106080b2ba18,2026-04-12 23:39:52.000,Studie Modules,de_uos
10803230-fc9a-4e27-82f5-6ed52edc2d5d,2026-04-13 00:17:25.000,Schedule Create,de_aml
10803230-fc9a-4e27-82f5-6ed52edc2d5d,2026-04-13 00:17:26.000,Schedule Color Chooser,de_aml
10803230-fc9a-4e27-82f5-6ed52edc2d5d,2026-04-13 00:17:27.000,Schedule Create,de_aml
10803230-fc9a-4e27-82f5-6ed52edc2d5d,2026-04-13 00:17:23.000,Schedule Type Chooser,de_aml
10803230-fc9a-4e27-82f5-6ed52edc2d5d,2026-04-13 00:17:25.000,Schedule Type Chooser,de_aml
10803230-fc9a-4e27-82f5-6ed52edc2d5d,2026-04-13 00:17:24.000,Schedule Create,de_aml
a6eccb1a-467d-4fb0-b01b-351afd7bdf1f,2026-04-13 00:17:21.000,Mail Overview,de_hsaa
c943d526-5966-49ff-a334-28f14c7b87d5,2026-04-12 20:12:03.000,Mail Overview,de_hszg
c943d526-5966-49ff-a334-28f14c7b87d5,2026-04-12 19:15:50.000,Mail Detail,de_hszg
c943d526-5966-49ff-a334-28f14c7b87d5,2026-04-12 19:15:49.000,Mail Overview,de_hszg
c943d526-5966-49ff-a334-28f14c7b87d5,2026-04-12 19:15:54.000,Mail Overview,de_hszg
84339231-7096-4e6b-a581-17417af7baf7,2026-04-12 18:48:52.000,Mail Overview,de_bt
937e320d-8e06-48d9-be75-5207d6431ffb,2026-04-13 00:17:27.000,Studie Modules,de_tuda
84339231-7096-4e6b-a581-17417af7baf7,2026-04-12 17:54:58.000,Mail Overview,de_bt
49954643-7996-478b-ba68-9b9ce8f26177,2026-04-13 00:17:26.000,Grades Overview,de_tucl
84339231-7096-4e6b-a581-17417af7baf7,2026-04-12 17:54:57.000,Studie Modules,de_bt
78271313-4ee6-4e09-90f8-0bab7224e839,2026-04-13 00:17:33.000,Studie Modules,de_ks
937e320d-8e06-48d9-be75-5207d6431ffb,2026-04-13 00:17:23.000,Feed,de_tuda
84339231-7096-4e6b-a581-17417af7baf7,2026-04-12 18:48:51.000,Studie Modules,de_bt
49954643-7996-478b-ba68-9b9ce8f26177,2026-04-13 00:17:24.000,Studie Modules,de_tucl
ee8b6cee-c4c2-4add-a93a-6c2dd7ebc203,2026-04-12 22:45:13.000,Mail Overview,de_ovgu
085e9598-d6cb-4f13-8837-5944d1c3162a,2026-04-13 00:17:25.000,Studie Modules,de_hsm
085e9598-d6cb-4f13-8837-5944d1c3162a,2026-04-13 00:17:27.000,wallet,de_hsm
085e9598-d6cb-4f13-8837-5944d1c3162a,2026-04-13 00:17:30.000,Studie Modules,de_hsm
085e9598-d6cb-4f13-8837-5944d1c3162a,2026-04-13 00:17:31.000,Mail Overview,de_hsm
ee8b6cee-c4c2-4add-a93a-6c2dd7ebc203,2026-04-13 00:10:00.000,Mail Overview,de_ovgu
c0773d2a-dab1-4907-9782-13861dc9e736,2026-04-13 00:17:34.000,Mail Overview,de_pum
c0773d2a-dab1-4907-9782-13861dc9e736,2026-04-13 00:17:33.000,Studie Modules,de_pum
d1306e2a-c67c-4648-93d1-a1efef6ddf76,2026-04-13 00:17:36.000,wallet,de_pum
109b8e61-1bba-47a4-b23b-1ba8aaef95ac,2026-04-12 19:53:38.000,Mail Detail,de_hsda
10803230-fc9a-4e27-82f5-6ed52edc2d5d,2026-04-13 00:17:33.000,Calendar Day View,de_aml
18e5f4b5-bf4d-401a-9ce0-6f5ff0130315,2026-04-13 00:17:40.000,Settings Overview,de_hsge
395c049c-11c5-45fc-87b9-629ca921c5ec,2026-04-13 00:17:39.000,Cafeteria Filter,de_upb
3b326afa-2877-4dbb-9868-29d560f64b9a,2026-04-12 09:05:18.000,Mail Overview,de_jlug
3b326afa-2877-4dbb-9868-29d560f64b9a,2026-04-12 09:05:17.000,Studie Modules,de_jlug
0516d380-4d6e-4562-ab35-4d8c39767b82,2026-04-12 10:28:52.000,Mail Overview,de_thm
0516d380-4d6e-4562-ab35-4d8c39767b82,2026-04-12 10:28:59.000,Mail Detail,de_thm
0516d380-4d6e-4562-ab35-4d8c39767b82,2026-04-12 10:28:51.000,Feed,de_thm
937e320d-8e06-48d9-be75-5207d6431ffb,2026-04-13 00:17:36.000,Career Onboarding,de_tuda
0516d380-4d6e-4562-ab35-4d8c39767b82,2026-04-12 10:29:01.000,Mail Overview,de_thm
ae067f92-285d-4d76-b729-2b7749fbe25a,2026-04-13 00:17:35.000,Studie Modules,de_lmum
ae067f92-285d-4d76-b729-2b7749fbe25a,2026-04-13 00:17:40.000,Courses Overview,de_lmum
78271313-4ee6-4e09-90f8-0bab7224e839,2026-04-13 00:17:37.000,Cafeteria Overview,de_ks
eadf76bb-5008-4c6b-b750-e16d410d0224,2026-04-13 00:17:37.000,Feed,de_fhwo
78271313-4ee6-4e09-90f8-0bab7224e839,2026-04-13 00:17:41.000,Grades Overview,de_ks
78271313-4ee6-4e09-90f8-0bab7224e839,2026-04-13 00:17:40.000,Studie Modules,de_ks
085e9598-d6cb-4f13-8837-5944d1c3162a,2026-04-13 00:17:41.000,Studie Modules,de_hsm
d1306e2a-c67c-4648-93d1-a1efef6ddf76,2026-04-13 00:17:42.000,Wallet Disclaimer,de_pum
d1306e2a-c67c-4648-93d1-a1efef6ddf76,2026-04-13 00:17:44.000,wallet,de_pum
e8d09939-0315-4abd-81e5-f98058559109,2026-04-13 00:17:47.000,Mail Overview,de_pum
eae5a759-9024-458b-a3cd-80b2ed331ff8,2026-04-13 00:17:41.000,Mail Overview,de_hsmz
eae5a759-9024-458b-a3cd-80b2ed331ff8,2026-04-13 00:17:46.000,Mail Detail,de_hsmz
395c049c-11c5-45fc-87b9-629ca921c5ec,2026-04-13 00:17:44.000,Cafeteria Overview,de_upb
18e5f4b5-bf4d-401a-9ce0-6f5ff0130315,2026-04-13 00:17:49.000,Settings Overview,de_hsge
18e5f4b5-bf4d-401a-9ce0-6f5ff0130315,2026-04-13 00:17:42.000,Settings Study Field Selection,de_hsge
ad135eec-3f11-49e3-acfd-410c30fddae6,2026-04-12 21:56:16.000,Mail Overview,de_thm
fbca435e-315a-4303-8298-f07526178e26,2026-04-12 10:16:31.000,Cafeteria Overview,de_thhf
78271313-4ee6-4e09-90f8-0bab7224e839,2026-04-13 00:17:53.000,Grades Overview,de_ks
86c69c3e-30fd-41e3-9d88-9355b49a7d40,2026-04-13 00:17:47.000,Generic Links Overview,de_pum
86c69c3e-30fd-41e3-9d88-9355b49a7d40,2026-04-13 00:17:53.000,Authenticator,de_pum
86c69c3e-30fd-41e3-9d88-9355b49a7d40,2026-04-13 00:17:46.000,Studie Modules,de_pum
78271313-4ee6-4e09-90f8-0bab7224e839,2026-04-13 00:17:50.000,Grades Study Chooser,de_ks
86c69c3e-30fd-41e3-9d88-9355b49a7d40,2026-04-13 00:17:52.000,Studie Modules,de_pum
d54203ef-3828-4418-baf7-a68a0ae8e708,2026-04-13 00:05:13.000,Calendar Month View,de_si
eadf76bb-5008-4c6b-b750-e16d410d0224,2026-04-13 00:17:47.000,Calendar Day View,de_fhwo
d54203ef-3828-4418-baf7-a68a0ae8e708,2026-04-13 00:05:10.000,Feed,de_si
d54203ef-3828-4418-baf7-a68a0ae8e708,2026-04-13 00:05:13.000,Calendar Week View,de_si
d46ffd67-e578-4f5b-9067-b093abba8d12,2026-04-13 00:17:54.000,Games Basketball Stats,de_thm
eadf76bb-5008-4c6b-b750-e16d410d0224,2026-04-13 00:17:49.000,Feed,de_fhwo
63b6055a-4c5a-4963-9596-be46ca269eb1,2026-04-13 00:07:24.000,Cafeteria Detail,de_hshz
0f56d050-4fd0-40e3-8f73-0848e93d623d,2026-04-13 00:17:48.000,Studie Modules,de_uhi
0f56d050-4fd0-40e3-8f73-0848e93d623d,2026-04-13 00:17:49.000,Grades Overview,de_uhi
395c049c-11c5-45fc-87b9-629ca921c5ec,2026-04-13 00:17:54.000,Cafeteria Filter,de_upb
395c049c-11c5-45fc-87b9-629ca921c5ec,2026-04-13 00:17:56.000,Cafeteria Overview,de_upb
9fc11c5c-e9fb-4e0e-acde-e8d98c9d486e,2026-04-13 00:18:00.000,Settings Accounts,de_pum
198f4406-cc3b-4791-873b-38d9f3219ddb,2026-04-13 00:17:59.000,Studie Modules,de_hsmz
4d6e0d7e-969a-40a5-852b-9a6da85856ec,2026-04-12 18:59:57.000,Feed,de_hsko
caa0f123-42ed-458d-91d6-290c88e206d9,2026-04-13 00:18:00.000,Studie Modules,de_hsge
ef7ca155-4e83-4c64-ac49-fd6c9024ede6,2026-04-12 22:57:25.000,Schedule Detail,de_hslu
ef7ca155-4e83-4c64-ac49-fd6c9024ede6,2026-04-12 18:45:34.000,Calendar Week View,de_hslu
ef7ca155-4e83-4c64-ac49-fd6c9024ede6,2026-04-12 22:57:22.000,Calendar Week View,de_hslu
eadf76bb-5008-4c6b-b750-e16d410d0224,2026-04-13 00:18:00.000,Cafeteria Overview,de_fhwo
eadf76bb-5008-4c6b-b750-e16d410d0224,2026-04-13 00:17:57.000,Calendar Day View,de_fhwo
eadf76bb-5008-4c6b-b750-e16d410d0224,2026-04-13 00:17:58.000,Feed,de_fhwo
18e5f4b5-bf4d-401a-9ce0-6f5ff0130315,2026-04-13 00:18:05.000,Advanced Settings,de_hsge
9b38c97f-ecff-4e6b-bddb-2b272c19feb9,2026-04-13 00:18:07.000,Mail Overview,de_ehl
2e9b818a-6027-46cc-8330-9c8f1ae8cd18,2026-04-12 22:51:16.000,Feed,de_ush
d1306e2a-c67c-4648-93d1-a1efef6ddf76,2026-04-13 00:18:04.000,Calendar List View,de_pum
2e9b818a-6027-46cc-8330-9c8f1ae8cd18,2026-04-12 22:51:14.000,Mail Detail,de_ush
2e9b818a-6027-46cc-8330-9c8f1ae8cd18,2026-04-12 22:51:16.000,Mail Overview,de_ush
2e9b818a-6027-46cc-8330-9c8f1ae8cd18,2026-04-12 22:51:10.000,Mail Overview,de_ush
d1306e2a-c67c-4648-93d1-a1efef6ddf76,2026-04-13 00:18:07.000,Calendar Week View,de_pum
10803230-fc9a-4e27-82f5-6ed52edc2d5d,2026-04-13 00:18:06.000,Schedule Create,de_aml
d1306e2a-c67c-4648-93d1-a1efef6ddf76,2026-04-13 00:17:58.000,Feed,de_pum
05dec5be-a3f1-4dc3-920a-bcca08b96023,2026-04-13 00:18:00.000,Mail Overview,de_thm
05dec5be-a3f1-4dc3-920a-bcca08b96023,2026-04-13 00:17:58.000,Studie Modules,de_thm
05dec5be-a3f1-4dc3-920a-bcca08b96023,2026-04-13 00:18:09.000,Mail Detail,de_thm
e7c8f449-182b-4b1b-8f28-e68c917a4369,2026-04-12 23:57:27.000,Mail Overview,de_jlug
e7c8f449-182b-4b1b-8f28-e68c917a4369,2026-04-12 22:29:54.000,Mail Overview,de_jlug
caa0f123-42ed-458d-91d6-290c88e206d9,2026-04-13 00:18:03.000,Mail Overview,de_hsge
937e320d-8e06-48d9-be75-5207d6431ffb,2026-04-13 00:18:09.000,Todo,de_tuda
937e320d-8e06-48d9-be75-5207d6431ffb,2026-04-13 00:18:06.000,Studie Modules,de_tuda
826de08d-98dd-41c2-982e-1aedc76a0282,2026-04-13 00:18:15.000,Mail Overview,de_hm
d4d15faa-0e87-4ee7-ad5e-294b741bd918,2026-04-13 00:18:06.000,Mail Detail,de_tuda
d4d15faa-0e87-4ee7-ad5e-294b741bd918,2026-04-13 00:18:03.000,Mail Overview,de_tuda
10803230-fc9a-4e27-82f5-6ed52edc2d5d,2026-04-13 00:18:12.000,Schedule Color Chooser,de_aml
10803230-fc9a-4e27-82f5-6ed52edc2d5d,2026-04-13 00:18:11.000,Schedule Create,de_aml
10803230-fc9a-4e27-82f5-6ed52edc2d5d,2026-04-13 00:18:11.000,Schedule Type Chooser,de_aml
d1306e2a-c67c-4648-93d1-a1efef6ddf76,2026-04-13 00:18:08.000,Calendar Week View,de_pum
d1306e2a-c67c-4648-93d1-a1efef6ddf76,2026-04-13 00:18:07.000,Calendar Day View,de_pum
10803230-fc9a-4e27-82f5-6ed52edc2d5d,2026-04-13 00:18:13.000,Schedule Create,de_aml
cef30433-af18-4048-98a6-292a88b7797d,2026-04-13 00:18:07.000,Studie Modules,de_evhb
d46ffd67-e578-4f5b-9067-b093abba8d12,2026-04-13 00:18:18.000,Games Basketball Main,de_thm
cef30433-af18-4048-98a6-292a88b7797d,2026-04-13 00:18:08.000,Mail Overview,de_evhb
9b38c97f-ecff-4e6b-bddb-2b272c19feb9,2026-04-13 00:18:12.000,Mail Detail,de_ehl
78271313-4ee6-4e09-90f8-0bab7224e839,2026-04-13 00:18:13.000,Grades Overview,de_ks
78271313-4ee6-4e09-90f8-0bab7224e839,2026-04-13 00:18:11.000,Grades Study Chooser,de_ks
05dec5be-a3f1-4dc3-920a-bcca08b96023,2026-04-13 00:18:15.000,Mail Overview,de_thm
05dec5be-a3f1-4dc3-920a-bcca08b96023,2026-04-13 00:18:20.000,Mail Detail,de_thm
395c049c-11c5-45fc-87b9-629ca921c5ec,2026-04-13 00:18:22.000,Feed,de_upb
6515cfeb-9032-4067-9bb0-aa8f12b819a5,2026-04-13 00:18:14.000,Mail Detail,de_hm
3140f244-f5a5-4b1d-9ff4-1fd38634122e,2026-04-13 00:18:21.000,Mail Detail,de_phlb
a65a2d6a-c4e0-4581-bf59-51a6afe281fc,2026-04-12 17:22:49.000,Mail Overview,de_bt
91280ab2-755f-4529-9ef5-154b85ff84e8,2026-04-13 00:18:16.000,Generic Links Overview,de_ua
a65a2d6a-c4e0-4581-bf59-51a6afe281fc,2026-04-12 11:30:46.000,Studie Modules,de_bt
a65a2d6a-c4e0-4581-bf59-51a6afe281fc,2026-04-12 17:22:48.000,Studie Modules,de_bt
91280ab2-755f-4529-9ef5-154b85ff84e8,2026-04-13 00:18:14.000,Studie Modules,de_ua
1dfaf805-0989-4149-b6ac-de831330004c,2026-04-13 00:18:24.000,Calendar List View,de_hslu
a65a2d6a-c4e0-4581-bf59-51a6afe281fc,2026-04-12 11:30:47.000,Mail Overview,de_bt
10803230-fc9a-4e27-82f5-6ed52edc2d5d,2026-04-13 00:18:20.000,Calendar Day View,de_aml
9b38c97f-ecff-4e6b-bddb-2b272c19feb9,2026-04-13 00:18:20.000,Mail Detail,de_ehl
9b38c97f-ecff-4e6b-bddb-2b272c19feb9,2026-04-13 00:18:26.000,Mail Overview,de_ehl
9b38c97f-ecff-4e6b-bddb-2b272c19feb9,2026-04-13 00:18:27.000,Feed,de_ehl
9b38c97f-ecff-4e6b-bddb-2b272c19feb9,2026-04-13 00:18:18.000,Mail Overview,de_ehl
d352428f-0de6-4e74-bdbd-9a3cb949b14f,2026-04-13 00:18:27.000,Studie Modules,de_pum
d352428f-0de6-4e74-bdbd-9a3cb949b14f,2026-04-13 00:18:23.000,Studie Modules,de_pum
d352428f-0de6-4e74-bdbd-9a3cb949b14f,2026-04-13 00:18:23.000,Mail Overview,de_pum
826de08d-98dd-41c2-982e-1aedc76a0282,2026-04-13 00:18:28.000,Mail Detail,de_hm
05b115c6-6a22-48d9-aa92-74e8615c1c05,2026-04-13 00:18:25.000,Studie Modules,de_jlug
05b115c6-6a22-48d9-aa92-74e8615c1c05,2026-04-13 00:18:26.000,Generic Links Overview,de_jlug
49954643-7996-478b-ba68-9b9ce8f26177,2026-04-13 00:18:30.000,Grades Detail,de_tucl
82fb7aee-b1b9-4951-80a6-bed5c56792c6,2026-04-12 23:47:59.000,External Login Expired,de_tuda
3140f244-f5a5-4b1d-9ff4-1fd38634122e,2026-04-13 00:18:32.000,Mail Overview,de_phlb
e0b5ceab-6586-4ac9-9e5c-680995feb0b1,2026-04-12 23:08:52.000,Studie Modules,de_hslu
9c42772c-c0f8-483f-9473-b49799177ebc,2026-04-12 17:10:36.000,Schedule Type Chooser,de_ubm
9c42772c-c0f8-483f-9473-b49799177ebc,2026-04-12 17:07:16.000,Studie Modules,de_ubm
9c42772c-c0f8-483f-9473-b49799177ebc,2026-04-12 17:07:11.000,Settings Overview,de_ubm
9c42772c-c0f8-483f-9473-b49799177ebc,2026-04-12 17:09:25.000,Calendar Day View,de_ubm
9c42772c-c0f8-483f-9473-b49799177ebc,2026-04-12 17:07:16.000,Grades Login,de_ubm
9c42772c-c0f8-483f-9473-b49799177ebc,2026-04-12 17:10:37.000,Schedule Create,de_ubm
9c42772c-c0f8-483f-9473-b49799177ebc,2026-04-12 17:07:15.000,Studie Modules,de_ubm
9c42772c-c0f8-483f-9473-b49799177ebc,2026-04-12 17:10:28.000,Schedule Create,de_ubm
9c42772c-c0f8-483f-9473-b49799177ebc,2026-04-12 17:07:18.000,Calendar Day View,de_ubm
9c42772c-c0f8-483f-9473-b49799177ebc,2026-04-12 17:10:25.000,Schedule Create,de_ubm
9c42772c-c0f8-483f-9473-b49799177ebc,2026-04-12 17:07:09.000,Settings Accounts,de_ubm
9c42772c-c0f8-483f-9473-b49799177ebc,2026-04-12 17:09:27.000,Schedule Create,de_ubm
9c42772c-c0f8-483f-9473-b49799177ebc,2026-04-12 17:07:24.000,Calendar Month View,de_ubm
9c42772c-c0f8-483f-9473-b49799177ebc,2026-04-12 17:07:07.000,Settings Overview,de_ubm
9c42772c-c0f8-483f-9473-b49799177ebc,2026-04-12 17:10:24.000,Schedule Repeat Chooser,de_ubm
9c42772c-c0f8-483f-9473-b49799177ebc,2026-04-12 17:07:27.000,Calendar Week View,de_ubm
9c42772c-c0f8-483f-9473-b49799177ebc,2026-04-12 17:10:27.000,Schedule Repeat Chooser,de_ubm
9c42772c-c0f8-483f-9473-b49799177ebc,2026-04-12 17:10:46.000,Schedule Create,de_ubm
9c42772c-c0f8-483f-9473-b49799177ebc,2026-04-12 17:10:38.000,Schedule Color Chooser,de_ubm
9c42772c-c0f8-483f-9473-b49799177ebc,2026-04-12 17:15:07.000,Calendar Week View,de_ubm
9c42772c-c0f8-483f-9473-b49799177ebc,2026-04-12 17:14:34.000,Schedule Repeat Chooser,de_ubm
9c42772c-c0f8-483f-9473-b49799177ebc,2026-04-12 17:14:38.000,Schedule Create,de_ubm
9c42772c-c0f8-483f-9473-b49799177ebc,2026-04-12 17:12:31.000,Calendar Day View,de_ubm
9c42772c-c0f8-483f-9473-b49799177ebc,2026-04-12 17:12:04.000,Schedule Create,de_ubm
9c42772c-c0f8-483f-9473-b49799177ebc,2026-04-12 17:11:57.000,Schedule Create,de_ubm
9c42772c-c0f8-483f-9473-b49799177ebc,2026-04-12 17:14:47.000,Schedule Create,de_ubm
9c42772c-c0f8-483f-9473-b49799177ebc,2026-04-12 17:11:09.000,Calendar Week View,de_ubm
9c42772c-c0f8-483f-9473-b49799177ebc,2026-04-12 17:11:34.000,Calendar Day View,de_ubm
9c42772c-c0f8-483f-9473-b49799177ebc,2026-04-12 17:11:56.000,Schedule Repeat Chooser,de_ubm
9c42772c-c0f8-483f-9473-b49799177ebc,2026-04-12 17:14:36.000,Schedule Create,de_ubm
9c42772c-c0f8-483f-9473-b49799177ebc,2026-04-12 17:15:18.000,Calendar Week View,de_ubm
9c42772c-c0f8-483f-9473-b49799177ebc,2026-04-12 17:15:21.000,Schedule Detail,de_ubm
9c42772c-c0f8-483f-9473-b49799177ebc,2026-04-12 17:14:46.000,Schedule Color Chooser,de_ubm
9c42772c-c0f8-483f-9473-b49799177ebc,2026-04-12 17:11:01.000,Calendar Day View,de_ubm
9c42772c-c0f8-483f-9473-b49799177ebc,2026-04-12 17:11:36.000,Schedule Create,de_ubm
9c42772c-c0f8-483f-9473-b49799177ebc,2026-04-12 17:15:12.000,Schedule Modify,de_ubm
9c42772c-c0f8-483f-9473-b49799177ebc,2026-04-12 17:15:24.000,Schedule Modify,de_ubm
9c42772c-c0f8-483f-9473-b49799177ebc,2026-04-12 17:14:37.000,Schedule Repeat Chooser,de_ubm
9c42772c-c0f8-483f-9473-b49799177ebc,2026-04-12 17:12:03.000,Schedule Color Chooser,de_ubm
9c42772c-c0f8-483f-9473-b49799177ebc,2026-04-12 17:14:05.000,Schedule Create,de_ubm
9c42772c-c0f8-483f-9473-b49799177ebc,2026-04-12 17:15:10.000,Schedule Detail,de_ubm
9c42772c-c0f8-483f-9473-b49799177ebc,2026-04-12 17:12:45.000,Calendar Week View,de_ubm
d352428f-0de6-4e74-bdbd-9a3cb949b14f,2026-04-13 00:18:29.000,Generic Links Overview,de_pum
b19431f1-0929-44db-b088-09f96dd14a3d,2026-04-13 00:18:31.000,Mail Overview,de_si
9edd9e4d-039f-48a5-9811-9fcfe9efbb75,2026-04-12 17:17:14.000,Mail Overview,de_bt
d9d3588b-86f0-4b24-8e5f-7ad7acef10f3,2026-04-13 00:18:33.000,Cafeteria Detail,de_hsko
7e7c91ad-de7b-4176-bce6-8bbb1527e222,2026-04-12 18:12:05.000,Mail Overview,de_hdm
d352428f-0de6-4e74-bdbd-9a3cb949b14f,2026-04-13 00:18:49.000,Studie Modules,de_pum
10b10f66-e81b-4e74-a114-d178e9b1b2d8,2026-04-12 23:49:29.000,Calendar Day View,de_si
a1e6e728-12a7-4b6d-adac-effbc0a8221a,2026-04-12 18:53:43.000,Studie Modules,de_pum
a1e6e728-12a7-4b6d-adac-effbc0a8221a,2026-04-12 18:53:44.000,Mail Setup Manual,de_pum
a1e6e728-12a7-4b6d-adac-effbc0a8221a,2026-04-12 18:53:39.000,Mail Overview,de_pum
a1e6e728-12a7-4b6d-adac-effbc0a8221a,2026-04-12 18:53:46.000,Studie Modules,de_pum
a1e6e728-12a7-4b6d-adac-effbc0a8221a,2026-04-12 18:53:46.000,Feed,de_pum
05dec5be-a3f1-4dc3-920a-bcca08b96023,2026-04-13 00:18:55.000,Mail Overview,de_thm
b9c30509-ad3c-41bf-8e96-cc1c3faf7fc1,2026-04-13 00:18:49.000,Feed,de_ua
b9c30509-ad3c-41bf-8e96-cc1c3faf7fc1,2026-04-13 00:18:47.000,Settings Overview,de_ua
25900d69-bc69-4fd6-9585-8c8958ac1a53,2026-04-13 00:18:49.000,Calendar Month View,de_pum
893ae654-6a0f-4008-ae37-7cf9082636ef,2026-04-12 16:17:22.000,Studie Modules,de_pum
893ae654-6a0f-4008-ae37-7cf9082636ef,2026-04-12 16:17:23.000,Mail Overview,de_pum
d352428f-0de6-4e74-bdbd-9a3cb949b14f,2026-04-13 00:18:53.000,Studie Modules,de_pum
d352428f-0de6-4e74-bdbd-9a3cb949b14f,2026-04-13 00:18:57.000,Studie Modules,de_pum
d352428f-0de6-4e74-bdbd-9a3cb949b14f,2026-04-13 00:18:54.000,Generic Links Overview,de_pum
d352428f-0de6-4e74-bdbd-9a3cb949b14f,2026-04-13 00:18:50.000,Authenticator,de_pum
085e9598-d6cb-4f13-8837-5944d1c3162a,2026-04-13 00:19:03.000,Generic Links Overview,de_hsm
8195a9ee-309a-4e38-9d9f-ab520c9dc490,2026-04-13 00:15:58.000,Feed,de_tum
fe3cf3dc-9204-4b8e-a84a-28a395238a4c,2026-04-12 15:11:55.000,Authenticator,de_pum
fe3cf3dc-9204-4b8e-a84a-28a395238a4c,2026-04-12 15:11:55.000,Studie Modules,de_pum
fe3cf3dc-9204-4b8e-a84a-28a395238a4c,2026-04-12 15:11:52.000,Career Onboarding,de_pum
fe3cf3dc-9204-4b8e-a84a-28a395238a4c,2026-04-12 15:11:54.000,Feed,de_pum
33c6ad20-7317-43e8-895b-eb146a361e2e,2026-04-13 00:18:57.000,Generic Links Overview,de_jlug
33c6ad20-7317-43e8-895b-eb146a361e2e,2026-04-13 00:18:56.000,Studie Modules,de_jlug
b9c30509-ad3c-41bf-8e96-cc1c3faf7fc1,2026-04-13 00:19:06.000,Studie Modules,de_ua
25900d69-bc69-4fd6-9585-8c8958ac1a53,2026-04-13 00:19:03.000,Feed,de_pum
25900d69-bc69-4fd6-9585-8c8958ac1a53,2026-04-13 00:18:57.000,Calendar Day View,de_pum
b9c30509-ad3c-41bf-8e96-cc1c3faf7fc1,2026-04-13 00:19:07.000,Career Onboarding,de_ua
08e564e9-ffe3-426b-ba06-74a057dfc5a7,2026-04-13 00:18:56.000,External Login Expired,de_tuda
68deee23-48d8-4299-99a7-427a4f508efb,2026-04-12 23:48:25.000,Grades Overview,de_thm
d352428f-0de6-4e74-bdbd-9a3cb949b14f,2026-04-13 00:19:02.000,Generic Links Overview,de_pum
d352428f-0de6-4e74-bdbd-9a3cb949b14f,2026-04-13 00:19:07.000,Studie Modules,de_pum
15a1ec05-5721-42cc-aa92-b96ba4e69060,2026-04-13 00:19:07.000,Calendar Week View,de_upb
5f959c09-4965-4dc5-9f4b-824d1428349b,2026-04-13 00:19:13.000,Feed,de_bt
d4c04833-9507-47e4-ade3-da1cf2a78c2b,2026-04-12 20:56:56.000,Settings Accounts,de_upb
d4c04833-9507-47e4-ade3-da1cf2a78c2b,2026-04-12 20:57:02.000,Support Chat,de_upb
05dec5be-a3f1-4dc3-920a-bcca08b96023,2026-04-13 00:19:06.000,Mail Detail,de_thm
d4c04833-9507-47e4-ade3-da1cf2a78c2b,2026-04-12 20:56:21.000,Mail Setup Manual,de_upb
d4c04833-9507-47e4-ade3-da1cf2a78c2b,2026-04-12 20:56:25.000,Support Chat,de_upb
d4c04833-9507-47e4-ade3-da1cf2a78c2b,2026-04-12 20:56:34.000,Mail Setup Manual,de_upb
d4c04833-9507-47e4-ade3-da1cf2a78c2b,2026-04-12 20:58:11.000,Mail Setup Manual,de_upb
d4c04833-9507-47e4-ade3-da1cf2a78c2b,2026-04-12 20:57:01.000,Mail Setup Manual,de_upb
d4c04833-9507-47e4-ade3-da1cf2a78c2b,2026-04-12 20:58:12.000,Settings Accounts,de_upb
d4c04833-9507-47e4-ade3-da1cf2a78c2b,2026-04-12 20:56:12.000,Mail Setup Manual,de_upb
d4c04833-9507-47e4-ade3-da1cf2a78c2b,2026-04-12 20:55:12.000,Support Chat,de_upb
d4c04833-9507-47e4-ade3-da1cf2a78c2b,2026-04-12 20:56:13.000,Settings Accounts,de_upb
b9c30509-ad3c-41bf-8e96-cc1c3faf7fc1,2026-04-13 00:19:10.000,Career Main,de_ua
b9c30509-ad3c-41bf-8e96-cc1c3faf7fc1,2026-04-13 00:19:09.000,Studie Modules,de_ua
25900d69-bc69-4fd6-9585-8c8958ac1a53,2026-04-13 00:19:08.000,Studie Modules,de_pum
25900d69-bc69-4fd6-9585-8c8958ac1a53,2026-04-13 00:19:10.000,Mail Overview,de_pum
d3911123-ae46-4e52-b8a6-1d79c69440be,2026-04-13 00:19:12.000,Cafeteria Detail,de_fhms
49b105f5-1262-4e1c-874e-dfc1564805ca,2026-04-12 23:12:35.000,Studie Modules,de_ush
49b105f5-1262-4e1c-874e-dfc1564805ca,2026-04-12 23:12:36.000,Mail Overview,de_ush
49b105f5-1262-4e1c-874e-dfc1564805ca,2026-04-12 23:12:37.000,Studie Modules,de_ush
61971615-5c54-4d65-b5e4-0c5fe7d9e383,2026-04-12 08:09:52.000,Cafeteria Overview,de_hshz
61971615-5c54-4d65-b5e4-0c5fe7d9e383,2026-04-12 08:09:53.000,Cafeteria Detail,de_hshz
d352428f-0de6-4e74-bdbd-9a3cb949b14f,2026-04-13 00:19:11.000,Authenticator,de_pum
61971615-5c54-4d65-b5e4-0c5fe7d9e383,2026-04-12 08:09:50.000,Cafeteria Detail,de_hshz
af57a79d-29ac-4ba6-8b6b-6b945c100ed6,2026-04-10 22:54:32.000,Studie Modules,de_upb
4c2ccebf-34ae-49d5-9aeb-ca1c953082b6,2026-04-12 12:26:38.000,Mail Detail,de_si
65ca2d26-25dd-49cc-8efc-d54b4ce20336,2026-04-13 00:11:18.000,Studie Modules,de_ha
4c2ccebf-34ae-49d5-9aeb-ca1c953082b6,2026-04-13 00:19:15.000,Generic Links Overview,de_si
65ca2d26-25dd-49cc-8efc-d54b4ce20336,2026-04-13 00:11:13.000,Mail Login,de_ha
af57a79d-29ac-4ba6-8b6b-6b945c100ed6,2026-04-10 22:54:30.000,Studie Modules,de_upb
4c2ccebf-34ae-49d5-9aeb-ca1c953082b6,2026-04-13 00:19:10.000,Studie Modules,de_si
af57a79d-29ac-4ba6-8b6b-6b945c100ed6,2026-04-10 22:54:32.000,Mail Overview,de_upb
af57a79d-29ac-4ba6-8b6b-6b945c100ed6,2026-04-10 22:54:30.000,Radio,de_upb
a6935481-0421-4753-8196-cd69158b3bbd,2026-04-13 00:19:20.000,Studie Modules,de_bt
af57a79d-29ac-4ba6-8b6b-6b945c100ed6,2026-04-10 22:54:28.000,Radio,de_upb
4c2ccebf-34ae-49d5-9aeb-ca1c953082b6,2026-04-12 12:26:43.000,Mail Overview,de_si
af57a79d-29ac-4ba6-8b6b-6b945c100ed6,2026-04-10 22:54:27.000,Studie Modules,de_upb
15a1ec05-5721-42cc-aa92-b96ba4e69060,2026-04-13 00:19:16.000,Schedule Detail,de_upb
15a1ec05-5721-42cc-aa92-b96ba4e69060,2026-04-13 00:19:19.000,Calendar Week View,de_upb
15a1ec05-5721-42cc-aa92-b96ba4e69060,2026-04-13 00:19:20.000,Schedule Detail,de_upb
ea3dfb1c-548c-486c-b92d-3f47108313b5,2026-04-12 17:19:50.000,Studie Modules,de_es
ea3dfb1c-548c-486c-b92d-3f47108313b5,2026-04-12 17:19:51.000,Mail Overview,de_es
d85fdd21-e747-4f6f-9465-bb1d3e9729d2,2026-04-13 00:19:16.000,Studie Modules,de_pum
d85fdd21-e747-4f6f-9465-bb1d3e9729d2,2026-04-13 00:19:21.000,Todo,de_pum
d85fdd21-e747-4f6f-9465-bb1d3e9729d2,2026-04-13 00:19:20.000,Studie Modules,de_pum
d85fdd21-e747-4f6f-9465-bb1d3e9729d2,2026-04-13 00:19:24.000,Authenticator,de_pum
d85fdd21-e747-4f6f-9465-bb1d3e9729d2,2026-04-13 00:19:23.000,Studie Modules,de_pum
d85fdd21-e747-4f6f-9465-bb1d3e9729d2,2026-04-13 00:19:19.000,Todo,de_pum
1ad67afe-ce7d-45a1-a017-8f360a7f0e39,2026-04-11 18:57:53.000,Studie Modules,de_jlug
1ad67afe-ce7d-45a1-a017-8f360a7f0e39,2026-04-11 18:57:56.000,Generic Links Overview,de_jlug
df63bbb0-14c4-43e9-aaee-a7ce01c59562,2026-04-13 00:19:25.000,Games Battleships Profile,de_hsfd
12318349-c825-4bf5-9922-fef78a53d44b,2026-04-13 00:19:21.000,Authenticator Scan,de_pum
1ad67afe-ce7d-45a1-a017-8f360a7f0e39,2026-04-11 21:06:38.000,Studie Modules,de_jlug
1ad67afe-ce7d-45a1-a017-8f360a7f0e39,2026-04-11 21:06:56.000,Generic Links Overview,de_jlug
1ad67afe-ce7d-45a1-a017-8f360a7f0e39,2026-04-11 21:06:41.000,Mail Overview,de_jlug
1ad67afe-ce7d-45a1-a017-8f360a7f0e39,2026-04-11 21:06:46.000,Studie Modules,de_jlug
25900d69-bc69-4fd6-9585-8c8958ac1a53,2026-04-13 00:19:24.000,Studie Modules,de_pum
25900d69-bc69-4fd6-9585-8c8958ac1a53,2026-04-13 00:19:26.000,Generic Links Overview,de_pum
925f2bf3-ef75-4ca8-83e1-0df58212c8cb,2026-04-12 21:16:31.000,External Login Expired,de_tuda
925f2bf3-ef75-4ca8-83e1-0df58212c8cb,2026-04-12 20:46:05.000,External Login Expired,de_tuda
925f2bf3-ef75-4ca8-83e1-0df58212c8cb,2026-04-12 13:06:59.000,External Login Expired,de_tuda
925f2bf3-ef75-4ca8-83e1-0df58212c8cb,2026-04-12 09:13:16.000,External Login Expired,de_tuda
05dec5be-a3f1-4dc3-920a-bcca08b96023,2026-04-13 00:19:28.000,Mail Overview,de_thm
b9c30509-ad3c-41bf-8e96-cc1c3faf7fc1,2026-04-13 00:19:28.000,Studie Modules,de_ua
b9c30509-ad3c-41bf-8e96-cc1c3faf7fc1,2026-04-13 00:19:25.000,Feed,de_ua
f1ab9408-6d81-42f3-a10e-488e7591e0bb,2026-04-12 21:15:50.000,Studie Modules,de_fhswf
f1ab9408-6d81-42f3-a10e-488e7591e0bb,2026-04-12 21:15:45.000,Studie Modules,de_fhswf
f1ab9408-6d81-42f3-a10e-488e7591e0bb,2026-04-12 21:15:46.000,Grades Overview,de_fhswf
a6935481-0421-4753-8196-cd69158b3bbd,2026-04-13 00:19:22.000,Generic Links Overview,de_bt
6f1425cc-1f18-4127-8b70-087d4291aec2,2026-04-12 16:14:01.000,Feed,de_hm
e53b9fbc-7069-4090-b1d1-a2e424b40d0b,2026-04-13 00:19:24.000,Mail Overview,de_tucl
15a1ec05-5721-42cc-aa92-b96ba4e69060,2026-04-13 00:19:29.000,Calendar Week View,de_upb
e53b9fbc-7069-4090-b1d1-a2e424b40d0b,2026-04-13 00:19:26.000,Mail Detail,de_tucl
d352428f-0de6-4e74-bdbd-9a3cb949b14f,2026-04-13 00:19:31.000,Studie Modules,de_pum
42a120f8-9f53-48d6-a72c-930e89f89da3,2026-04-13 00:19:30.000,Feed,de_hsmz
42a120f8-9f53-48d6-a72c-930e89f89da3,2026-04-13 00:19:26.000,Mail Overview,de_hsmz
42a120f8-9f53-48d6-a72c-930e89f89da3,2026-04-13 00:19:22.000,Mail Overview,de_hsmz
42a120f8-9f53-48d6-a72c-930e89f89da3,2026-04-13 00:19:24.000,Mail Detail,de_hsmz
fafa34e5-4bc3-44f2-9745-a5013e5466e6,2026-04-13 00:19:27.000,Mail Detail,de_hawl
d85fdd21-e747-4f6f-9465-bb1d3e9729d2,2026-04-13 00:19:34.000,Studie Modules,de_pum
fafa34e5-4bc3-44f2-9745-a5013e5466e6,2026-04-13 00:19:22.000,Mail Overview,de_hawl
f84a1d8b-9086-43c2-9c56-86be7396cd57,2026-04-12 19:55:42.000,Feed,de_hm
12318349-c825-4bf5-9922-fef78a53d44b,2026-04-13 00:19:26.000,Authenticator,de_pum
df63bbb0-14c4-43e9-aaee-a7ce01c59562,2026-04-13 00:19:27.000,Games Battleships Stats,de_hsfd
6638002c-7640-4d0e-b304-d4b862c71d4c,2026-04-13 00:19:30.000,Mail Overview,de_jlug
b9c30509-ad3c-41bf-8e96-cc1c3faf7fc1,2026-04-13 00:19:29.000,Generic Links Overview,de_ua
925f2bf3-ef75-4ca8-83e1-0df58212c8cb,2026-04-12 23:49:03.000,External Login Expired,de_tuda
33c6ad20-7317-43e8-895b-eb146a361e2e,2026-04-13 00:19:38.000,Studie Modules,de_jlug
925f2bf3-ef75-4ca8-83e1-0df58212c8cb,2026-04-12 22:17:31.000,External Login Expired,de_tuda
3acf4f5c-e5a6-4e64-915d-6cee8f627bd0,2026-04-13 00:19:37.000,Studie Modules,de_thm
925f2bf3-ef75-4ca8-83e1-0df58212c8cb,2026-04-12 23:19:01.000,External Login Expired,de_tuda
3616e993-7e85-4dec-80df-ede4ea4015de,2026-04-12 23:00:11.000,Studie Modules,de_hslu
05dec5be-a3f1-4dc3-920a-bcca08b96023,2026-04-13 00:19:38.000,Studie Modules,de_thm
49954643-7996-478b-ba68-9b9ce8f26177,2026-04-13 00:19:39.000,Feed,de_tucl
73ff7f68-4e08-46f8-81b0-a99b40b59a2b,2026-04-09 09:05:19.000,Studie Modules,de_jlug
73ff7f68-4e08-46f8-81b0-a99b40b59a2b,2026-04-09 09:04:44.000,Generic Links Overview,de_jlug
3616e993-7e85-4dec-80df-ede4ea4015de,2026-04-12 23:00:08.000,Studie Modules,de_hslu
49954643-7996-478b-ba68-9b9ce8f26177,2026-04-13 00:19:38.000,Studie Modules,de_tucl
73ff7f68-4e08-46f8-81b0-a99b40b59a2b,2026-04-09 09:04:38.000,Studie Modules,de_jlug
73ff7f68-4e08-46f8-81b0-a99b40b59a2b,2026-04-09 09:04:08.000,Studie Modules,de_jlug
73ff7f68-4e08-46f8-81b0-a99b40b59a2b,2026-04-09 09:05:39.000,Generic Links Overview,de_jlug
3616e993-7e85-4dec-80df-ede4ea4015de,2026-04-12 23:00:09.000,Feed,de_hslu
73ff7f68-4e08-46f8-81b0-a99b40b59a2b,2026-04-09 09:04:10.000,Generic Links Overview,de_jlug
5b131c47-2012-413a-a567-7fab2eef7ef7,2026-04-12 21:09:36.000,Mail Overview,de_upb
5b131c47-2012-413a-a567-7fab2eef7ef7,2026-04-12 21:09:35.000,Studie Modules,de_upb
73ff7f68-4e08-46f8-81b0-a99b40b59a2b,2026-04-09 10:33:11.000,Generic Links Overview,de_jlug
73ff7f68-4e08-46f8-81b0-a99b40b59a2b,2026-04-09 10:32:25.000,Generic Links Overview,de_jlug
393e7cf2-2be0-4261-9e9c-8b6e451dfaf8,2026-04-12 18:50:55.000,wallet,de_tuda
73ff7f68-4e08-46f8-81b0-a99b40b59a2b,2026-04-09 10:33:09.000,Studie Modules,de_jlug
73ff7f68-4e08-46f8-81b0-a99b40b59a2b,2026-04-09 10:31:02.000,Generic Links Overview,de_jlug
73ff7f68-4e08-46f8-81b0-a99b40b59a2b,2026-04-09 10:32:02.000,Generic Links Overview,de_jlug
73ff7f68-4e08-46f8-81b0-a99b40b59a2b,2026-04-09 09:26:58.000,Studie Modules,de_jlug
73ff7f68-4e08-46f8-81b0-a99b40b59a2b,2026-04-09 10:32:11.000,Studie Modules,de_jlug
73ff7f68-4e08-46f8-81b0-a99b40b59a2b,2026-04-09 10:32:01.000,Studie Modules,de_jlug
73ff7f68-4e08-46f8-81b0-a99b40b59a2b,2026-04-09 17:27:22.000,Studie Modules,de_jlug
73ff7f68-4e08-46f8-81b0-a99b40b59a2b,2026-04-09 17:27:24.000,Generic Links Overview,de_jlug
d352428f-0de6-4e74-bdbd-9a3cb949b14f,2026-04-13 00:19:32.000,Generic Links Overview,de_pum
73ff7f68-4e08-46f8-81b0-a99b40b59a2b,2026-04-09 18:25:14.000,Studie Modules,de_jlug
73ff7f68-4e08-46f8-81b0-a99b40b59a2b,2026-04-09 18:25:11.000,Studie Modules,de_jlug
73ff7f68-4e08-46f8-81b0-a99b40b59a2b,2026-04-09 18:25:13.000,Generic Links Overview,de_jlug
73ff7f68-4e08-46f8-81b0-a99b40b59a2b,2026-04-09 18:25:15.000,Generic Links Overview,de_jlug
f64dfdba-d98b-4074-9f26-202f8c31368c,2026-04-13 00:19:42.000,Mail Overview,de_pum
d85fdd21-e747-4f6f-9465-bb1d3e9729d2,2026-04-13 00:19:35.000,Cafeteria Overview,de_pum
f64dfdba-d98b-4074-9f26-202f8c31368c,2026-04-13 00:19:41.000,Studie Modules,de_pum
183a9326-18d1-49e0-a4c7-5fbfb7ea35f2,2026-04-13 00:19:44.000,Mail Overview,de_phlb
183a9326-18d1-49e0-a4c7-5fbfb7ea35f2,2026-04-13 00:12:56.000,Mail Detail,de_phlb
183a9326-18d1-49e0-a4c7-5fbfb7ea35f2,2026-04-13 00:19:45.000,Mail Detail,de_phlb
df63bbb0-14c4-43e9-aaee-a7ce01c59562,2026-04-13 00:19:41.000,Games Overview,de_hsfd
df63bbb0-14c4-43e9-aaee-a7ce01c59562,2026-04-13 00:19:40.000,Games Battleships Profile,de_hsfd
df63bbb0-14c4-43e9-aaee-a7ce01c59562,2026-04-13 00:19:42.000,Games Basketball Main,de_hsfd
49954643-7996-478b-ba68-9b9ce8f26177,2026-04-13 00:19:42.000,Grades Overview,de_tucl
49954643-7996-478b-ba68-9b9ce8f26177,2026-04-13 00:19:41.000,Studie Modules,de_tucl
05dec5be-a3f1-4dc3-920a-bcca08b96023,2026-04-13 00:19:43.000,Grades Overview,de_thm
73ff7f68-4e08-46f8-81b0-a99b40b59a2b,2026-04-13 00:19:41.000,Generic Links Overview,de_jlug
73ff7f68-4e08-46f8-81b0-a99b40b59a2b,2026-04-13 00:19:40.000,Studie Modules,de_jlug
e53b9fbc-7069-4090-b1d1-a2e424b40d0b,2026-04-13 00:19:51.000,Mail Detail,de_tucl
e53b9fbc-7069-4090-b1d1-a2e424b40d0b,2026-04-13 00:19:49.000,Mail Detail,de_tucl
e53b9fbc-7069-4090-b1d1-a2e424b40d0b,2026-04-13 00:19:48.000,Mail Overview,de_tucl
e53b9fbc-7069-4090-b1d1-a2e424b40d0b,2026-04-13 00:19:50.000,Mail Overview,de_tucl
01de95e5-6539-4256-89d2-24d42850e0ae,2026-04-13 00:19:42.000,External Login Expired,de_hm
c880864e-8073-40e5-9ebb-4e7665dcc8ed,2026-04-13 00:19:56.000,Mail Overview,de_thm
d85fdd21-e747-4f6f-9465-bb1d3e9729d2,2026-04-13 00:19:58.000,Studie Modules,de_pum
05dec5be-a3f1-4dc3-920a-bcca08b96023,2026-04-13 00:19:56.000,Studie Modules,de_thm
d3911123-ae46-4e52-b8a6-1d79c69440be,2026-04-13 00:19:58.000,Feed,de_fhms
05dec5be-a3f1-4dc3-920a-bcca08b96023,2026-04-13 00:19:58.000,Feed,de_thm
e53b9fbc-7069-4090-b1d1-a2e424b40d0b,2026-04-13 00:19:56.000,Mail Detail,de_tucl
8405eef0-4d5a-41fe-87fb-e58fddb4d691,2026-04-13 00:20:00.000,Mail Detail,de_fhms
34f6a9f6-ec27-43ed-b0e0-58190998590a,2026-04-12 22:43:03.000,Mail Overview,de_bt
e53b9fbc-7069-4090-b1d1-a2e424b40d0b,2026-04-13 00:19:56.000,Mail Overview,de_tucl
34f6a9f6-ec27-43ed-b0e0-58190998590a,2026-04-12 22:42:59.000,Mail Detail,de_bt
947068e1-c0ad-4e80-b535-60c4ec1036e3,2026-04-13 00:20:03.000,Feed,de_hslu
bebbb645-ce15-4b2d-a697-931675cbfb46,2026-04-13 00:19:55.000,Cafeteria Overview,de_upb
947068e1-c0ad-4e80-b535-60c4ec1036e3,2026-04-13 00:19:55.000,Mail Overview,de_hslu
8835aac2-130f-4846-b6cb-fcf8cbd15a99,2026-04-13 00:19:58.000,Mail Overview,de_jmu
8835aac2-130f-4846-b6cb-fcf8cbd15a99,2026-04-13 00:20:07.000,Mail Detail,de_jmu
8835aac2-130f-4846-b6cb-fcf8cbd15a99,2026-04-13 00:19:57.000,Studie Modules,de_jmu
c880864e-8073-40e5-9ebb-4e7665dcc8ed,2026-04-13 00:20:07.000,Mail Detail,de_thm
d3911123-ae46-4e52-b8a6-1d79c69440be,2026-04-13 00:20:01.000,Calendar Week View,de_fhms
d3911123-ae46-4e52-b8a6-1d79c69440be,2026-04-13 00:20:07.000,Calendar Week View,de_fhms
d85fdd21-e747-4f6f-9465-bb1d3e9729d2,2026-04-13 00:20:05.000,Cafeteria Detail,de_pum
d85fdd21-e747-4f6f-9465-bb1d3e9729d2,2026-04-13 00:20:06.000,Cafeteria Overview,de_pum
d85fdd21-e747-4f6f-9465-bb1d3e9729d2,2026-04-13 00:19:59.000,Cafeteria Overview,de_pum
d3911123-ae46-4e52-b8a6-1d79c69440be,2026-04-13 00:20:05.000,Schedule Detail,de_fhms
208192fa-87bb-4f77-bc19-98097929e5eb,2026-04-13 00:20:04.000,Studie Modules,de_pum
208192fa-87bb-4f77-bc19-98097929e5eb,2026-04-13 00:20:05.000,Authenticator,de_pum
25900d69-bc69-4fd6-9585-8c8958ac1a53,2026-04-13 00:20:15.000,Studie Modules,de_pum
a19b336e-916e-41d0-a880-48640a3e2f5c,2026-04-12 17:53:44.000,Mail Overview,de_si
a19b336e-916e-41d0-a880-48640a3e2f5c,2026-04-12 17:53:43.000,Studie Modules,de_si
15efe9f8-7432-41b9-9cd7-2396f7ecc2d9,2026-04-13 00:20:10.000,Calendar List View,de_upb
15efe9f8-7432-41b9-9cd7-2396f7ecc2d9,2026-04-13 00:20:07.000,Studie Modules,de_upb
15efe9f8-7432-41b9-9cd7-2396f7ecc2d9,2026-04-13 00:17:19.000,Calendar List View,de_upb
15efe9f8-7432-41b9-9cd7-2396f7ecc2d9,2026-04-13 00:20:08.000,Calendar Day View,de_upb
d85fdd21-e747-4f6f-9465-bb1d3e9729d2,2026-04-13 00:20:11.000,Cafeteria Overview,de_pum
d85fdd21-e747-4f6f-9465-bb1d3e9729d2,2026-04-13 00:20:12.000,Cafeteria Overview,de_pum
d85fdd21-e747-4f6f-9465-bb1d3e9729d2,2026-04-13 00:20:10.000,Cafeteria Overview,de_pum
d85fdd21-e747-4f6f-9465-bb1d3e9729d2,2026-04-13 00:20:19.000,Cafeteria Detail,de_pum
d85fdd21-e747-4f6f-9465-bb1d3e9729d2,2026-04-13 00:20:12.000,Cafeteria Detail,de_pum
d85fdd21-e747-4f6f-9465-bb1d3e9729d2,2026-04-13 00:20:09.000,Cafeteria Detail,de_pum
684e2270-1094-40ee-a89c-6d7d538e48aa,2026-04-12 17:25:55.000,Study Field Onboarding,de_hof
684e2270-1094-40ee-a89c-6d7d538e48aa,2026-04-12 22:41:28.000,Study Field Onboarding,de_hof
684e2270-1094-40ee-a89c-6d7d538e48aa,2026-04-12 23:19:48.000,Study Field Onboarding,de_hof
d85fdd21-e747-4f6f-9465-bb1d3e9729d2,2026-04-13 00:20:10.000,Cafeteria Detail,de_pum
5f7df699-3427-488b-a690-44eff472995e,2026-04-12 23:53:17.000,Schedule Detail,de_si
5f7df699-3427-488b-a690-44eff472995e,2026-04-12 23:53:13.000,Calendar Day View,de_si
5f7df699-3427-488b-a690-44eff472995e,2026-04-12 23:53:21.000,Calendar Day View,de_si
46825220-7cde-41c1-9511-212cd1b47dee,2026-04-10 09:35:48.000,Studie Modules,de_lg
46825220-7cde-41c1-9511-212cd1b47dee,2026-04-10 15:17:25.000,wallet,de_lg
46825220-7cde-41c1-9511-212cd1b47dee,2026-04-10 09:35:49.000,wallet,de_lg
46825220-7cde-41c1-9511-212cd1b47dee,2026-04-10 15:17:24.000,Studie Modules,de_lg
0603c794-6fce-4358-ac26-248c0f28705a,2026-04-13 00:20:12.000,Calendar Day View,de_pum
540c73ff-f27b-42b8-af97-e39ab96888a4,2026-04-12 13:26:29.000,Mail Overview,de_hsge
d59528e1-4964-4b85-a645-e8e3df343418,2026-04-12 23:07:48.000,Studie Modules,de_phlb
bebbb645-ce15-4b2d-a697-931675cbfb46,2026-04-13 00:20:25.000,Feed,de_upb
7e094ef2-d48c-47d7-bb49-ee4dfe60d450,2026-04-12 15:34:46.000,Mail Overview,de_si
25900d69-bc69-4fd6-9585-8c8958ac1a53,2026-04-13 00:20:24.000,Generic Links Overview,de_pum
25900d69-bc69-4fd6-9585-8c8958ac1a53,2026-04-13 00:20:22.000,Studie Modules,de_pum
25900d69-bc69-4fd6-9585-8c8958ac1a53,2026-04-13 00:20:19.000,Authenticator,de_pum
fafa34e5-4bc3-44f2-9745-a5013e5466e6,2026-04-13 00:20:22.000,Mail Overview,de_hawl
fafa34e5-4bc3-44f2-9745-a5013e5466e6,2026-04-13 00:20:25.000,Mail Detail,de_hawl
cc65d7a8-88e3-4d50-8598-f8d0be6497d8,2026-04-12 16:41:19.000,Feed,de_hsge
96c079a9-9b9a-4f10-b9f0-6f63db672fbe,2026-04-11 13:48:31.000,Mail Overview,de_hm
96c079a9-9b9a-4f10-b9f0-6f63db672fbe,2026-04-12 23:38:33.000,Mail Overview,de_hm
d85fdd21-e747-4f6f-9465-bb1d3e9729d2,2026-04-13 00:20:21.000,Cafeteria Overview,de_pum
96c079a9-9b9a-4f10-b9f0-6f63db672fbe,2026-04-12 23:38:32.000,Studie Modules,de_hm
d85fdd21-e747-4f6f-9465-bb1d3e9729d2,2026-04-13 00:20:19.000,Cafeteria Detail,de_pum
d85fdd21-e747-4f6f-9465-bb1d3e9729d2,2026-04-13 00:20:19.000,Cafeteria Overview,de_pum
5f7df699-3427-488b-a690-44eff472995e,2026-04-12 23:53:30.000,Studie Modules,de_si
0dd5b103-889d-4530-ac01-a209f3d0c9a2,2026-04-13 00:20:27.000,Mail Detail,de_thm
5f7df699-3427-488b-a690-44eff472995e,2026-04-12 23:53:32.000,Generic Links Overview,de_si
5f7df699-3427-488b-a690-44eff472995e,2026-04-12 23:53:28.000,Feed,de_si
070c18d8-192b-4603-9b53-7752d275e856,2026-04-13 00:20:23.000,Mail Overview,de_tuda
a3288451-e51b-4347-8e2e-13d51ba440f2,2026-04-13 00:20:29.000,Feed,de_fhms
a3288451-e51b-4347-8e2e-13d51ba440f2,2026-04-12 11:50:00.000,Mail Overview,de_fhms
df63bbb0-14c4-43e9-aaee-a7ce01c59562,2026-04-13 00:20:32.000,Games Overview,de_hsfd
a3288451-e51b-4347-8e2e-13d51ba440f2,2026-04-13 00:20:31.000,Studie Modules,de_fhms
a3288451-e51b-4347-8e2e-13d51ba440f2,2026-04-12 11:49:52.000,Study Field Onboarding,de_fhms
a3288451-e51b-4347-8e2e-13d51ba440f2,2026-04-12 11:49:57.000,Grades Overview,de_fhms
a3288451-e51b-4347-8e2e-13d51ba440f2,2026-04-12 11:49:54.000,Studie Modules,de_fhms
a3288451-e51b-4347-8e2e-13d51ba440f2,2026-04-12 11:49:53.000,Feed,de_fhms
a3288451-e51b-4347-8e2e-13d51ba440f2,2026-04-12 11:49:59.000,Studie Modules,de_fhms
89941dc4-3a95-4400-ab42-338a7a4a811d,2026-04-12 16:04:29.000,Feed,de_upb
bebbb645-ce15-4b2d-a697-931675cbfb46,2026-04-13 00:20:32.000,Feed,de_upb
bebbb645-ce15-4b2d-a697-931675cbfb46,2026-04-13 00:20:30.000,Support Chat,de_upb
bebbb645-ce15-4b2d-a697-931675cbfb46,2026-04-13 00:20:34.000,Calendar Day View,de_upb
fafa34e5-4bc3-44f2-9745-a5013e5466e6,2026-04-13 00:20:31.000,Mail Write,de_hawl
d3911123-ae46-4e52-b8a6-1d79c69440be,2026-04-13 00:20:38.000,Schedule Detail,de_fhms
070c18d8-192b-4603-9b53-7752d275e856,2026-04-13 00:20:38.000,Mail Detail,de_tuda
df63bbb0-14c4-43e9-aaee-a7ce01c59562,2026-04-13 00:20:39.000,Feed,de_hsfd
df63bbb0-14c4-43e9-aaee-a7ce01c59562,2026-04-13 00:20:33.000,Studie Modules,de_hsfd
df63bbb0-14c4-43e9-aaee-a7ce01c59562,2026-04-13 00:20:35.000,Feed,de_hsfd
df63bbb0-14c4-43e9-aaee-a7ce01c59562,2026-04-13 00:20:38.000,Mail Overview,de_hsfd
df63bbb0-14c4-43e9-aaee-a7ce01c59562,2026-04-13 00:20:40.000,Cafeteria Overview,de_hsfd
cb7b2d4b-1c4b-4286-9710-e4ac2718b185,2026-04-12 20:12:34.000,calendar_overview,de_cbs
a3288451-e51b-4347-8e2e-13d51ba440f2,2026-04-13 00:20:34.000,Studie Modules,de_fhms
a3288451-e51b-4347-8e2e-13d51ba440f2,2026-04-13 00:20:31.000,Grades Overview,de_fhms
cb7b2d4b-1c4b-4286-9710-e4ac2718b185,2026-04-12 20:12:32.000,Feed,de_cbs
a3975429-035e-4073-9b72-f79bbe2407e8,2026-04-13 00:20:37.000,Mail Overview,de_khb
6f1c6745-81a7-48e0-ac58-c0ef2342ef35,2026-04-13 00:20:40.000,Mail Detail,de_ovgu
a3975429-035e-4073-9b72-f79bbe2407e8,2026-04-13 00:20:33.000,Mail Detail,de_khb
cb7b2d4b-1c4b-4286-9710-e4ac2718b185,2026-04-12 20:12:32.000,Grades With API Overview,de_cbs
a3288451-e51b-4347-8e2e-13d51ba440f2,2026-04-13 00:20:37.000,Mail Overview,de_fhms
6f1c6745-81a7-48e0-ac58-c0ef2342ef35,2026-04-13 00:20:33.000,Studie Modules,de_ovgu
6f1c6745-81a7-48e0-ac58-c0ef2342ef35,2026-04-13 00:20:34.000,Mail Overview,de_ovgu
e4c4e076-fac8-4c6d-8e10-85909e5fa761,2026-04-12 22:20:26.000,calendar_overview,de_cbs
1ad9570b-b00b-4c00-9f0c-bf675facc385,2026-04-13 00:20:42.000,Mail Overview,de_thm
1ad9570b-b00b-4c00-9f0c-bf675facc385,2026-04-13 00:20:46.000,Mail Detail,de_thm
da835cc0-05bf-40b9-8843-0bd1d566573b,2026-04-12 23:50:21.000,Study Field Onboarding,de_fhms
7c2f5aca-c262-45ed-85fa-63c9bc51c974,2026-04-13 00:20:43.000,Calendar Day View,de_si
7c2f5aca-c262-45ed-85fa-63c9bc51c974,2026-04-13 00:20:40.000,Mail Overview,de_si
caa0f123-42ed-458d-91d6-290c88e206d9,2026-04-13 00:20:48.000,Mail Detail,de_hsge
7c2f5aca-c262-45ed-85fa-63c9bc51c974,2026-04-13 00:20:42.000,Feed,de_si
a87fe730-d46d-483a-bd83-16eef7cd4bfd,2026-04-13 00:20:46.000,Mail Overview,de_tuda
df63bbb0-14c4-43e9-aaee-a7ce01c59562,2026-04-13 00:20:48.000,Feed,de_hsfd
df63bbb0-14c4-43e9-aaee-a7ce01c59562,2026-04-13 00:20:44.000,Feed,de_hsfd
df63bbb0-14c4-43e9-aaee-a7ce01c59562,2026-04-13 00:20:52.000,Feed,de_hsfd
df63bbb0-14c4-43e9-aaee-a7ce01c59562,2026-04-13 00:20:47.000,Calendar Day View,de_hsfd
df63bbb0-14c4-43e9-aaee-a7ce01c59562,2026-04-13 00:20:44.000,Calendar Day View,de_hsfd
df63bbb0-14c4-43e9-aaee-a7ce01c59562,2026-04-13 00:20:45.000,Feed,de_hsfd
df63bbb0-14c4-43e9-aaee-a7ce01c59562,2026-04-13 00:20:51.000,Freshman Overview,de_hsfd
a3975429-035e-4073-9b72-f79bbe2407e8,2026-04-13 00:20:44.000,Mail Detail,de_khb
6f1c6745-81a7-48e0-ac58-c0ef2342ef35,2026-04-13 00:20:43.000,Mail Overview,de_ovgu
26f622e0-a1bf-438c-8b8c-615feaa3a0b5,2026-04-13 00:20:51.000,Studie Modules,de_pum
26f622e0-a1bf-438c-8b8c-615feaa3a0b5,2026-04-13 00:20:53.000,Generic Links Overview,de_pum
0603c794-6fce-4358-ac26-248c0f28705a,2026-04-13 00:20:55.000,Feed,de_pum
e28df3d8-655d-4422-ba2d-fcdfca6d524e,2026-04-13 00:20:47.000,Mail Overview,de_hslu
e28df3d8-655d-4422-ba2d-fcdfca6d524e,2026-04-13 00:20:46.000,Studie Modules,de_hslu
e28df3d8-655d-4422-ba2d-fcdfca6d524e,2026-04-13 00:20:50.000,Studie Modules,de_hslu
e28df3d8-655d-4422-ba2d-fcdfca6d524e,2026-04-13 00:20:52.000,Calendar Day View,de_hslu
15efe9f8-7432-41b9-9cd7-2396f7ecc2d9,2026-04-13 00:20:54.000,Calendar List View,de_upb
15efe9f8-7432-41b9-9cd7-2396f7ecc2d9,2026-04-13 00:20:51.000,Calendar Day View,de_upb
15efe9f8-7432-41b9-9cd7-2396f7ecc2d9,2026-04-13 00:20:50.000,Studie Modules,de_upb
dff1f735-ff57-4af5-bc26-b85379b447ad,2026-04-12 21:17:09.000,Mail Overview,de_hsab
a87fe730-d46d-483a-bd83-16eef7cd4bfd,2026-04-13 00:20:52.000,Mail Detail,de_tuda
070c18d8-192b-4603-9b53-7752d275e856,2026-04-13 00:21:02.000,Mail Overview,de_tuda
6f1c6745-81a7-48e0-ac58-c0ef2342ef35,2026-04-13 00:21:00.000,Mail Detail,de_ovgu
56b80ed6-cbc8-4af0-9a61-0d87d783a04f,2026-04-13 00:21:05.000,Mail Detail,de_hsrm
0dd5b103-889d-4530-ac01-a209f3d0c9a2,2026-04-13 00:20:57.000,Mail Overview,de_thm
0dd5b103-889d-4530-ac01-a209f3d0c9a2,2026-04-13 00:20:58.000,Mail Detail,de_thm
c880864e-8073-40e5-9ebb-4e7665dcc8ed,2026-04-13 00:21:04.000,Mail Overview,de_thm
9fc11c5c-e9fb-4e0e-acde-e8d98c9d486e,2026-04-13 00:18:03.000,Settings Overview,de_pum
10803230-fc9a-4e27-82f5-6ed52edc2d5d,2026-04-13 00:18:20.000,Calendar Day View,de_aml
9fc11c5c-e9fb-4e0e-acde-e8d98c9d486e,2026-04-13 00:18:07.000,Feed,de_pum
0603c794-6fce-4358-ac26-248c0f28705a,2026-04-13 00:21:05.000,Studie Modules,de_pum
0603c794-6fce-4358-ac26-248c0f28705a,2026-04-13 00:21:01.000,Feed,de_pum
0603c794-6fce-4358-ac26-248c0f28705a,2026-04-13 00:20:59.000,Mail Overview,de_pum
085e9598-d6cb-4f13-8837-5944d1c3162a,2026-04-13 00:21:05.000,Studie Modules,de_hsm
9aa8b364-7463-4da5-8a9d-2a85723b0645,2026-04-12 23:50:42.000,Studie Modules,de_tuda
9aa8b364-7463-4da5-8a9d-2a85723b0645,2026-04-12 23:50:43.000,Mail Overview,de_tuda
a3975429-035e-4073-9b72-f79bbe2407e8,2026-04-13 00:21:10.000,Mail Overview,de_khb
566f828d-8beb-4835-8f6d-ff6c413b763f,2026-04-13 00:21:03.000,Mail Overview,de_ua
566f828d-8beb-4835-8f6d-ff6c413b763f,2026-04-13 00:21:02.000,Studie Modules,de_ua
88e09677-9aa1-4c74-b7c1-8c8d2e0b2587,2026-04-12 21:24:50.000,Studie Modules,de_lg
88e09677-9aa1-4c74-b7c1-8c8d2e0b2587,2026-04-12 20:51:32.000,Mail Overview,de_lg
88e09677-9aa1-4c74-b7c1-8c8d2e0b2587,2026-04-12 20:51:32.000,Studie Modules,de_lg
070c18d8-192b-4603-9b53-7752d275e856,2026-04-13 00:21:10.000,Mail Detail,de_tuda
88e09677-9aa1-4c74-b7c1-8c8d2e0b2587,2026-04-12 21:24:51.000,Mail Overview,de_lg
e1e56a38-3951-43b0-b112-b04d7d6006f1,2026-04-13 00:21:12.000,Authenticator,de_pum
e1e56a38-3951-43b0-b112-b04d7d6006f1,2026-04-13 00:21:11.000,Studie Modules,de_pum
9fc11c5c-e9fb-4e0e-acde-e8d98c9d486e,2026-04-13 00:21:09.000,Schedule Overview,de_pum
9fc11c5c-e9fb-4e0e-acde-e8d98c9d486e,2026-04-13 00:21:15.000,Feed,de_pum
c880864e-8073-40e5-9ebb-4e7665dcc8ed,2026-04-13 00:21:11.000,Feed,de_thm
10803230-fc9a-4e27-82f5-6ed52edc2d5d,2026-04-13 00:21:13.000,Calendar Week View,de_aml
81e1b197-5e25-484c-8345-47e586a4eb59,2026-04-12 09:36:47.000,Feed Detail,de_pum
458ff79b-f10b-4ac7-be9d-f0df050b200f,2026-04-13 00:21:12.000,Mail Detail,de_thm
458ff79b-f10b-4ac7-be9d-f0df050b200f,2026-04-13 00:21:15.000,Mail Detail,de_thm
56b80ed6-cbc8-4af0-9a61-0d87d783a04f,2026-04-13 00:21:08.000,Mail Overview,de_hsrm
0603c794-6fce-4358-ac26-248c0f28705a,2026-04-13 00:21:12.000,Generic Links Overview,de_pum
458ff79b-f10b-4ac7-be9d-f0df050b200f,2026-04-13 00:21:14.000,Mail Overview,de_thm
0603c794-6fce-4358-ac26-248c0f28705a,2026-04-13 00:21:08.000,Authenticator,de_pum
0603c794-6fce-4358-ac26-248c0f28705a,2026-04-13 00:21:10.000,Studie Modules,de_pum
085e9598-d6cb-4f13-8837-5944d1c3162a,2026-04-13 00:21:07.000,Mail Overview,de_hsm
458ff79b-f10b-4ac7-be9d-f0df050b200f,2026-04-13 00:21:10.000,Mail Overview,de_thm
f00cb316-895c-4470-abd9-4d7ee79ce4ae,2026-04-12 07:45:43.000,Info Overview,de_fhja
cac5e92e-e331-4c8e-a701-7c9b3b2009f1,2026-04-13 00:21:12.000,Feed,de_phlb
cac5e92e-e331-4c8e-a701-7c9b3b2009f1,2026-04-13 00:21:10.000,Mail Overview,de_phlb
cac5e92e-e331-4c8e-a701-7c9b3b2009f1,2026-04-13 00:21:17.000,Cafeteria Detail,de_phlb
cac5e92e-e331-4c8e-a701-7c9b3b2009f1,2026-04-13 00:21:14.000,Cafeteria Overview,de_phlb
23c73dec-5efe-4a8b-8c73-16bfb5882f17,2026-04-12 19:51:31.000,Mail Overview,de_thm
23c73dec-5efe-4a8b-8c73-16bfb5882f17,2026-04-12 18:22:56.000,Mail Overview,de_thm
23c73dec-5efe-4a8b-8c73-16bfb5882f17,2026-04-12 19:51:30.000,Studie Modules,de_thm
127d8d77-33c2-478b-ad63-9744587ae9f0,2026-04-13 00:21:12.000,Mail Overview,de_upb
127d8d77-33c2-478b-ad63-9744587ae9f0,2026-04-13 00:21:12.000,Studie Modules,de_upb
5146e77d-93d5-4b8b-8a0e-4b710cd1633f,2026-04-13 00:21:13.000,Studie Modules,de_ovgu
5146e77d-93d5-4b8b-8a0e-4b710cd1633f,2026-04-13 00:21:13.000,Grades Overview,de_ovgu
5146e77d-93d5-4b8b-8a0e-4b710cd1633f,2026-04-13 00:21:15.000,Studie Modules,de_ovgu
5146e77d-93d5-4b8b-8a0e-4b710cd1633f,2026-04-13 00:21:11.000,Studie Modules,de_ovgu
5146e77d-93d5-4b8b-8a0e-4b710cd1633f,2026-04-13 00:21:11.000,Mail Overview,de_ovgu
5146e77d-93d5-4b8b-8a0e-4b710cd1633f,2026-04-13 00:21:16.000,Calendar Day View,de_ovgu
5146e77d-93d5-4b8b-8a0e-4b710cd1633f,2026-04-13 00:21:21.000,Schedule Detail,de_ovgu
fa6bba34-f6d2-4a2d-9865-fd801f24daf2,2026-04-13 00:21:16.000,Mail Overview,de_hslu
8e96b304-03af-4cc8-911c-ccbdf449f411,2026-04-12 08:37:21.000,Mail Overview,de_hsge
8e96b304-03af-4cc8-911c-ccbdf449f411,2026-04-12 17:03:37.000,Mail Overview,de_hsge
8e96b304-03af-4cc8-911c-ccbdf449f411,2026-04-12 08:37:20.000,Feed,de_hsge
8e96b304-03af-4cc8-911c-ccbdf449f411,2026-04-12 17:03:36.000,Studie Modules,de_hsge
fa6bba34-f6d2-4a2d-9865-fd801f24daf2,2026-04-13 00:21:18.000,Mail Detail,de_hslu
fa6bba34-f6d2-4a2d-9865-fd801f24daf2,2026-04-13 00:21:12.000,Studie Modules,de_hslu
8e96b304-03af-4cc8-911c-ccbdf449f411,2026-04-12 08:37:19.000,Feed Detail,de_hsge
8e96b304-03af-4cc8-911c-ccbdf449f411,2026-04-12 08:37:17.000,Mail Overview,de_hsge
8e96b304-03af-4cc8-911c-ccbdf449f411,2026-04-12 08:37:18.000,Feed,de_hsge
fa6bba34-f6d2-4a2d-9865-fd801f24daf2,2026-04-13 00:21:22.000,Mail Overview,de_hslu
8e96b304-03af-4cc8-911c-ccbdf449f411,2026-04-12 08:37:21.000,Studie Modules,de_hsge
493281c0-1ba4-4c90-a7cb-9821e81da3b9,2026-04-13 00:21:15.000,Mail Detail,de_hm
493281c0-1ba4-4c90-a7cb-9821e81da3b9,2026-04-13 00:21:12.000,Mail Overview,de_hm
d4634e59-fd3e-45bb-b68f-bd64670c716a,2026-04-13 00:21:15.000,Mail Overview,de_si
9fc11c5c-e9fb-4e0e-acde-e8d98c9d486e,2026-04-13 00:21:19.000,Generic Links Overview,de_pum
d4634e59-fd3e-45bb-b68f-bd64670c716a,2026-04-13 00:21:14.000,Studie Modules,de_si
9fc11c5c-e9fb-4e0e-acde-e8d98c9d486e,2026-04-13 00:21:17.000,Studie Modules,de_pum
56b80ed6-cbc8-4af0-9a61-0d87d783a04f,2026-04-13 00:21:21.000,Mail Overview,de_hsrm
56b80ed6-cbc8-4af0-9a61-0d87d783a04f,2026-04-13 00:21:16.000,Studie Modules,de_hsrm
085e9598-d6cb-4f13-8837-5944d1c3162a,2026-04-13 00:21:16.000,Mail Detail,de_hsm
68c60258-530b-4963-938a-194f96011afd,2026-04-13 00:21:19.000,Feed,de_tuda
68c60258-530b-4963-938a-194f96011afd,2026-04-13 00:21:23.000,Studie Modules,de_tuda
68c60258-530b-4963-938a-194f96011afd,2026-04-13 00:21:24.000,Mail Overview,de_tuda
458ff79b-f10b-4ac7-be9d-f0df050b200f,2026-04-13 00:21:27.000,Mail Overview,de_thm
68c60258-530b-4963-938a-194f96011afd,2026-04-13 00:21:23.000,Feed,de_tuda
68c60258-530b-4963-938a-194f96011afd,2026-04-13 00:21:21.000,Career Onboarding,de_tuda
458ff79b-f10b-4ac7-be9d-f0df050b200f,2026-04-13 00:21:24.000,Mail Detail,de_thm
458ff79b-f10b-4ac7-be9d-f0df050b200f,2026-04-13 00:21:22.000,Mail Overview,de_thm
68c60258-530b-4963-938a-194f96011afd,2026-04-13 00:21:20.000,Studie Modules,de_tuda
a87fe730-d46d-483a-bd83-16eef7cd4bfd,2026-04-13 00:21:28.000,Mail Overview,de_tuda
23c73dec-5efe-4a8b-8c73-16bfb5882f17,2026-04-13 00:21:22.000,Studie Modules,de_thm
23c73dec-5efe-4a8b-8c73-16bfb5882f17,2026-04-13 00:21:23.000,Mail Overview,de_thm
23c73dec-5efe-4a8b-8c73-16bfb5882f17,2026-04-13 00:21:25.000,Studie Modules,de_thm
23c73dec-5efe-4a8b-8c73-16bfb5882f17,2026-04-13 00:21:27.000,Grades Overview,de_thm
e17d958b-ea60-4e97-92c4-f926dd3a1317,2026-04-13 00:21:28.000,Studie Modules,de_thm
6925c232-986b-4647-9370-b83deabb0773,2026-04-13 00:21:20.000,Study Field Onboarding,de_si
e17d958b-ea60-4e97-92c4-f926dd3a1317,2026-04-13 00:21:29.000,Mail Overview,de_thm
070c18d8-192b-4603-9b53-7752d275e856,2026-04-13 00:21:24.000,Mail Overview,de_tuda
eae5a759-9024-458b-a3cd-80b2ed331ff8,2026-04-13 00:20:38.000,Mail Detail,de_hsmz
eae5a759-9024-458b-a3cd-80b2ed331ff8,2026-04-13 00:20:36.000,Mail Overview,de_hsmz
127d8d77-33c2-478b-ad63-9744587ae9f0,2026-04-13 00:21:22.000,Mail Detail,de_upb
fa6bba34-f6d2-4a2d-9865-fd801f24daf2,2026-04-13 00:21:28.000,Mail Overview,de_hslu
fa6bba34-f6d2-4a2d-9865-fd801f24daf2,2026-04-13 00:21:29.000,Mail Detail,de_hslu
fa6bba34-f6d2-4a2d-9865-fd801f24daf2,2026-04-13 00:21:24.000,Mail Detail,de_hslu
56b80ed6-cbc8-4af0-9a61-0d87d783a04f,2026-04-13 00:21:27.000,Mail Detail,de_hsrm
458ff79b-f10b-4ac7-be9d-f0df050b200f,2026-04-13 00:21:30.000,Mail Detail,de_thm
23c73dec-5efe-4a8b-8c73-16bfb5882f17,2026-04-13 00:21:39.000,Mail Overview,de_thm
23c73dec-5efe-4a8b-8c73-16bfb5882f17,2026-04-13 00:21:37.000,Studie Modules,de_thm
9d31550c-1824-4f72-b10f-7f322b50195f,2026-04-13 00:21:30.000,Studie Modules,de_fub
9d31550c-1824-4f72-b10f-7f322b50195f,2026-04-13 00:21:30.000,Mail Overview,de_fub
9d31550c-1824-4f72-b10f-7f322b50195f,2026-04-13 00:21:35.000,Mail Detail,de_fub
eae5a759-9024-458b-a3cd-80b2ed331ff8,2026-04-13 00:21:41.000,Mail Detail,de_hsmz
127d8d77-33c2-478b-ad63-9744587ae9f0,2026-04-13 00:21:39.000,Mail Detail,de_upb
eae5a759-9024-458b-a3cd-80b2ed331ff8,2026-04-13 00:21:36.000,Mail Overview,de_hsmz
127d8d77-33c2-478b-ad63-9744587ae9f0,2026-04-13 00:21:34.000,Mail Overview,de_upb
fa6bba34-f6d2-4a2d-9865-fd801f24daf2,2026-04-13 00:21:40.000,Mail Detail,de_hslu
fa6bba34-f6d2-4a2d-9865-fd801f24daf2,2026-04-13 00:21:36.000,Mail Overview,de_hslu
5acc6108-67e1-4e53-84cb-6133ac4fb5f4,2026-04-12 20:47:18.000,Feed,de_hsko
5acc6108-67e1-4e53-84cb-6133ac4fb5f4,2026-04-12 20:47:21.000,Calendar Day View,de_hsko
08a70a2d-0a7e-4cfc-9da5-094a098f5fe0,2026-04-13 00:21:45.000,Feed,de_us
cac5e92e-e331-4c8e-a701-7c9b3b2009f1,2026-04-13 00:21:46.000,Cafeteria Overview,de_phlb
0dd5b103-889d-4530-ac01-a209f3d0c9a2,2026-04-13 00:21:40.000,Mail Overview,de_thm
0dd5b103-889d-4530-ac01-a209f3d0c9a2,2026-04-13 00:21:41.000,Mail Detail,de_thm
8a2510e1-d66f-4c9c-93f0-af79a599e80c,2026-04-13 00:21:41.000,Calendar Day View,de_hsfd
0a549498-ac4f-46f1-9400-a61672aa155c,2026-04-12 11:17:40.000,wallet,de_tuda
0a549498-ac4f-46f1-9400-a61672aa155c,2026-04-12 11:17:38.000,Studie Modules,de_tuda
23c73dec-5efe-4a8b-8c73-16bfb5882f17,2026-04-13 00:21:44.000,Mail Detail,de_thm
9d31550c-1824-4f72-b10f-7f322b50195f,2026-04-13 00:21:51.000,Mail Overview,de_fub
127d8d77-33c2-478b-ad63-9744587ae9f0,2026-04-13 00:21:48.000,Mail Overview,de_upb
a6935481-0421-4753-8196-cd69158b3bbd,2026-04-13 00:21:50.000,Studie Modules,de_bt
a6935481-0421-4753-8196-cd69158b3bbd,2026-04-13 00:21:53.000,Generic Links Overview,de_bt
34b4f5c5-d3a5-435b-b8b5-c0d62f6d9378,2026-04-13 00:21:53.000,Mail Overview,de_pum
eae5a759-9024-458b-a3cd-80b2ed331ff8,2026-04-13 00:21:57.000,Mail Overview,de_hsmz
10803230-fc9a-4e27-82f5-6ed52edc2d5d,2026-04-13 00:21:56.000,Schedule Detail,de_aml
fa03af2d-a012-4dbb-8965-24fd4208a3ee,2026-04-12 22:29:07.000,Mail Overview,de_ovgu
5f09c952-b6e0-4756-801a-8e551a308279,2026-04-12 22:51:54.000,Mail Detail,de_hspf
5f09c952-b6e0-4756-801a-8e551a308279,2026-04-12 22:51:58.000,Mail Overview,de_hspf
fa6bba34-f6d2-4a2d-9865-fd801f24daf2,2026-04-13 00:22:02.000,Mail Overview,de_hslu
56b80ed6-cbc8-4af0-9a61-0d87d783a04f,2026-04-13 00:22:02.000,Mail Write,de_hsrm
18b941a0-52ea-4640-9f3a-157ea133d490,2026-04-08 11:19:33.000,Studie Modules,de_hspf
127d8d77-33c2-478b-ad63-9744587ae9f0,2026-04-13 00:22:01.000,Mail Overview,de_upb
127d8d77-33c2-478b-ad63-9744587ae9f0,2026-04-13 00:21:53.000,Mail Detail,de_upb
18b941a0-52ea-4640-9f3a-157ea133d490,2026-04-08 11:19:26.000,Studie Modules,de_hspf
18b941a0-52ea-4640-9f3a-157ea133d490,2026-04-08 11:19:27.000,Grades Overview,de_hspf
53781378-762e-4a25-9faa-b83b437ad953,2026-04-13 00:11:56.000,Mail Overview,de_hslu
53781378-762e-4a25-9faa-b83b437ad953,2026-04-13 00:11:55.000,Studie Modules,de_hslu
53781378-762e-4a25-9faa-b83b437ad953,2026-04-13 00:11:59.000,Studie Modules,de_hslu
fafa34e5-4bc3-44f2-9745-a5013e5466e6,2026-04-13 00:22:04.000,Mail Detail,de_hawl
5357e940-1ec5-47ab-b7d2-848c8afcb338,2026-04-13 00:22:05.000,Calendar Week View,de_tum
085e9598-d6cb-4f13-8837-5944d1c3162a,2026-04-13 00:22:04.000,Generic Links Overview,de_hsm
10803230-fc9a-4e27-82f5-6ed52edc2d5d,2026-04-13 00:21:59.000,Schedule Modify,de_aml
085e9598-d6cb-4f13-8837-5944d1c3162a,2026-04-13 00:22:02.000,Mail Overview,de_hsm
5357e940-1ec5-47ab-b7d2-848c8afcb338,2026-04-13 00:22:02.000,Studie Modules,de_tum
085e9598-d6cb-4f13-8837-5944d1c3162a,2026-04-13 00:22:03.000,Studie Modules,de_hsm
90db120f-7813-4200-9001-24e774695c32,2026-04-10 19:50:38.000,Career Onboarding,de_fhms
90db120f-7813-4200-9001-24e774695c32,2026-04-10 19:50:40.000,Feed,de_fhms
90db120f-7813-4200-9001-24e774695c32,2026-04-13 00:22:01.000,Calendar Day View,de_fhms
90db120f-7813-4200-9001-24e774695c32,2026-04-10 19:50:42.000,Calendar Day View,de_fhms
90db120f-7813-4200-9001-24e774695c32,2026-04-10 19:50:40.000,Studie Modules,de_fhms
90db120f-7813-4200-9001-24e774695c32,2026-04-13 00:21:59.000,Studie Modules,de_fhms
127d8d77-33c2-478b-ad63-9744587ae9f0,2026-04-13 00:22:09.000,Mail Detail,de_upb
127d8d77-33c2-478b-ad63-9744587ae9f0,2026-04-13 00:22:07.000,Mail Overview,de_upb
127d8d77-33c2-478b-ad63-9744587ae9f0,2026-04-13 00:22:03.000,Mail Detail,de_upb
fa6bba34-f6d2-4a2d-9865-fd801f24daf2,2026-04-13 00:22:05.000,Mail Detail,de_hslu
aa2c77bc-838c-4df7-90e8-a444a5fa2aeb,2026-04-13 00:22:05.000,Studie Modules,de_ua
aa2c77bc-838c-4df7-90e8-a444a5fa2aeb,2026-04-13 00:22:06.000,Mail Overview,de_ua
aa2c77bc-838c-4df7-90e8-a444a5fa2aeb,2026-04-13 00:22:08.000,Mail Detail,de_ua
aa2c77bc-838c-4df7-90e8-a444a5fa2aeb,2026-04-12 13:06:13.000,Settings Account Mail Advanced,de_ua
aa2c77bc-838c-4df7-90e8-a444a5fa2aeb,2026-04-12 13:06:20.000,Mail Overview,de_ua
5357e940-1ec5-47ab-b7d2-848c8afcb338,2026-04-13 00:22:09.000,Settings Overview,de_tum
5357e940-1ec5-47ab-b7d2-848c8afcb338,2026-04-13 00:22:08.000,Studie Modules,de_tum
26f622e0-a1bf-438c-8b8c-615feaa3a0b5,2026-04-13 00:22:15.000,Authenticator,de_pum
5357e940-1ec5-47ab-b7d2-848c8afcb338,2026-04-13 00:22:16.000,Career Main,de_tum
23c73dec-5efe-4a8b-8c73-16bfb5882f17,2026-04-13 00:22:16.000,Mail Overview,de_thm
26f622e0-a1bf-438c-8b8c-615feaa3a0b5,2026-04-13 00:22:10.000,Studie Modules,de_pum
85c9ef31-9f95-4f0c-af56-707f04b955c9,2026-04-13 00:22:20.000,Mail Detail,de_hsan
85c9ef31-9f95-4f0c-af56-707f04b955c9,2026-04-13 00:22:15.000,Mail Overview,de_hsan
85c9ef31-9f95-4f0c-af56-707f04b955c9,2026-04-13 00:22:16.000,Feed,de_hsan
85c9ef31-9f95-4f0c-af56-707f04b955c9,2026-04-13 00:22:18.000,Mail Overview,de_hsan
d4634e59-fd3e-45bb-b68f-bd64670c716a,2026-04-13 00:22:19.000,Mail Detail,de_si
fa6bba34-f6d2-4a2d-9865-fd801f24daf2,2026-04-13 00:22:18.000,Studie Modules,de_hslu
9fc11c5c-e9fb-4e0e-acde-e8d98c9d486e,2026-04-13 00:22:22.000,Studie Modules,de_pum
fa6bba34-f6d2-4a2d-9865-fd801f24daf2,2026-04-13 00:22:17.000,Mail Overview,de_hslu
fa6bba34-f6d2-4a2d-9865-fd801f24daf2,2026-04-13 00:22:21.000,Calendar Day View,de_hslu
853fb456-0c8b-46a5-be70-f259608b4a03,2026-04-12 17:44:00.000,Studie Modules,de_hsm
10803230-fc9a-4e27-82f5-6ed52edc2d5d,2026-04-13 00:22:23.000,Calendar Week View,de_aml
853fb456-0c8b-46a5-be70-f259608b4a03,2026-04-12 17:43:59.000,Career Main,de_hsm
00aea128-1894-4912-8c81-c446aa415c2d,2026-04-13 00:22:19.000,calendar_overview,ch_phz
853fb456-0c8b-46a5-be70-f259608b4a03,2026-04-12 17:43:58.000,Studie Modules,de_hsm
aa2c77bc-838c-4df7-90e8-a444a5fa2aeb,2026-04-13 00:22:19.000,Mail Overview,de_ua
0dd5b103-889d-4530-ac01-a209f3d0c9a2,2026-04-13 00:22:17.000,Mail Overview,de_thm
5357e940-1ec5-47ab-b7d2-848c8afcb338,2026-04-13 00:22:25.000,Calendar Week View,de_tum
5357e940-1ec5-47ab-b7d2-848c8afcb338,2026-04-13 00:22:26.000,Schedule Create,de_tum
5357e940-1ec5-47ab-b7d2-848c8afcb338,2026-04-13 00:22:24.000,Studie Modules,de_tum
5357e940-1ec5-47ab-b7d2-848c8afcb338,2026-04-13 00:22:22.000,Studie Modules,de_tum
5357e940-1ec5-47ab-b7d2-848c8afcb338,2026-04-13 00:22:22.000,Feed,de_tum
a6935481-0421-4753-8196-cd69158b3bbd,2026-04-13 00:22:28.000,Studie Modules,de_bt
260fc846-fd61-4790-b84e-e4f9ed5264a6,2026-04-12 23:22:14.000,External Login Expired,de_tuda
c3f9ecc5-ea2c-4fc0-bd41-b003f81bde95,2026-04-13 00:22:26.000,Authenticator,de_pum
9fc11c5c-e9fb-4e0e-acde-e8d98c9d486e,2026-04-13 00:22:23.000,Generic Links Overview,de_pum
c3f9ecc5-ea2c-4fc0-bd41-b003f81bde95,2026-04-13 00:22:26.000,Studie Modules,de_pum
c3f9ecc5-ea2c-4fc0-bd41-b003f81bde95,2026-04-13 00:22:24.000,Studie Modules,de_pum
c3f9ecc5-ea2c-4fc0-bd41-b003f81bde95,2026-04-13 00:22:24.000,Generic Links Overview,de_pum
c3f9ecc5-ea2c-4fc0-bd41-b003f81bde95,2026-04-13 00:22:23.000,Feed,de_pum
c3f9ecc5-ea2c-4fc0-bd41-b003f81bde95,2026-04-13 00:22:22.000,Settings Overview,de_pum
e85f53ea-3d27-4f60-ad6a-75ee4fe2577e,2026-04-13 00:22:30.000,Mail Overview,de_tubf
aa2c77bc-838c-4df7-90e8-a444a5fa2aeb,2026-04-13 00:22:31.000,Mail Detail,de_ua
08a70a2d-0a7e-4cfc-9da5-094a098f5fe0,2026-04-13 00:22:34.000,Feed Detail,de_us
a6935481-0421-4753-8196-cd69158b3bbd,2026-04-13 00:22:30.000,Generic Links Overview,de_bt
5357e940-1ec5-47ab-b7d2-848c8afcb338,2026-04-13 00:22:29.000,Calendar Week View,de_tum
5357e940-1ec5-47ab-b7d2-848c8afcb338,2026-04-13 00:22:37.000,Studie Modules,de_tum
9a7cbeb5-eb1d-4924-b8fb-22ecd818d366,2026-04-12 22:45:21.000,Schedule Detail,de_hslu
52e66df4-912c-496a-8ba3-8db0780a1676,2026-04-12 22:19:03.000,Cafeteria Detail,de_ul
8195a9ee-309a-4e38-9d9f-ab520c9dc490,2026-04-13 00:22:40.000,Feed,de_tum
534c6a06-4de2-43ec-b78f-f540bfd1631c,2026-04-13 00:22:39.000,Mail Overview,de_si
8195a9ee-309a-4e38-9d9f-ab520c9dc490,2026-04-13 00:22:35.000,Feed Profile,de_tum
b2b2885c-5acd-42db-b448-349a90eb062d,2026-04-13 00:22:36.000,Generic Links Overview,de_hsmz
b2b2885c-5acd-42db-b448-349a90eb062d,2026-04-13 00:22:33.000,Studie Modules,de_hsmz
9b213856-f0d0-41d9-9c63-bf6b6c1ea04d,2026-04-12 16:40:27.000,Studie Modules,de_tucl
08a70a2d-0a7e-4cfc-9da5-094a098f5fe0,2026-04-13 00:22:44.000,Feed,de_us
5357e940-1ec5-47ab-b7d2-848c8afcb338,2026-04-13 00:22:39.000,Feed,de_tum
5357e940-1ec5-47ab-b7d2-848c8afcb338,2026-04-13 00:22:41.000,Generic Links Overview,de_tum
5357e940-1ec5-47ab-b7d2-848c8afcb338,2026-04-13 00:22:40.000,Studie Modules,de_tum
729b2cc2-5e00-49a3-92cc-86236089646f,2026-04-12 22:11:54.000,Mail Overview,de_hvk
7008a079-a38a-4519-850b-520849d17ee9,2026-04-13 00:22:40.000,Studie Modules,de_hsfb
7008a079-a38a-4519-850b-520849d17ee9,2026-04-13 00:22:41.000,Generic Links Overview,de_hsfb
534c6a06-4de2-43ec-b78f-f540bfd1631c,2026-04-13 00:22:46.000,Mail Detail,de_si
8195a9ee-309a-4e38-9d9f-ab520c9dc490,2026-04-13 00:22:44.000,Courses Overview,de_tum
8195a9ee-309a-4e38-9d9f-ab520c9dc490,2026-04-13 00:22:43.000,Studie Modules,de_tum
8195a9ee-309a-4e38-9d9f-ab520c9dc490,2026-04-13 00:22:51.000,Courses Detail,de_tum
b2b2885c-5acd-42db-b448-349a90eb062d,2026-04-13 00:22:50.000,Studie Modules,de_hsmz
b2b2885c-5acd-42db-b448-349a90eb062d,2026-04-13 00:22:53.000,Studie Modules,de_hsmz
b2b2885c-5acd-42db-b448-349a90eb062d,2026-04-13 00:22:52.000,Generic Links Overview,de_hsmz
45e78ef9-27d5-4ec7-bfb0-8fe668e016d9,2026-04-12 18:27:50.000,Mail Overview,de_hsda
77c54c90-a27e-4697-ac2f-328f2ee91f9e,2026-04-13 00:22:45.000,Mail Overview,de_hsge
77c54c90-a27e-4697-ac2f-328f2ee91f9e,2026-04-13 00:22:49.000,Mail Detail,de_hsge
45e78ef9-27d5-4ec7-bfb0-8fe668e016d9,2026-04-12 18:27:51.000,Studie Modules,de_hsda
77c54c90-a27e-4697-ac2f-328f2ee91f9e,2026-04-13 00:22:44.000,Studie Modules,de_hsge
77c54c90-a27e-4697-ac2f-328f2ee91f9e,2026-04-13 00:22:48.000,Mail Overview,de_hsge
77c54c90-a27e-4697-ac2f-328f2ee91f9e,2026-04-13 00:22:47.000,Studie Modules,de_hsge
772b039b-39b1-4def-83d2-4adf1ccebf8c,2026-04-12 22:20:26.000,Study Field Onboarding,de_hsge
682ac3bd-2d84-4dee-a670-09f28d9b35b4,2026-04-12 22:45:43.000,Studie Modules,de_hsda
682ac3bd-2d84-4dee-a670-09f28d9b35b4,2026-04-12 22:45:44.000,Mail Overview,de_hsda
682ac3bd-2d84-4dee-a670-09f28d9b35b4,2026-04-13 00:22:54.000,Mail Overview,de_hsda
682ac3bd-2d84-4dee-a670-09f28d9b35b4,2026-04-13 00:22:53.000,Studie Modules,de_hsda
95f27bd6-b4b4-441d-b0c9-ffc6937004b2,2026-04-13 00:22:50.000,Calendar Day View,de_hsfd
247a7fbe-223e-4f7c-b8de-5b8106891bef,2026-04-12 21:01:29.000,Calendar Week View,de_upb
e85f53ea-3d27-4f60-ad6a-75ee4fe2577e,2026-04-13 00:22:42.000,Mail Overview,de_tubf
e85f53ea-3d27-4f60-ad6a-75ee4fe2577e,2026-04-13 00:23:02.000,Grades Overview,de_tubf
e85f53ea-3d27-4f60-ad6a-75ee4fe2577e,2026-04-13 00:22:51.000,Grades Overview,de_tubf
e85f53ea-3d27-4f60-ad6a-75ee4fe2577e,2026-04-13 00:22:40.000,Mail Detail,de_tubf
a0a7e8d1-d9f6-49a1-b597-051ad26bb256,2026-04-12 23:38:04.000,Mail Overview,de_hfts
8195a9ee-309a-4e38-9d9f-ab520c9dc490,2026-04-13 00:23:04.000,Courses Overview,de_tum
e04d1197-2f3d-4a16-8f0b-adf1b6382fd7,2026-04-12 18:16:15.000,Setup Welcome,""
3fc470f6-9c52-4be9-baf5-c03dad27c1fe,2026-04-13 00:23:02.000,Studie Modules,de_hm
b2b2885c-5acd-42db-b448-349a90eb062d,2026-04-13 00:22:55.000,Mail Setup Manual,de_hsmz
3fc470f6-9c52-4be9-baf5-c03dad27c1fe,2026-04-13 00:22:59.000,Cafeteria Detail,de_hm
3fc470f6-9c52-4be9-baf5-c03dad27c1fe,2026-04-13 00:23:03.000,Mail Overview,de_hm
3fc470f6-9c52-4be9-baf5-c03dad27c1fe,2026-04-13 00:23:02.000,Feed,de_hm
77c54c90-a27e-4697-ac2f-328f2ee91f9e,2026-04-13 00:23:03.000,Mail Overview,de_hsge
155d954c-8306-4159-a32f-f4cd5d6db814,2026-04-12 13:51:41.000,Grades Overview,de_fhms
f061408a-a195-4a2a-b8f7-29afc8f9212d,2026-04-11 20:04:44.000,Mail Detail,de_hsge
f061408a-a195-4a2a-b8f7-29afc8f9212d,2026-04-11 20:04:32.000,Studie Modules,de_hsge
f061408a-a195-4a2a-b8f7-29afc8f9212d,2026-04-11 20:04:33.000,Mail Overview,de_hsge
f396c914-9a28-43b3-b5e1-8fd2575e7ef9,2026-04-12 23:15:00.000,External Login Expired,de_hm
f061408a-a195-4a2a-b8f7-29afc8f9212d,2026-04-11 20:05:04.000,Mail Detail,de_hsge
f061408a-a195-4a2a-b8f7-29afc8f9212d,2026-04-11 20:05:14.000,Mail Overview,de_hsge
f396c914-9a28-43b3-b5e1-8fd2575e7ef9,2026-04-13 00:07:21.000,External Login Expired,de_hm
f061408a-a195-4a2a-b8f7-29afc8f9212d,2026-04-11 20:04:55.000,Mail Detail,de_hsge
f061408a-a195-4a2a-b8f7-29afc8f9212d,2026-04-11 20:05:03.000,Mail Overview,de_hsge
f396c914-9a28-43b3-b5e1-8fd2575e7ef9,2026-04-12 22:41:24.000,External Login Expired,de_hm
f061408a-a195-4a2a-b8f7-29afc8f9212d,2026-04-11 20:04:54.000,Mail Overview,de_hsge
2967b06b-142c-46e6-bb27-34a0d2700732,2026-04-12 22:50:22.000,Mail Overview,de_bt
2967b06b-142c-46e6-bb27-34a0d2700732,2026-04-13 00:22:55.000,Studie Modules,de_bt
2967b06b-142c-46e6-bb27-34a0d2700732,2026-04-13 00:22:56.000,Mail Overview,de_bt
15efe9f8-7432-41b9-9cd7-2396f7ecc2d9,2026-04-13 00:23:10.000,Schedule Detail,de_upb
9fc11c5c-e9fb-4e0e-acde-e8d98c9d486e,2026-04-13 00:23:10.000,Studie Modules,de_pum
964a36dc-2db5-4042-af16-ae766e7cac46,2026-04-12 22:00:49.000,Feed,de_fhms
964a36dc-2db5-4042-af16-ae766e7cac46,2026-04-12 22:00:49.000,Studie Modules,de_fhms
964a36dc-2db5-4042-af16-ae766e7cac46,2026-04-12 22:00:52.000,Mail Overview,de_fhms
964a36dc-2db5-4042-af16-ae766e7cac46,2026-04-12 22:00:47.000,Career Onboarding,de_fhms
c134fe58-b438-4a31-986d-2baf0dfc416d,2026-04-13 00:23:03.000,Studie Modules,de_hsda
c134fe58-b438-4a31-986d-2baf0dfc416d,2026-04-13 00:23:04.000,Mail Overview,de_hsda
b2b2885c-5acd-42db-b448-349a90eb062d,2026-04-13 00:23:12.000,Generic Links Overview,de_hsmz
b2b2885c-5acd-42db-b448-349a90eb062d,2026-04-13 00:23:11.000,Studie Modules,de_hsmz
881ab99a-e891-4645-858d-598af3f03450,2026-04-13 00:23:15.000,Mail Overview,de_bt
881ab99a-e891-4645-858d-598af3f03450,2026-04-13 00:23:10.000,Mail Detail,de_bt
881ab99a-e891-4645-858d-598af3f03450,2026-04-13 00:23:12.000,Mail Overview,de_bt
881ab99a-e891-4645-858d-598af3f03450,2026-04-13 00:23:12.000,Mail Detail,de_bt
f75a1ca0-f734-437d-8738-1b054267289b,2026-04-13 00:23:06.000,External Login Expired,de_hm
881ab99a-e891-4645-858d-598af3f03450,2026-04-13 00:23:14.000,Mail Detail,de_bt
881ab99a-e891-4645-858d-598af3f03450,2026-04-13 00:23:07.000,Mail Overview,de_bt
881ab99a-e891-4645-858d-598af3f03450,2026-04-13 00:23:06.000,Studie Modules,de_bt
881ab99a-e891-4645-858d-598af3f03450,2026-04-13 00:23:17.000,Mail Detail,de_bt
881ab99a-e891-4645-858d-598af3f03450,2026-04-13 00:23:13.000,Mail Overview,de_bt
34d0f3c0-0317-42d0-b864-77c71115c765,2026-04-12 15:37:00.000,Mail Overview,de_hsge
9fc11c5c-e9fb-4e0e-acde-e8d98c9d486e,2026-04-13 00:23:16.000,Grid Menu Modal,de_pum
15efe9f8-7432-41b9-9cd7-2396f7ecc2d9,2026-04-13 00:23:17.000,Calendar List View,de_upb
15efe9f8-7432-41b9-9cd7-2396f7ecc2d9,2026-04-13 00:23:16.000,Schedule Detail,de_upb
15efe9f8-7432-41b9-9cd7-2396f7ecc2d9,2026-04-13 00:23:13.000,Calendar List View,de_upb
f061408a-a195-4a2a-b8f7-29afc8f9212d,2026-04-12 10:31:38.000,Studie Modules,de_hsge
9fc11c5c-e9fb-4e0e-acde-e8d98c9d486e,2026-04-13 00:23:17.000,Grid Modify,de_pum
9fc11c5c-e9fb-4e0e-acde-e8d98c9d486e,2026-04-13 00:23:15.000,Studie Modules,de_pum
9fc11c5c-e9fb-4e0e-acde-e8d98c9d486e,2026-04-13 00:23:13.000,Grid Menu Modal,de_pum
9fc11c5c-e9fb-4e0e-acde-e8d98c9d486e,2026-04-13 00:23:17.000,Studie Modules,de_pum
aca9afe9-01d3-48c8-8014-dc7bd6a1ef57,2026-04-12 16:24:07.000,Feed,de_tuda
c134fe58-b438-4a31-986d-2baf0dfc416d,2026-04-13 00:23:14.000,Mail Detail,de_hsda
aca9afe9-01d3-48c8-8014-dc7bd6a1ef57,2026-04-12 16:24:23.000,Wallet Login,de_tuda
aca9afe9-01d3-48c8-8014-dc7bd6a1ef57,2026-04-12 16:23:35.000,Setup External Login,de_tuda
3bd3584d-dee8-4d6e-8d4f-6307de58c8f6,2026-04-12 16:31:25.000,Mail Overview,de_fhwo
aca9afe9-01d3-48c8-8014-dc7bd6a1ef57,2026-04-12 16:24:08.000,Studie Modules,de_tuda
aca9afe9-01d3-48c8-8014-dc7bd6a1ef57,2026-04-12 16:24:09.000,Wallet Login,de_tuda
aca9afe9-01d3-48c8-8014-dc7bd6a1ef57,2026-04-12 16:24:21.000,Studie Modules,de_tuda
aca9afe9-01d3-48c8-8014-dc7bd6a1ef57,2026-04-12 16:22:38.000,Setup Welcome,de_tuda
aca9afe9-01d3-48c8-8014-dc7bd6a1ef57,2026-04-12 16:24:22.000,Studie Modules,de_tuda
aca9afe9-01d3-48c8-8014-dc7bd6a1ef57,2026-04-12 16:24:22.000,Feed,de_tuda
3bd3584d-dee8-4d6e-8d4f-6307de58c8f6,2026-04-12 16:31:24.000,Mail Detail,de_fhwo
aca9afe9-01d3-48c8-8014-dc7bd6a1ef57,2026-04-12 16:25:46.000,Feed,de_tuda
aca9afe9-01d3-48c8-8014-dc7bd6a1ef57,2026-04-12 16:25:01.000,wallet,de_tuda
aca9afe9-01d3-48c8-8014-dc7bd6a1ef57,2026-04-12 16:25:21.000,wallet,de_tuda
aca9afe9-01d3-48c8-8014-dc7bd6a1ef57,2026-04-12 16:25:19.000,Studie Modules,de_tuda
aca9afe9-01d3-48c8-8014-dc7bd6a1ef57,2026-04-12 16:24:44.000,wallet,de_tuda
aca9afe9-01d3-48c8-8014-dc7bd6a1ef57,2026-04-12 16:26:07.000,wallet,de_tuda
aca9afe9-01d3-48c8-8014-dc7bd6a1ef57,2026-04-12 16:25:44.000,Studie Modules,de_tuda
aca9afe9-01d3-48c8-8014-dc7bd6a1ef57,2026-04-12 16:24:52.000,Wallet Disclaimer,de_tuda
aca9afe9-01d3-48c8-8014-dc7bd6a1ef57,2026-04-12 16:26:39.000,Feed,de_tuda
53b826a8-2d9a-4221-b482-5bd3fa06593b,2026-04-12 08:54:13.000,Mail Overview,de_hm
9fc11c5c-e9fb-4e0e-acde-e8d98c9d486e,2026-04-13 00:23:26.000,Feed,de_pum
9fc11c5c-e9fb-4e0e-acde-e8d98c9d486e,2026-04-13 00:23:28.000,Schedule Overview,de_pum
9fc11c5c-e9fb-4e0e-acde-e8d98c9d486e,2026-04-13 00:23:23.000,Studie Modules,de_pum
6062532a-ddee-4cb3-94ec-d201722d228b,2026-04-12 18:27:39.000,Mail Overview,de_ua
6062532a-ddee-4cb3-94ec-d201722d228b,2026-04-12 18:27:40.000,Studie Modules,de_ua
881ab99a-e891-4645-858d-598af3f03450,2026-04-13 00:23:40.000,Mail Overview,de_bt
9fc11c5c-e9fb-4e0e-acde-e8d98c9d486e,2026-04-13 00:23:37.000,Support Chat,de_pum
9fc11c5c-e9fb-4e0e-acde-e8d98c9d486e,2026-04-13 00:23:40.000,Schedule Overview,de_pum
44530d54-512b-4d8f-ab86-be6815daacdd,2026-04-13 00:23:41.000,Grades With API Overview,de_cbs
50547931-1609-41c3-8508-a176794ffdea,2026-04-13 00:23:45.000,Mail Detail,de_hsko
50547931-1609-41c3-8508-a176794ffdea,2026-04-13 00:23:35.000,Studie Modules,de_hsko
50547931-1609-41c3-8508-a176794ffdea,2026-04-13 00:23:37.000,Mail Overview,de_hsko
15efe9f8-7432-41b9-9cd7-2396f7ecc2d9,2026-04-13 00:23:47.000,Schedule Detail,de_upb
881ab99a-e891-4645-858d-598af3f03450,2026-04-13 00:23:48.000,Mail Detail,de_bt
881ab99a-e891-4645-858d-598af3f03450,2026-04-13 00:23:47.000,Mail Overview,de_bt
881ab99a-e891-4645-858d-598af3f03450,2026-04-13 00:23:49.000,Mail Overview,de_bt
881ab99a-e891-4645-858d-598af3f03450,2026-04-13 00:23:42.000,Mail Detail,de_bt
72a8bc9d-8ad5-48aa-810f-c2a73e2259f2,2026-04-12 18:28:48.000,Feed,de_hshb
9fc11c5c-e9fb-4e0e-acde-e8d98c9d486e,2026-04-13 00:23:45.000,Feed Shortcuts List,de_pum
9fc11c5c-e9fb-4e0e-acde-e8d98c9d486e,2026-04-13 00:23:42.000,Feed,de_pum
af74484d-4af8-4696-9ed6-f3ce0119251f,2026-04-13 00:23:43.000,Studie Modules,de_hslu
0e1652d1-29c8-4e5a-8110-b3db16e34720,2026-04-13 00:23:46.000,Mail Detail,de_bt
0e1652d1-29c8-4e5a-8110-b3db16e34720,2026-04-13 00:23:42.000,Mail Detail,de_bt
0e1652d1-29c8-4e5a-8110-b3db16e34720,2026-04-13 00:23:41.000,Mail Overview,de_bt
3e3ceafb-5776-4799-ab3b-a80b58e0bb44,2026-04-13 00:23:52.000,Schedule Overview,de_phlb
0e1652d1-29c8-4e5a-8110-b3db16e34720,2026-04-13 00:23:45.000,Mail Overview,de_bt
af74484d-4af8-4696-9ed6-f3ce0119251f,2026-04-13 00:23:46.000,Mail Overview,de_hslu
c8f842e3-78b1-4720-b447-5a8f324ebbb2,2026-04-13 00:23:45.000,Mail Overview,de_hsaa
c8f842e3-78b1-4720-b447-5a8f324ebbb2,2026-04-13 00:23:52.000,Mail Detail,de_hsaa
006ce4dc-fd85-4954-9115-8d33fd1e2db3,2026-04-12 23:20:45.000,Studie Modules,de_hsmz
50547931-1609-41c3-8508-a176794ffdea,2026-04-13 00:23:46.000,Mail Detail,de_hsko
50547931-1609-41c3-8508-a176794ffdea,2026-04-13 00:23:46.000,Mail Overview,de_hsko
15efe9f8-7432-41b9-9cd7-2396f7ecc2d9,2026-04-13 00:23:56.000,Schedule Detail,de_upb
15efe9f8-7432-41b9-9cd7-2396f7ecc2d9,2026-04-13 00:23:52.000,Calendar List View,de_upb
c7e30779-ec92-4a24-8540-ccff21aed17b,2026-04-13 00:23:50.000,Mail Overview,de_phlb
c7e30779-ec92-4a24-8540-ccff21aed17b,2026-04-13 00:23:54.000,Mail Detail,de_phlb
c7e30779-ec92-4a24-8540-ccff21aed17b,2026-04-13 00:23:56.000,Mail Overview,de_phlb
c7e30779-ec92-4a24-8540-ccff21aed17b,2026-04-13 00:23:59.000,Mail Detail,de_phlb
9fc11c5c-e9fb-4e0e-acde-e8d98c9d486e,2026-04-13 00:24:00.000,Feed,de_pum
881ab99a-e891-4645-858d-598af3f03450,2026-04-13 00:23:53.000,Mail Detail,de_bt
881ab99a-e891-4645-858d-598af3f03450,2026-04-13 00:23:55.000,Mail Overview,de_bt
881ab99a-e891-4645-858d-598af3f03450,2026-04-13 00:24:00.000,Mail Detail,de_bt
e015467e-89bf-4ac0-a698-842f49a63a01,2026-04-12 17:33:47.000,Mail Overview,de_ua
e015467e-89bf-4ac0-a698-842f49a63a01,2026-04-12 19:06:53.000,Mail Overview,de_ua
e015467e-89bf-4ac0-a698-842f49a63a01,2026-04-12 19:06:52.000,Studie Modules,de_ua
e015467e-89bf-4ac0-a698-842f49a63a01,2026-04-12 17:33:47.000,Studie Modules,de_ua
3e3ceafb-5776-4799-ab3b-a80b58e0bb44,2026-04-13 00:23:58.000,Calendar Week View,de_phlb
50547931-1609-41c3-8508-a176794ffdea,2026-04-13 00:24:03.000,Mail Detail,de_hsko
50547931-1609-41c3-8508-a176794ffdea,2026-04-13 00:24:02.000,Mail Overview,de_hsko
aa2c77bc-838c-4df7-90e8-a444a5fa2aeb,2026-04-13 00:24:04.000,Mail Overview,de_ua
e3ad1a58-dc95-484b-90cc-cdf7f6b70fd1,2026-04-13 00:24:00.000,Studie Modules,de_jlug
e3ad1a58-dc95-484b-90cc-cdf7f6b70fd1,2026-04-13 00:23:58.000,Studie Modules,de_jlug
8fe8b765-d294-4f0e-a36d-5d4f1b42c7c1,2026-04-12 23:53:52.000,Mail Overview,de_jlug
e3ad1a58-dc95-484b-90cc-cdf7f6b70fd1,2026-04-13 00:23:59.000,Mail Overview,de_jlug
15efe9f8-7432-41b9-9cd7-2396f7ecc2d9,2026-04-13 00:24:08.000,Calendar List View,de_upb
9fc11c5c-e9fb-4e0e-acde-e8d98c9d486e,2026-04-13 00:24:05.000,Schedule Overview,de_pum
a7328e1a-860d-4e9e-8676-732e00864df5,2026-04-13 00:24:11.000,Feed,de_pum
a7328e1a-860d-4e9e-8676-732e00864df5,2026-04-12 15:48:43.000,Studie Modules,de_pum
a7328e1a-860d-4e9e-8676-732e00864df5,2026-04-13 00:24:07.000,Feed,de_pum
a7328e1a-860d-4e9e-8676-732e00864df5,2026-04-13 00:24:12.000,Studie Modules,de_pum
a7328e1a-860d-4e9e-8676-732e00864df5,2026-04-13 00:24:05.000,Career Onboarding,de_pum
a7328e1a-860d-4e9e-8676-732e00864df5,2026-04-13 00:24:09.000,Career Main,de_pum
4489edf8-d2b5-4b9f-98ad-7a376ae6abff,2026-04-12 18:40:00.000,Mail Overview,de_hm
4489edf8-d2b5-4b9f-98ad-7a376ae6abff,2026-04-12 18:40:05.000,Mail Overview,de_hm
4489edf8-d2b5-4b9f-98ad-7a376ae6abff,2026-04-12 18:40:04.000,Mail Detail,de_hm
f5b865a2-391b-49b4-b5db-fb72c5922f95,2026-04-10 11:53:40.000,Feed,de_uff
f5b865a2-391b-49b4-b5db-fb72c5922f95,2026-04-10 11:53:41.000,Settings Overview,de_uff
50547931-1609-41c3-8508-a176794ffdea,2026-04-13 00:24:07.000,Mail Overview,de_hsko
50547931-1609-41c3-8508-a176794ffdea,2026-04-13 00:24:09.000,Mail Detail,de_hsko
f5b865a2-391b-49b4-b5db-fb72c5922f95,2026-04-10 20:01:04.000,Study Field Onboarding,de_uff
f5b865a2-391b-49b4-b5db-fb72c5922f95,2026-04-10 11:53:44.000,Feed,de_uff
50547931-1609-41c3-8508-a176794ffdea,2026-04-13 00:24:14.000,Mail Detail,de_hsko
f5b865a2-391b-49b4-b5db-fb72c5922f95,2026-04-10 11:53:37.000,Studie Modules,de_uff
f5b865a2-391b-49b4-b5db-fb72c5922f95,2026-04-11 15:26:16.000,Study Field Onboarding,de_uff
50547931-1609-41c3-8508-a176794ffdea,2026-04-13 00:24:13.000,Mail Overview,de_hsko
f5b865a2-391b-49b4-b5db-fb72c5922f95,2026-04-10 11:53:39.000,Studie Modules,de_uff
f5b865a2-391b-49b4-b5db-fb72c5922f95,2026-04-10 11:53:38.000,Grid Menu Modal,de_uff
f5b865a2-391b-49b4-b5db-fb72c5922f95,2026-04-11 11:37:40.000,Study Field Onboarding,de_uff
60152f59-5682-477d-a136-21eea550e0e1,2026-04-13 00:24:17.000,Feed,de_pum
5357e940-1ec5-47ab-b7d2-848c8afcb338,2026-04-13 00:24:17.000,Studie Modules,de_tum
60152f59-5682-477d-a136-21eea550e0e1,2026-04-13 00:24:05.000,Mail Overview,de_pum
b2a6e9ff-7f08-4cc3-bdc3-7bb187b7fa86,2026-04-10 08:41:27.000,Grades Overview,de_tucl
b2a6e9ff-7f08-4cc3-bdc3-7bb187b7fa86,2026-04-10 08:41:25.000,Studie Modules,de_tucl
b2a6e9ff-7f08-4cc3-bdc3-7bb187b7fa86,2026-04-10 08:41:24.000,Feed,de_tucl
b2a6e9ff-7f08-4cc3-bdc3-7bb187b7fa86,2026-04-13 00:24:11.000,Studie Modules,de_tucl
b2a6e9ff-7f08-4cc3-bdc3-7bb187b7fa86,2026-04-10 08:41:20.000,Mail Overview,de_tucl
b2a6e9ff-7f08-4cc3-bdc3-7bb187b7fa86,2026-04-13 00:24:15.000,Generic Links Overview,de_tucl
de7ac509-d83d-42d6-a278-a64cf2a6412e,2026-04-13 00:24:14.000,Global Ory Login,de_hszg
15efe9f8-7432-41b9-9cd7-2396f7ecc2d9,2026-04-13 00:24:09.000,Studie Modules,de_upb
15efe9f8-7432-41b9-9cd7-2396f7ecc2d9,2026-04-13 00:24:10.000,Calendar List View,de_upb
15efe9f8-7432-41b9-9cd7-2396f7ecc2d9,2026-04-13 00:24:12.000,Calendar Day View,de_upb
c7e30779-ec92-4a24-8540-ccff21aed17b,2026-04-13 00:24:19.000,Mail Overview,de_phlb
9fc11c5c-e9fb-4e0e-acde-e8d98c9d486e,2026-04-13 00:24:15.000,Studie Modules,de_pum
9fc11c5c-e9fb-4e0e-acde-e8d98c9d486e,2026-04-13 00:24:20.000,Generic Links Overview,de_pum
9fc11c5c-e9fb-4e0e-acde-e8d98c9d486e,2026-04-13 00:24:14.000,Feed,de_pum
f332dba9-0569-48d0-aed4-08f087653f9c,2026-04-13 00:24:19.000,Grades Detail,de_thm
a7328e1a-860d-4e9e-8676-732e00864df5,2026-04-13 00:24:13.000,Authenticator,de_pum
614fd887-5d31-40f2-9d4a-6f3a5fc185f9,2026-04-13 00:24:20.000,Studie Modules,de_hslu
f5b865a2-391b-49b4-b5db-fb72c5922f95,2026-04-13 00:24:23.000,Settings Overview,de_uff
f5b865a2-391b-49b4-b5db-fb72c5922f95,2026-04-13 00:24:18.000,Settings Accounts,de_uff
f5b865a2-391b-49b4-b5db-fb72c5922f95,2026-04-13 00:24:16.000,Settings Overview,de_uff
614fd887-5d31-40f2-9d4a-6f3a5fc185f9,2026-04-13 00:24:21.000,Calendar Week View,de_hslu
614fd887-5d31-40f2-9d4a-6f3a5fc185f9,2026-04-13 00:24:24.000,Schedule Detail,de_hslu
f5b865a2-391b-49b4-b5db-fb72c5922f95,2026-04-13 00:24:15.000,Feed,de_uff
60152f59-5682-477d-a136-21eea550e0e1,2026-04-13 00:24:18.000,Studie Modules,de_pum
60152f59-5682-477d-a136-21eea550e0e1,2026-04-13 00:24:20.000,Authenticator,de_pum
5357e940-1ec5-47ab-b7d2-848c8afcb338,2026-04-13 00:24:24.000,Calendar Week View,de_tum
5357e940-1ec5-47ab-b7d2-848c8afcb338,2026-04-13 00:24:18.000,Calendar Week View,de_tum
5357e940-1ec5-47ab-b7d2-848c8afcb338,2026-04-13 00:24:26.000,Calendar Week View,de_tum
5357e940-1ec5-47ab-b7d2-848c8afcb338,2026-04-13 00:24:23.000,Calendar List View,de_tum
5357e940-1ec5-47ab-b7d2-848c8afcb338,2026-04-13 00:24:23.000,Calendar Month View,de_tum
5357e940-1ec5-47ab-b7d2-848c8afcb338,2026-04-13 00:24:27.000,Studie Modules,de_tum
5357e940-1ec5-47ab-b7d2-848c8afcb338,2026-04-13 00:24:25.000,Calendar Day View,de_tum
3650d6f6-3ec6-46a8-8aba-38edfd5db657,2026-04-12 20:04:27.000,Grades Overview,de_fhpo
3650d6f6-3ec6-46a8-8aba-38edfd5db657,2026-04-12 20:04:25.000,Studie Modules,de_fhpo
af74484d-4af8-4696-9ed6-f3ce0119251f,2026-04-13 00:24:24.000,Mail Detail,de_hslu
3650d6f6-3ec6-46a8-8aba-38edfd5db657,2026-04-12 20:04:29.000,Studie Modules,de_fhpo
50547931-1609-41c3-8508-a176794ffdea,2026-04-13 00:24:30.000,Mail Overview,de_hsko
02d75ff6-0cd5-4e3e-a0a4-e49b1b3f0f55,2026-04-12 22:07:27.000,Mail Overview,de_pum
c7e30779-ec92-4a24-8540-ccff21aed17b,2026-04-13 00:24:23.000,Mail Detail,de_phlb
c8f842e3-78b1-4720-b447-5a8f324ebbb2,2026-04-13 00:24:31.000,Mail Overview,de_hsaa
fda94cdc-398f-410f-89c9-fed41c4167ad,2026-04-12 22:05:14.000,Authenticator,de_pum
5357e940-1ec5-47ab-b7d2-848c8afcb338,2026-04-13 00:24:35.000,Mail Login,de_tum
50547931-1609-41c3-8508-a176794ffdea,2026-04-13 00:24:37.000,Mail Overview,de_hsko
c7e30779-ec92-4a24-8540-ccff21aed17b,2026-04-13 00:24:38.000,Mail Overview,de_phlb
50547931-1609-41c3-8508-a176794ffdea,2026-04-13 00:24:38.000,Mail Detail,de_hsko
50547931-1609-41c3-8508-a176794ffdea,2026-04-13 00:24:31.000,Mail Detail,de_hsko
c8f842e3-78b1-4720-b447-5a8f324ebbb2,2026-04-13 00:24:32.000,Mail Detail,de_hsaa
c8f842e3-78b1-4720-b447-5a8f324ebbb2,2026-04-13 00:24:34.000,Mail Detail,de_hsaa
c8f842e3-78b1-4720-b447-5a8f324ebbb2,2026-04-13 00:24:33.000,Mail Overview,de_hsaa
c8f842e3-78b1-4720-b447-5a8f324ebbb2,2026-04-13 00:24:38.000,Mail Detail,de_hsaa
c8f842e3-78b1-4720-b447-5a8f324ebbb2,2026-04-13 00:24:37.000,Mail Overview,de_hsaa
ebcbe7f3-31c7-49cb-a135-99808c740ad0,2026-04-12 20:15:35.000,Feed,de_lg
d1f7ac72-c617-4bfa-a5f0-38b42ea4121f,2026-04-12 21:09:52.000,Feed,de_fhswf
5357e940-1ec5-47ab-b7d2-848c8afcb338,2026-04-13 00:24:41.000,Studie Modules,de_tum
5357e940-1ec5-47ab-b7d2-848c8afcb338,2026-04-13 00:24:44.000,Grid Menu Modal,de_tum
5357e940-1ec5-47ab-b7d2-848c8afcb338,2026-04-13 00:24:46.000,Studie Modules,de_tum
085e9598-d6cb-4f13-8837-5944d1c3162a,2026-04-13 00:24:43.000,Mail Overview,de_hsm
50547931-1609-41c3-8508-a176794ffdea,2026-04-13 00:24:45.000,Mail Overview,de_hsko
085e9598-d6cb-4f13-8837-5944d1c3162a,2026-04-13 00:24:42.000,Studie Modules,de_hsm
c7e30779-ec92-4a24-8540-ccff21aed17b,2026-04-13 00:24:45.000,Mail Detail,de_phlb
b7204ef6-434e-4967-b7d5-41da3397ff2a,2026-04-13 00:09:58.000,Studie Modules,de_fhki
08a52f83-edbe-492c-bae5-5d752f5b6b5b,2026-04-13 00:24:50.000,Studie Modules,de_ks
984ed817-f888-4976-a110-e48b58eb7e07,2026-04-13 00:24:51.000,Study Field Onboarding,de_si
70a416c1-3cdc-4828-a7d9-88bb9dccfa74,2026-04-13 00:24:57.000,Studie Modules,de_tudo
5357e940-1ec5-47ab-b7d2-848c8afcb338,2026-04-13 00:24:54.000,Feed,de_tum
5357e940-1ec5-47ab-b7d2-848c8afcb338,2026-04-13 00:24:58.000,Settings Overview,de_tum
085e9598-d6cb-4f13-8837-5944d1c3162a,2026-04-13 00:24:51.000,Mail Detail,de_hsm
133774b3-ea81-4e49-9c9a-79c38cb9c433,2026-04-13 00:24:49.000,Study Field Onboarding,de_si
50547931-1609-41c3-8508-a176794ffdea,2026-04-13 00:24:55.000,Mail Overview,de_hsko
50547931-1609-41c3-8508-a176794ffdea,2026-04-13 00:24:52.000,Mail Detail,de_hsko
50547931-1609-41c3-8508-a176794ffdea,2026-04-13 00:24:57.000,Mail Detail,de_hsko
08a52f83-edbe-492c-bae5-5d752f5b6b5b,2026-04-13 00:24:58.000,Generic Links Overview,de_ks
ec2a1028-e311-4e2f-a0c8-de84bf7dfd27,2026-04-12 22:24:58.000,Mail Overview,de_thm
ec2a1028-e311-4e2f-a0c8-de84bf7dfd27,2026-04-12 22:24:57.000,Studie Modules,de_thm
9ad04b97-57a7-4cad-9133-c67e3b6c2a8a,2026-04-12 17:16:18.000,Mail Detail,de_pum
9ad04b97-57a7-4cad-9133-c67e3b6c2a8a,2026-04-12 17:16:16.000,Mail Overview,de_pum
989f2d90-2e1d-45d4-b46b-037dc77d889f,2026-04-13 00:25:02.000,Generic Links Overview,de_pum
989f2d90-2e1d-45d4-b46b-037dc77d889f,2026-04-12 17:43:11.000,Generic Links Overview,de_pum
989f2d90-2e1d-45d4-b46b-037dc77d889f,2026-04-13 00:25:01.000,Studie Modules,de_pum
50547931-1609-41c3-8508-a176794ffdea,2026-04-13 00:25:01.000,Mail Overview,de_hsko
5357e940-1ec5-47ab-b7d2-848c8afcb338,2026-04-13 00:25:15.000,Career Main,de_tum
a3975429-035e-4073-9b72-f79bbe2407e8,2026-04-13 00:25:16.000,Mail Overview,de_khb
a3975429-035e-4073-9b72-f79bbe2407e8,2026-04-13 00:25:07.000,Mail Detail,de_khb
0786504f-c250-4462-a823-91159939dca4,2026-04-13 00:25:07.000,Mail Overview,de_pum
0786504f-c250-4462-a823-91159939dca4,2026-04-13 00:25:07.000,Studie Modules,de_pum
a3f426ad-fde6-44e2-be54-afa76f02a9f0,2026-04-13 00:25:18.000,Schedule Create,de_hfwu
a3f426ad-fde6-44e2-be54-afa76f02a9f0,2026-04-13 00:25:11.000,Calendar Day View,de_hfwu
a3f426ad-fde6-44e2-be54-afa76f02a9f0,2026-04-13 00:25:12.000,Schedule Create,de_hfwu
a3f426ad-fde6-44e2-be54-afa76f02a9f0,2026-04-13 00:25:17.000,Schedule Color Chooser,de_hfwu
5357e940-1ec5-47ab-b7d2-848c8afcb338,2026-04-13 00:25:22.000,Career Main,de_tum
5357e940-1ec5-47ab-b7d2-848c8afcb338,2026-04-13 00:25:17.000,Settings Overview,de_tum
5357e940-1ec5-47ab-b7d2-848c8afcb338,2026-04-13 00:25:26.000,Studie Modules,de_tum
1ca95c89-b750-4b01-8cc9-129e2d93bfa6,2026-04-12 23:13:22.000,Mail Overview,de_hdm
a3f426ad-fde6-44e2-be54-afa76f02a9f0,2026-04-13 00:25:20.000,Calendar Day View,de_hfwu
1d253cf8-830b-4fd4-b26b-a93e9cbdaab0,2026-04-13 00:25:29.000,Studie Modules,de_pum
a3f426ad-fde6-44e2-be54-afa76f02a9f0,2026-04-13 00:25:25.000,Schedule Create,de_hfwu
085e9598-d6cb-4f13-8837-5944d1c3162a,2026-04-13 00:25:31.000,Mail Overview,de_hsm
f245ebb4-79ce-4741-b737-e5a087ada4e7,2026-04-13 00:25:27.000,Studie Modules,de_bt
f245ebb4-79ce-4741-b737-e5a087ada4e7,2026-04-13 00:25:30.000,Generic Links Overview,de_bt
15efe9f8-7432-41b9-9cd7-2396f7ecc2d9,2026-04-13 00:25:24.000,Studie Modules,de_upb
15efe9f8-7432-41b9-9cd7-2396f7ecc2d9,2026-04-13 00:25:26.000,Calendar List View,de_upb
19f6125c-55b4-43bb-9124-1498934fdb08,2026-04-13 00:25:26.000,Mail Overview,de_pum
a0ad0212-1eed-4c52-b828-ba631c8a9f0f,2026-04-13 00:25:34.000,Mail Overview,de_hm
a0ad0212-1eed-4c52-b828-ba631c8a9f0f,2026-04-13 00:25:33.000,Studie Modules,de_hm
a0ad0212-1eed-4c52-b828-ba631c8a9f0f,2026-04-13 00:25:30.000,Studie Modules,de_hm
a0ad0212-1eed-4c52-b828-ba631c8a9f0f,2026-04-13 00:25:31.000,Todo,de_hm
a0ad0212-1eed-4c52-b828-ba631c8a9f0f,2026-04-13 00:25:29.000,Mail Overview,de_hm
5357e940-1ec5-47ab-b7d2-848c8afcb338,2026-04-13 00:25:34.000,Studie Modules,de_tum
5357e940-1ec5-47ab-b7d2-848c8afcb338,2026-04-13 00:25:35.000,Feed,de_tum
5357e940-1ec5-47ab-b7d2-848c8afcb338,2026-04-13 00:25:32.000,Grid Menu Modal,de_tum
87d1c220-38ed-47c1-8f84-47c6fb7bed6c,2026-04-13 00:25:37.000,Mail Overview,de_hsaa
87d1c220-38ed-47c1-8f84-47c6fb7bed6c,2026-04-13 00:25:39.000,Feed,de_hsaa
87d1c220-38ed-47c1-8f84-47c6fb7bed6c,2026-04-13 00:25:29.000,Mail Overview,de_hsaa
87d1c220-38ed-47c1-8f84-47c6fb7bed6c,2026-04-13 00:25:32.000,Mail Detail,de_hsaa
a3f426ad-fde6-44e2-be54-afa76f02a9f0,2026-04-13 00:25:32.000,Calendar Day View,de_hfwu
a3f426ad-fde6-44e2-be54-afa76f02a9f0,2026-04-13 00:25:31.000,Schedule Create,de_hfwu
1d253cf8-830b-4fd4-b26b-a93e9cbdaab0,2026-04-13 00:25:38.000,Authenticator,de_pum
1d253cf8-830b-4fd4-b26b-a93e9cbdaab0,2026-04-13 00:25:37.000,Studie Modules,de_pum
a3f426ad-fde6-44e2-be54-afa76f02a9f0,2026-04-13 00:25:30.000,Schedule Color Chooser,de_hfwu
1d253cf8-830b-4fd4-b26b-a93e9cbdaab0,2026-04-13 00:25:32.000,Authenticator,de_pum
085e9598-d6cb-4f13-8837-5944d1c3162a,2026-04-13 00:25:34.000,Mail Detail,de_hsm
917109a4-751d-4109-a627-92e83f244923,2026-04-13 00:25:43.000,Mail Overview,de_hshb
917109a4-751d-4109-a627-92e83f244923,2026-04-13 00:25:38.000,Feed,de_hshb
917109a4-751d-4109-a627-92e83f244923,2026-04-13 00:25:42.000,Feed,de_hshb
a0ad0212-1eed-4c52-b828-ba631c8a9f0f,2026-04-13 00:25:37.000,Mail Detail,de_hm
917109a4-751d-4109-a627-92e83f244923,2026-04-13 00:25:40.000,wallet,de_hshb
5357e940-1ec5-47ab-b7d2-848c8afcb338,2026-04-13 00:25:41.000,Feed,de_tum
5357e940-1ec5-47ab-b7d2-848c8afcb338,2026-04-13 00:25:39.000,Calendar Week View,de_tum
87d1c220-38ed-47c1-8f84-47c6fb7bed6c,2026-04-13 00:25:48.000,Settings Overview,de_hsaa
87d1c220-38ed-47c1-8f84-47c6fb7bed6c,2026-04-13 00:25:45.000,Career Onboarding,de_hsaa
87d1c220-38ed-47c1-8f84-47c6fb7bed6c,2026-04-13 00:25:47.000,Feed,de_hsaa
a3f426ad-fde6-44e2-be54-afa76f02a9f0,2026-04-13 00:25:42.000,Calendar Day View,de_hfwu
a3f426ad-fde6-44e2-be54-afa76f02a9f0,2026-04-13 00:25:49.000,Calendar Day View,de_hfwu
a3f426ad-fde6-44e2-be54-afa76f02a9f0,2026-04-13 00:25:47.000,Schedule Color Chooser,de_hfwu
a03ffbb6-ce47-40c7-b5f5-68640af1765c,2026-04-13 00:25:49.000,Studie Modules,de_hdm
a03ffbb6-ce47-40c7-b5f5-68640af1765c,2026-04-13 00:25:46.000,Studie Modules,de_hdm
a3f426ad-fde6-44e2-be54-afa76f02a9f0,2026-04-13 00:25:40.000,Calendar Month View,de_hfwu
95a2a333-0115-41a2-982a-6ba514359631,2026-04-12 19:00:28.000,Feed,de_hshb
95a2a333-0115-41a2-982a-6ba514359631,2026-04-12 19:00:20.000,Feed Shortcuts List,de_hshb
a03ffbb6-ce47-40c7-b5f5-68640af1765c,2026-04-13 00:25:50.000,Cafeteria Overview,de_hdm
a3f426ad-fde6-44e2-be54-afa76f02a9f0,2026-04-13 00:25:43.000,Schedule Create,de_hfwu
a03ffbb6-ce47-40c7-b5f5-68640af1765c,2026-04-13 00:25:46.000,Mail Overview,de_hdm
a3f426ad-fde6-44e2-be54-afa76f02a9f0,2026-04-13 00:25:48.000,Schedule Create,de_hfwu
95a2a333-0115-41a2-982a-6ba514359631,2026-04-12 19:00:57.000,Cafeteria Detail,de_hshb
95a2a333-0115-41a2-982a-6ba514359631,2026-04-12 19:01:03.000,Cafeteria Detail,de_hshb
95a2a333-0115-41a2-982a-6ba514359631,2026-04-12 19:00:59.000,Cafeteria Overview,de_hshb
95a2a333-0115-41a2-982a-6ba514359631,2026-04-12 19:00:45.000,Cafeteria Overview,de_hshb
95a2a333-0115-41a2-982a-6ba514359631,2026-04-12 19:00:43.000,Studie Modules,de_hshb
11323b84-3747-4d84-a786-e3ac59bea6d1,2026-04-12 22:02:05.000,Mail Overview,de_hsnb
08a52f83-edbe-492c-bae5-5d752f5b6b5b,2026-04-13 00:25:50.000,Studie Modules,de_ks
08a52f83-edbe-492c-bae5-5d752f5b6b5b,2026-04-13 00:25:53.000,Cafeteria Overview,de_ks
5ce72f31-361e-415f-b50f-1896a6b2a654,2026-04-12 23:20:17.000,Calendar Week View,de_pum
5ce72f31-361e-415f-b50f-1896a6b2a654,2026-04-12 23:24:02.000,Calendar Week View,de_pum
5ce72f31-361e-415f-b50f-1896a6b2a654,2026-04-12 23:23:52.000,Calendar Day View,de_pum
5ce72f31-361e-415f-b50f-1896a6b2a654,2026-04-12 23:20:16.000,Feed,de_pum
989f2d90-2e1d-45d4-b46b-037dc77d889f,2026-04-13 00:25:48.000,Authenticator,de_pum
5ce72f31-361e-415f-b50f-1896a6b2a654,2026-04-12 23:23:59.000,Studie Modules,de_pum
5ce72f31-361e-415f-b50f-1896a6b2a654,2026-04-12 23:24:00.000,Feed,de_pum
989f2d90-2e1d-45d4-b46b-037dc77d889f,2026-04-13 00:25:47.000,Studie Modules,de_pum
5ce72f31-361e-415f-b50f-1896a6b2a654,2026-04-12 23:20:15.000,Studie Modules,de_pum
dd19bda7-bb83-436a-a9a8-94726fbe5560,2026-04-13 00:25:46.000,Mail Overview,de_lg
dd19bda7-bb83-436a-a9a8-94726fbe5560,2026-04-13 00:25:45.000,Studie Modules,de_lg
f8ab1365-d80e-43bb-ac54-74e468e0c872,2026-04-13 00:25:46.000,Studie Modules,de_hm
f8ab1365-d80e-43bb-ac54-74e468e0c872,2026-04-13 00:25:52.000,Mail Detail,de_hm
f8ab1365-d80e-43bb-ac54-74e468e0c872,2026-04-13 00:25:48.000,Mail Overview,de_hm
dd19bda7-bb83-436a-a9a8-94726fbe5560,2026-04-13 00:25:50.000,Mail Detail,de_lg
917109a4-751d-4109-a627-92e83f244923,2026-04-13 00:25:50.000,Feed,de_hshb
917109a4-751d-4109-a627-92e83f244923,2026-04-13 00:25:53.000,Feed,de_hshb
917109a4-751d-4109-a627-92e83f244923,2026-04-13 00:25:51.000,wallet,de_hshb
917109a4-751d-4109-a627-92e83f244923,2026-04-13 00:25:58.000,Cafeteria Detail,de_hshb
1d253cf8-830b-4fd4-b26b-a93e9cbdaab0,2026-04-13 00:25:55.000,Generic Links Overview,de_pum
1d253cf8-830b-4fd4-b26b-a93e9cbdaab0,2026-04-13 00:25:54.000,Studie Modules,de_pum
50547931-1609-41c3-8508-a176794ffdea,2026-04-13 00:25:56.000,Mail Detail,de_hsko
a3f426ad-fde6-44e2-be54-afa76f02a9f0,2026-04-13 00:25:53.000,Calendar Day View,de_hfwu
a3f426ad-fde6-44e2-be54-afa76f02a9f0,2026-04-13 00:25:54.000,Schedule Detail,de_hfwu
a3f426ad-fde6-44e2-be54-afa76f02a9f0,2026-04-13 00:25:56.000,Schedule Modify,de_hfwu
6198871b-283d-46d6-9177-950773a6cff4,2026-04-12 23:32:34.000,Global Ory Login,de_upb
6198871b-283d-46d6-9177-950773a6cff4,2026-04-12 08:23:08.000,Global Ory Login,de_upb
a3f426ad-fde6-44e2-be54-afa76f02a9f0,2026-04-13 00:25:51.000,Calendar Month View,de_hfwu
56b80ed6-cbc8-4af0-9a61-0d87d783a04f,2026-04-13 00:25:59.000,Mail Detail,de_hsrm
a0a82b50-2b5d-4189-b1cb-e7aeb9b11a5f,2026-04-13 00:25:53.000,Feed,de_fhws
a0a82b50-2b5d-4189-b1cb-e7aeb9b11a5f,2026-04-13 00:25:59.000,Cafeteria Detail,de_fhws
a0a82b50-2b5d-4189-b1cb-e7aeb9b11a5f,2026-04-13 00:25:57.000,Studie Modules,de_fhws
a0a82b50-2b5d-4189-b1cb-e7aeb9b11a5f,2026-04-13 00:25:58.000,Cafeteria Overview,de_fhws
08a52f83-edbe-492c-bae5-5d752f5b6b5b,2026-04-13 00:25:54.000,Cafeteria Detail,de_ks
085e9598-d6cb-4f13-8837-5944d1c3162a,2026-04-13 00:26:04.000,Mail Overview,de_hsm
c7e43c67-0c2c-42eb-8ebe-774506501a76,2026-04-12 23:23:08.000,Mail Overview,de_hslu
dd19bda7-bb83-436a-a9a8-94726fbe5560,2026-04-13 00:26:02.000,Mail Overview,de_lg
00320a85-5651-420a-85d3-c05f40efb400,2026-04-13 00:25:45.000,Feed,de_kuei
dd19bda7-bb83-436a-a9a8-94726fbe5560,2026-04-13 00:26:01.000,Studie Modules,de_lg
00320a85-5651-420a-85d3-c05f40efb400,2026-04-12 23:32:57.000,Mail Overview,de_kuei
00320a85-5651-420a-85d3-c05f40efb400,2026-04-13 00:25:45.000,Mail Overview,de_kuei
efd0c033-4f98-4be8-9ee8-b1823ccbd9d9,2026-04-12 22:31:12.000,Studie Modules,de_si
917109a4-751d-4109-a627-92e83f244923,2026-04-13 00:25:58.000,Feed,de_hshb
917109a4-751d-4109-a627-92e83f244923,2026-04-13 00:26:01.000,Feed,de_hshb
efd0c033-4f98-4be8-9ee8-b1823ccbd9d9,2026-04-12 22:31:13.000,Mail Overview,de_si
917109a4-751d-4109-a627-92e83f244923,2026-04-13 00:25:59.000,Cafeteria Selection,de_hshb
917109a4-751d-4109-a627-92e83f244923,2026-04-13 00:26:07.000,Feed,de_hshb
917109a4-751d-4109-a627-92e83f244923,2026-04-13 00:26:02.000,Cafeteria Selection,de_hshb
efd0c033-4f98-4be8-9ee8-b1823ccbd9d9,2026-04-12 22:32:39.000,Studie Modules,de_si
0afbcca5-771e-495d-b97c-829e9275ef3d,2026-04-13 00:26:03.000,Cafeteria Detail,de_lg
1c8d370e-9931-4203-98f0-6e0124e02eb4,2026-04-12 22:55:48.000,Studie Modules,de_gufm
5357e940-1ec5-47ab-b7d2-848c8afcb338,2026-04-13 00:26:03.000,Settings Overview,de_tum
1c8d370e-9931-4203-98f0-6e0124e02eb4,2026-04-12 22:55:48.000,Mail Overview,de_gufm
13929634-ea7e-4a58-ad43-d72c6517d713,2026-04-13 00:10:33.000,Studie Modules,de_hsge
13929634-ea7e-4a58-ad43-d72c6517d713,2026-04-13 00:10:35.000,Mail Overview,de_hsge
ae4e5f1b-7145-4325-ae53-1ac0f56a1939,2026-04-12 13:57:08.000,Studie Modules,de_hsmz
56b80ed6-cbc8-4af0-9a61-0d87d783a04f,2026-04-13 00:26:00.000,Mail Overview,de_hsrm
a3f426ad-fde6-44e2-be54-afa76f02a9f0,2026-04-13 00:26:09.000,Calendar Day View,de_hfwu
a3f426ad-fde6-44e2-be54-afa76f02a9f0,2026-04-13 00:26:04.000,Schedule Detail,de_hfwu
a3f426ad-fde6-44e2-be54-afa76f02a9f0,2026-04-13 00:26:00.000,Calendar Day View,de_hfwu
56b80ed6-cbc8-4af0-9a61-0d87d783a04f,2026-04-13 00:26:04.000,Studie Modules,de_hsrm
a3f426ad-fde6-44e2-be54-afa76f02a9f0,2026-04-13 00:26:05.000,Schedule Modify,de_hfwu
a6935481-0421-4753-8196-cd69158b3bbd,2026-04-13 00:26:09.000,Studie Modules,de_bt
ae4e5f1b-7145-4325-ae53-1ac0f56a1939,2026-04-12 13:57:09.000,Generic Links Overview,de_hsmz
4aaa3a9d-04b4-4b5f-978c-db3c527a9e77,2026-04-13 00:10:41.000,Studie Modules,de_ks
29d181a2-1ed2-4fbc-939a-5b72d3bfd6e6,2026-04-13 00:26:03.000,Studie Modules,de_si
29d181a2-1ed2-4fbc-939a-5b72d3bfd6e6,2026-04-13 00:26:08.000,Generic Links Overview,de_si
29d181a2-1ed2-4fbc-939a-5b72d3bfd6e6,2026-04-13 00:26:04.000,Mail Overview,de_si
29d181a2-1ed2-4fbc-939a-5b72d3bfd6e6,2026-04-13 00:26:06.000,Studie Modules,de_si
4aaa3a9d-04b4-4b5f-978c-db3c527a9e77,2026-04-13 00:10:42.000,Grades Overview,de_ks
87dbcd4e-ed59-4c23-b7d9-bbe26460929f,2026-04-13 00:26:01.000,Feed Detail,de_pum
87dbcd4e-ed59-4c23-b7d9-bbe26460929f,2026-04-13 00:26:08.000,Feed,de_pum
ffd141a6-6b4f-4142-8251-567a29a96839,2026-04-12 20:33:52.000,Feed Detail,de_pum
f424aba9-bfcb-4375-bd04-5dcfb7713e79,2026-04-13 00:26:04.000,Grades Overview,de_hsnb
f424aba9-bfcb-4375-bd04-5dcfb7713e79,2026-04-13 00:26:04.000,Feed,de_hsnb
87dbcd4e-ed59-4c23-b7d9-bbe26460929f,2026-04-12 17:40:58.000,Generic Links Overview,de_pum
f424aba9-bfcb-4375-bd04-5dcfb7713e79,2026-04-13 00:26:02.000,Mail Overview,de_hsnb
ba0a06fc-3990-4d62-a95b-787f35fb4f5e,2026-04-12 15:25:05.000,Mail Overview,de_jlug
f1fc7569-8e6c-4a97-bc7b-ea630e913365,2026-04-12 18:43:45.000,Feed,de_si
f1fc7569-8e6c-4a97-bc7b-ea630e913365,2026-04-12 18:43:41.000,Calendar Day View,de_si
b86e8ec0-97c6-4b80-a3db-b8822272836b,2026-04-12 10:22:05.000,Global Ory Login,de_upb
b86e8ec0-97c6-4b80-a3db-b8822272836b,2026-04-12 10:13:54.000,Global Ory Login,de_upb
085e9598-d6cb-4f13-8837-5944d1c3162a,2026-04-13 00:26:12.000,Mail Detail,de_hsm
b86e8ec0-97c6-4b80-a3db-b8822272836b,2026-04-12 10:30:33.000,Global Ory Login,de_upb
b86e8ec0-97c6-4b80-a3db-b8822272836b,2026-04-06 17:38:46.000,Global Ory Login,de_upb
b86e8ec0-97c6-4b80-a3db-b8822272836b,2026-04-04 16:39:03.000,Global Ory Login,de_upb
a0ad0212-1eed-4c52-b828-ba631c8a9f0f,2026-04-13 00:26:18.000,Mail Overview,de_hm
5357e940-1ec5-47ab-b7d2-848c8afcb338,2026-04-13 00:26:15.000,Career Main,de_tum
5357e940-1ec5-47ab-b7d2-848c8afcb338,2026-04-13 00:26:18.000,Todo,de_tum
5357e940-1ec5-47ab-b7d2-848c8afcb338,2026-04-13 00:26:16.000,Studie Modules,de_tum
87dbcd4e-ed59-4c23-b7d9-bbe26460929f,2026-04-13 00:26:13.000,Calendar List View,de_pum
2260dbb1-891e-4266-a40c-249458a61afc,2026-04-13 00:26:14.000,External Login Expired,de_hm
af01b133-93ee-49ee-981f-281fc478873d,2026-04-13 00:26:13.000,External Login Expired,de_hm
ef33cef4-d5df-49cc-b6f7-d8be593b2245,2026-04-13 00:26:24.000,Mail Overview,de_hsaa
ef33cef4-d5df-49cc-b6f7-d8be593b2245,2026-04-13 00:26:22.000,Studie Modules,de_hsaa
27ea7835-49a0-41ea-9007-78404c30f6fe,2026-04-13 00:26:21.000,Mail Overview,de_fhms
27ea7835-49a0-41ea-9007-78404c30f6fe,2026-04-13 00:26:25.000,Mail Detail,de_fhms
a0ad0212-1eed-4c52-b828-ba631c8a9f0f,2026-04-13 00:26:27.000,Mail Detail,de_hm
5357e940-1ec5-47ab-b7d2-848c8afcb338,2026-04-13 00:26:23.000,Studie Modules,de_tum
6050c422-5a2e-4ed2-b4b8-46e9e25d78d8,2026-04-13 00:26:30.000,Studie Modules,de_hspf
f8ab1365-d80e-43bb-ac54-74e468e0c872,2026-04-13 00:26:25.000,Mail Detail,de_hm
f8ab1365-d80e-43bb-ac54-74e468e0c872,2026-04-13 00:26:24.000,Mail Overview,de_hm
5357e940-1ec5-47ab-b7d2-848c8afcb338,2026-04-13 00:26:25.000,Mail Login,de_tum
a3f426ad-fde6-44e2-be54-afa76f02a9f0,2026-04-13 00:26:20.000,Feed,de_hfwu
a3f426ad-fde6-44e2-be54-afa76f02a9f0,2026-04-13 00:26:15.000,Calendar Day View,de_hfwu
a3f426ad-fde6-44e2-be54-afa76f02a9f0,2026-04-13 00:26:13.000,Calendar Month View,de_hfwu
a3f426ad-fde6-44e2-be54-afa76f02a9f0,2026-04-13 00:26:23.000,Calendar Month View,de_hfwu
a3f426ad-fde6-44e2-be54-afa76f02a9f0,2026-04-13 00:26:21.000,Calendar Day View,de_hfwu
5a098380-471e-42c2-b2cf-f0962c90430e,2026-04-13 00:26:26.000,Mail Overview,de_hsge
2383d715-7e21-4c00-8084-8eb0449070fd,2026-04-12 16:52:52.000,Studie Modules,de_hsco
5a098380-471e-42c2-b2cf-f0962c90430e,2026-04-13 00:26:30.000,Studie Modules,de_hsge
9d093304-724c-4c2c-85f9-fa92a0deb4ea,2026-04-13 00:15:20.000,Mail Overview,de_si
ff39d454-db74-41d8-9dc7-279a7534e8ee,2026-04-13 00:26:23.000,Studie Modules,de_hsm
2383d715-7e21-4c00-8084-8eb0449070fd,2026-04-12 16:52:50.000,Mail Overview,de_hsco
2383d715-7e21-4c00-8084-8eb0449070fd,2026-04-12 16:52:48.000,Feed,de_hsco
068b67f1-29bc-4246-8dab-44b138aa3981,2026-04-13 00:26:24.000,Studie Modules,de_pum
ff39d454-db74-41d8-9dc7-279a7534e8ee,2026-04-13 00:26:26.000,Grades With API Overview,de_hsm
2383d715-7e21-4c00-8084-8eb0449070fd,2026-04-12 16:52:49.000,Studie Modules,de_hsco
068b67f1-29bc-4246-8dab-44b138aa3981,2026-04-13 00:26:25.000,Authenticator,de_pum
a6935481-0421-4753-8196-cd69158b3bbd,2026-04-13 00:26:31.000,Generic Links Overview,de_bt
87dbcd4e-ed59-4c23-b7d9-bbe26460929f,2026-04-13 00:26:28.000,Schedule Create,de_pum
87dbcd4e-ed59-4c23-b7d9-bbe26460929f,2026-04-13 00:26:32.000,Calendar List View,de_pum
2eea4f2a-888a-441e-8392-b7ad88eb950a,2026-04-13 00:19:03.000,External Login Expired,de_tuda
2eea4f2a-888a-441e-8392-b7ad88eb950a,2026-04-13 00:00:30.000,External Login Expired,de_tuda
ef33cef4-d5df-49cc-b6f7-d8be593b2245,2026-04-13 00:26:35.000,Studie Modules,de_hsaa
3ecfcf86-de94-40d2-b8f6-cc540b346126,2026-04-12 15:53:43.000,Mail Overview,de_bt
3ecfcf86-de94-40d2-b8f6-cc540b346126,2026-04-12 20:01:02.000,Mail Overview,de_bt
3ecfcf86-de94-40d2-b8f6-cc540b346126,2026-04-12 20:01:01.000,Studie Modules,de_bt
3ecfcf86-de94-40d2-b8f6-cc540b346126,2026-04-12 18:35:53.000,Mail Overview,de_bt
261de2d8-96ee-422f-8494-580ede7ebf13,2026-04-12 22:14:25.000,Studie Modules,de_ovgu
f6309aa9-f4e8-46c1-b9e3-4469cf727b88,2026-04-12 21:58:16.000,Mail Overview,de_bt
f6309aa9-f4e8-46c1-b9e3-4469cf727b88,2026-04-12 21:58:16.000,Studie Modules,de_bt
a0ad0212-1eed-4c52-b828-ba631c8a9f0f,2026-04-13 00:26:29.000,Mail Overview,de_hm
a0ad0212-1eed-4c52-b828-ba631c8a9f0f,2026-04-13 00:26:32.000,Mail Detail,de_hm
6050c422-5a2e-4ed2-b4b8-46e9e25d78d8,2026-04-13 00:26:31.000,Mail Overview,de_hspf
5357e940-1ec5-47ab-b7d2-848c8afcb338,2026-04-13 00:26:35.000,Courses Overview,de_tum
6050c422-5a2e-4ed2-b4b8-46e9e25d78d8,2026-04-13 00:26:34.000,Mail Detail,de_hspf
5357e940-1ec5-47ab-b7d2-848c8afcb338,2026-04-13 00:26:38.000,Mail Login,de_tum
5357e940-1ec5-47ab-b7d2-848c8afcb338,2026-04-13 00:26:37.000,Studie Modules,de_tum
5357e940-1ec5-47ab-b7d2-848c8afcb338,2026-04-13 00:26:31.000,Studie Modules,de_tum
93ce3f33-fb72-47cb-a20e-377a07d0cb81,2026-04-12 23:24:40.000,Studie Modules,de_gufm
93ce3f33-fb72-47cb-a20e-377a07d0cb81,2026-04-12 23:24:40.000,Mail Overview,de_gufm
cb677f71-ab21-47b4-bb4a-a83c3fa72d34,2026-04-12 23:13:18.000,Mail Overview,de_tucl
93ce3f33-fb72-47cb-a20e-377a07d0cb81,2026-04-12 23:24:39.000,Feed,de_gufm
cb677f71-ab21-47b4-bb4a-a83c3fa72d34,2026-04-12 23:13:17.000,Mail Detail,de_tucl
cb677f71-ab21-47b4-bb4a-a83c3fa72d34,2026-04-12 23:13:38.000,Grades Overview,de_tucl
87dbcd4e-ed59-4c23-b7d9-bbe26460929f,2026-04-13 00:26:37.000,Studie Modules,de_pum
87dbcd4e-ed59-4c23-b7d9-bbe26460929f,2026-04-13 00:26:36.000,Feed,de_pum
87dbcd4e-ed59-4c23-b7d9-bbe26460929f,2026-04-13 00:26:38.000,Mail Overview,de_pum
87dbcd4e-ed59-4c23-b7d9-bbe26460929f,2026-04-13 00:26:34.000,Calendar Month View,de_pum
27ea7835-49a0-41ea-9007-78404c30f6fe,2026-04-13 00:26:45.000,Mail Overview,de_fhms
430d7e62-23d9-4023-b4fe-495730669ee2,2026-04-13 00:26:39.000,Studie Modules,de_si
430d7e62-23d9-4023-b4fe-495730669ee2,2026-04-13 00:26:42.000,Generic Links Overview,de_si
085e9598-d6cb-4f13-8837-5944d1c3162a,2026-04-13 00:26:49.000,Mail Overview,de_hsm
6050c422-5a2e-4ed2-b4b8-46e9e25d78d8,2026-04-13 00:26:50.000,Mail Overview,de_hspf
effb1259-3391-49d9-aed8-f624b5c4af15,2026-04-13 00:26:53.000,Mail Overview,de_eufb
effb1259-3391-49d9-aed8-f624b5c4af15,2026-04-13 00:26:53.000,Studie Modules,de_eufb
27ea7835-49a0-41ea-9007-78404c30f6fe,2026-04-13 00:26:49.000,Mail Detail,de_fhms
e9025ac6-2e72-4bfc-ad66-213cf718504d,2026-04-12 15:30:29.000,Feed,de_fhki
c4973519-e3c2-4ac4-b5c2-46b7cc6cdaa1,2026-04-13 00:26:57.000,wallet,de_pum
c4973519-e3c2-4ac4-b5c2-46b7cc6cdaa1,2026-04-13 00:26:59.000,Feed,de_pum
085e9598-d6cb-4f13-8837-5944d1c3162a,2026-04-13 00:26:53.000,Mail Detail,de_hsm
005b924e-ed2c-42ac-8734-ab38e2d6c9e2,2026-04-13 00:26:53.000,Mail Detail,de_hmb
87dbcd4e-ed59-4c23-b7d9-bbe26460929f,2026-04-13 00:27:02.000,Mail Detail,de_pum
716ccc7e-5c6c-46a4-ae5d-09f357e519ec,2026-04-13 00:26:47.000,Mail Overview,de_fhms
716ccc7e-5c6c-46a4-ae5d-09f357e519ec,2026-04-13 00:26:46.000,Studie Modules,de_fhms
2cde98c0-1cde-4c78-91fd-194cd6fdd04a,2026-04-13 00:27:05.000,Mail Overview,de_hm
2cde98c0-1cde-4c78-91fd-194cd6fdd04a,2026-04-13 00:27:04.000,Studie Modules,de_hm
27ea7835-49a0-41ea-9007-78404c30f6fe,2026-04-13 00:27:07.000,Mail Overview,de_fhms
0ffdaa93-9b86-467a-b06a-cd0812e7a634,2026-04-13 00:27:05.000,Mail Overview,de_tubf
0ffdaa93-9b86-467a-b06a-cd0812e7a634,2026-04-13 00:27:04.000,Studie Modules,de_tubf
0ffdaa93-9b86-467a-b06a-cd0812e7a634,2026-04-13 00:02:52.000,Mail Overview,de_tubf
5357e940-1ec5-47ab-b7d2-848c8afcb338,2026-04-13 00:27:01.000,Mail FolderSelection,de_tum
c4973519-e3c2-4ac4-b5c2-46b7cc6cdaa1,2026-04-13 00:27:01.000,Mail Overview,de_pum
c4973519-e3c2-4ac4-b5c2-46b7cc6cdaa1,2026-04-13 00:27:06.000,Feed,de_pum
08a52f83-edbe-492c-bae5-5d752f5b6b5b,2026-04-13 00:27:09.000,Cafeteria Overview,de_ks
c4973519-e3c2-4ac4-b5c2-46b7cc6cdaa1,2026-04-13 00:27:08.000,Studie Modules,de_pum
247127e7-f0c2-4bee-84cd-854fde385932,2026-04-12 23:25:51.000,Global Ory Login,de_upb
005b924e-ed2c-42ac-8734-ab38e2d6c9e2,2026-04-13 00:27:06.000,Mail Overview,de_hmb
005b924e-ed2c-42ac-8734-ab38e2d6c9e2,2026-04-13 00:27:06.000,Mail Detail,de_hmb
6a3c9ded-eba3-4831-a952-7b09e1a2bc24,2026-04-13 00:27:15.000,Feed,de_ua
2cde98c0-1cde-4c78-91fd-194cd6fdd04a,2026-04-13 00:27:09.000,Mail Detail,de_hm
27ea7835-49a0-41ea-9007-78404c30f6fe,2026-04-13 00:27:09.000,Studie Modules,de_fhms
27ea7835-49a0-41ea-9007-78404c30f6fe,2026-04-13 00:27:10.000,Feed,de_fhms
1c71aeb0-dcc9-495e-bb3d-580ed0c5c3ef,2026-04-13 00:27:08.000,Global Ory Login,de_si
c4973519-e3c2-4ac4-b5c2-46b7cc6cdaa1,2026-04-13 00:27:16.000,Generic Links Overview,de_pum
08a52f83-edbe-492c-bae5-5d752f5b6b5b,2026-04-13 00:27:19.000,Cafeteria Overview,de_ks
08a52f83-edbe-492c-bae5-5d752f5b6b5b,2026-04-13 00:27:12.000,Cafeteria Detail,de_ks
c4973519-e3c2-4ac4-b5c2-46b7cc6cdaa1,2026-04-13 00:27:11.000,Authenticator,de_pum
c4973519-e3c2-4ac4-b5c2-46b7cc6cdaa1,2026-04-13 00:27:14.000,Studie Modules,de_pum
12c7c079-7dfc-43ae-a45e-af608f87224f,2026-04-13 00:27:09.000,External Login Expired,de_tuda
12c7c079-7dfc-43ae-a45e-af608f87224f,2026-04-12 23:56:25.000,External Login Expired,de_tuda
56b435b7-9b17-4786-be7a-5d105ff4c8f5,2026-04-13 00:27:16.000,Mail Overview,de_bt
56b435b7-9b17-4786-be7a-5d105ff4c8f5,2026-04-13 00:27:15.000,Studie Modules,de_bt
6a3c9ded-eba3-4831-a952-7b09e1a2bc24,2026-04-13 00:27:22.000,Mail Detail,de_ua
6a3c9ded-eba3-4831-a952-7b09e1a2bc24,2026-04-13 00:27:16.000,Mail Overview,de_ua
085e9598-d6cb-4f13-8837-5944d1c3162a,2026-04-13 00:27:27.000,Mail Overview,de_hsm
316fc9a8-4107-4d33-87a9-ec6c9de2e89f,2026-04-13 00:27:21.000,Campus,de_tuda
15efe9f8-7432-41b9-9cd7-2396f7ecc2d9,2026-04-13 00:27:26.000,Career Onboarding,de_upb
15efe9f8-7432-41b9-9cd7-2396f7ecc2d9,2026-04-13 00:25:38.000,Calendar Day View,de_upb
316fc9a8-4107-4d33-87a9-ec6c9de2e89f,2026-04-13 00:27:19.000,Studie Modules,de_tuda
15efe9f8-7432-41b9-9cd7-2396f7ecc2d9,2026-04-13 00:27:18.000,Studie Modules,de_upb
08a52f83-edbe-492c-bae5-5d752f5b6b5b,2026-04-13 00:27:20.000,Studie Modules,de_ks
f18f39e9-f620-4ec2-9c06-161bdbe392d9,2026-04-13 00:27:24.000,Mail Overview,de_hm
085e9598-d6cb-4f13-8837-5944d1c3162a,2026-04-13 00:27:31.000,Mail Detail,de_hsm
15efe9f8-7432-41b9-9cd7-2396f7ecc2d9,2026-04-13 00:27:35.000,Career Main,de_upb
6dbf672c-8bf1-4578-b0cd-76d71e625f82,2026-04-13 00:27:38.000,Mail Overview,de_thm
15efe9f8-7432-41b9-9cd7-2396f7ecc2d9,2026-04-13 00:27:30.000,Studie Modules,de_upb
15efe9f8-7432-41b9-9cd7-2396f7ecc2d9,2026-04-13 00:27:36.000,Settings Overview,de_upb
316fc9a8-4107-4d33-87a9-ec6c9de2e89f,2026-04-13 00:27:39.000,Campus Detail,de_tuda
aa3a7dfa-f786-4445-9072-d5490c00252b,2026-04-12 23:13:26.000,Mail Overview,de_phlb
a3b09c2a-9a50-49a6-8bd4-42311c9f1538,2026-04-12 22:38:08.000,Mail Detail,de_pum
5357e940-1ec5-47ab-b7d2-848c8afcb338,2026-04-13 00:27:45.000,Mail Permission,de_tum
a3b09c2a-9a50-49a6-8bd4-42311c9f1538,2026-04-12 22:38:09.000,Mail Overview,de_pum
005b924e-ed2c-42ac-8734-ab38e2d6c9e2,2026-04-13 00:27:46.000,Mail Overview,de_hmb
01749240-9fdb-468e-bf3b-7fdc992cd692,2026-04-13 00:27:44.000,Authenticator,de_tuda
01749240-9fdb-468e-bf3b-7fdc992cd692,2026-04-13 00:27:43.000,Studie Modules,de_tuda
226957da-63b1-4c84-8f35-9c175232e3c8,2026-04-13 00:27:44.000,Study Field Onboarding,de_hszg
15efe9f8-7432-41b9-9cd7-2396f7ecc2d9,2026-04-13 00:27:39.000,Settings Language,de_upb
15efe9f8-7432-41b9-9cd7-2396f7ecc2d9,2026-04-13 00:27:45.000,Settings Accounts,de_upb
15efe9f8-7432-41b9-9cd7-2396f7ecc2d9,2026-04-13 00:27:41.000,Settings Overview,de_upb
6dbf672c-8bf1-4578-b0cd-76d71e625f82,2026-04-13 00:27:40.000,Mail Detail,de_thm
7463390a-f8a0-4718-ab0b-6846f6d44bc7,2026-04-13 00:27:49.000,Cafeteria Detail,de_phsg
7463390a-f8a0-4718-ab0b-6846f6d44bc7,2026-04-13 00:27:46.000,Cafeteria Overview,de_phsg
5357e940-1ec5-47ab-b7d2-848c8afcb338,2026-04-13 00:27:49.000,Mail Overview,de_tum
a2cb892f-1281-4f9a-af26-40285589de06,2026-04-13 00:27:53.000,Studie Modules,de_hsco
a2cb892f-1281-4f9a-af26-40285589de06,2026-04-13 00:27:55.000,Generic Links Overview,de_hsco
6dbf672c-8bf1-4578-b0cd-76d71e625f82,2026-04-13 00:27:53.000,Mail Detail,de_thm
6dbf672c-8bf1-4578-b0cd-76d71e625f82,2026-04-13 00:27:51.000,Mail Overview,de_thm
1d253cf8-830b-4fd4-b26b-a93e9cbdaab0,2026-04-13 00:28:02.000,Studie Modules,de_pum
55ee13f3-9c50-461b-8d68-2d40cfb42b91,2026-04-13 00:27:58.000,Calendar Day View,de_hsmz
55ee13f3-9c50-461b-8d68-2d40cfb42b91,2026-04-13 00:27:58.000,Studie Modules,de_hsmz
c64d7412-4150-44de-812e-ff6603647904,2026-04-13 00:28:02.000,Feed,de_fhms
c64d7412-4150-44de-812e-ff6603647904,2026-04-13 00:28:04.000,Calendar Day View,de_fhms
c64d7412-4150-44de-812e-ff6603647904,2026-04-13 00:27:59.000,Grades Overview,de_fhms
55ee13f3-9c50-461b-8d68-2d40cfb42b91,2026-04-13 00:28:02.000,Schedule Detail,de_hsmz
1d253cf8-830b-4fd4-b26b-a93e9cbdaab0,2026-04-13 00:28:04.000,Generic Links Overview,de_pum
316fc9a8-4107-4d33-87a9-ec6c9de2e89f,2026-04-13 00:28:11.000,Campus,de_tuda
0f624380-2a37-4ed2-a347-cc2583da9b43,2026-04-13 00:28:11.000,Mail Detail,de_hm
316fc9a8-4107-4d33-87a9-ec6c9de2e89f,2026-04-13 00:28:12.000,Studie Modules,de_tuda
6584bfdf-fa18-4043-9e7e-9add5222e654,2026-04-12 23:58:19.000,Mail Overview,de_fhms
0f624380-2a37-4ed2-a347-cc2583da9b43,2026-04-13 00:28:05.000,Mail Overview,de_hm
0f624380-2a37-4ed2-a347-cc2583da9b43,2026-04-13 00:28:04.000,Studie Modules,de_hm
316fc9a8-4107-4d33-87a9-ec6c9de2e89f,2026-04-13 00:28:13.000,Campus,de_tuda
6584bfdf-fa18-4043-9e7e-9add5222e654,2026-04-12 23:58:22.000,Mail Detail,de_fhms
4129856a-dfa3-46db-bfa4-e4cfa9a7c617,2026-04-12 16:20:26.000,Mail Overview,de_uff
dd8344f3-ad68-4c8b-853a-3cb05005d3ef,2026-04-13 00:28:13.000,Studie Modules,de_pum
07831701-141e-41e4-9dbf-dbecae1d4d5b,2026-04-13 00:28:21.000,Mail Detail,de_jlug
07831701-141e-41e4-9dbf-dbecae1d4d5b,2026-04-13 00:28:14.000,Mail Overview,de_jlug
dd8344f3-ad68-4c8b-853a-3cb05005d3ef,2026-04-13 00:28:14.000,Mail Overview,de_pum
dd8344f3-ad68-4c8b-853a-3cb05005d3ef,2026-04-13 00:28:21.000,Mail Overview,de_pum
dd8344f3-ad68-4c8b-853a-3cb05005d3ef,2026-04-13 00:28:19.000,Studie Modules,de_pum
9448ab28-49a8-4022-b5e1-2ea9ade9f632,2026-04-12 20:30:43.000,Mail Overview,de_hsm
9448ab28-49a8-4022-b5e1-2ea9ade9f632,2026-04-12 23:35:34.000,Feed,de_hsm
7261f916-9d4b-44b0-961e-90b394db1264,2026-04-13 00:28:24.000,Mail Overview,de_phlb
9448ab28-49a8-4022-b5e1-2ea9ade9f632,2026-04-12 23:35:32.000,Mail Overview,de_hsm
316fc9a8-4107-4d33-87a9-ec6c9de2e89f,2026-04-13 00:28:24.000,Campus Detail,de_tuda
0f624380-2a37-4ed2-a347-cc2583da9b43,2026-04-13 00:28:17.000,Mail Overview,de_hm
0f624380-2a37-4ed2-a347-cc2583da9b43,2026-04-13 00:28:22.000,Mail Detail,de_hm
5357e940-1ec5-47ab-b7d2-848c8afcb338,2026-04-13 00:28:24.000,Studie Modules,de_tum
340b00cb-4fea-49fe-af2a-f64e07b0cbe7,2026-04-13 00:28:19.000,Mail Overview,de_ks
340b00cb-4fea-49fe-af2a-f64e07b0cbe7,2026-04-13 00:28:22.000,Mail Detail,de_ks
b2b2885c-5acd-42db-b448-349a90eb062d,2026-04-13 00:28:31.000,Studie Modules,de_hsmz
67e86817-916d-46b9-bc9d-a97b5bd52fe2,2026-04-13 00:28:24.000,Studie Modules,de_pum
67e86817-916d-46b9-bc9d-a97b5bd52fe2,2026-04-13 00:28:27.000,Authenticator,de_pum
4178e5ba-0c65-4002-9dff-a3e1e3c70927,2026-04-12 20:04:45.000,Studie Modules,de_hsm
4178e5ba-0c65-4002-9dff-a3e1e3c70927,2026-04-12 20:04:45.000,Mail Overview,de_hsm
dd8344f3-ad68-4c8b-853a-3cb05005d3ef,2026-04-13 00:28:26.000,Mail Overview,de_pum
51ec549b-cdf8-41db-b25d-53241f66c4e7,2026-04-13 00:28:31.000,Mail Overview,de_si
dd8344f3-ad68-4c8b-853a-3cb05005d3ef,2026-04-13 00:28:29.000,Generic Links Overview,de_pum
dd8344f3-ad68-4c8b-853a-3cb05005d3ef,2026-04-13 00:28:25.000,Mail Detail,de_pum
dd8344f3-ad68-4c8b-853a-3cb05005d3ef,2026-04-13 00:28:27.000,Studie Modules,de_pum
0f624380-2a37-4ed2-a347-cc2583da9b43,2026-04-13 00:28:30.000,Mail Overview,de_hm
5357e940-1ec5-47ab-b7d2-848c8afcb338,2026-04-13 00:28:31.000,Schedule Create,de_tum
316fc9a8-4107-4d33-87a9-ec6c9de2e89f,2026-04-13 00:28:26.000,Campus,de_tuda
5357e940-1ec5-47ab-b7d2-848c8afcb338,2026-04-13 00:28:27.000,Calendar Week View,de_tum
0f624380-2a37-4ed2-a347-cc2583da9b43,2026-04-13 00:28:33.000,Mail Detail,de_hm
340b00cb-4fea-49fe-af2a-f64e07b0cbe7,2026-04-13 00:28:27.000,Mail Overview,de_ks
340b00cb-4fea-49fe-af2a-f64e07b0cbe7,2026-04-13 00:28:28.000,Mail Detail,de_ks
4a1ef54f-89bf-4000-a03e-2231c4386edc,2026-04-12 18:18:21.000,Mail Detail,de_hdwm
c4973519-e3c2-4ac4-b5c2-46b7cc6cdaa1,2026-04-13 00:28:34.000,Generic Links Overview,de_pum
4a1ef54f-89bf-4000-a03e-2231c4386edc,2026-04-12 18:18:23.000,Mail Overview,de_hdwm
4a1ef54f-89bf-4000-a03e-2231c4386edc,2026-04-12 18:18:24.000,Mail Detail,de_hdwm
c4973519-e3c2-4ac4-b5c2-46b7cc6cdaa1,2026-04-13 00:28:31.000,Studie Modules,de_pum
cac5e92e-e331-4c8e-a701-7c9b3b2009f1,2026-04-13 00:22:03.000,Feed,de_phlb
b2b2885c-5acd-42db-b448-349a90eb062d,2026-04-13 00:28:33.000,Generic Links Overview,de_hsmz
5357e940-1ec5-47ab-b7d2-848c8afcb338,2026-04-13 00:28:38.000,Calendar Week View,de_tum
0f624380-2a37-4ed2-a347-cc2583da9b43,2026-04-13 00:28:39.000,Mail Overview,de_hm
07831701-141e-41e4-9dbf-dbecae1d4d5b,2026-04-13 00:28:45.000,Mail Overview,de_jlug
0f624380-2a37-4ed2-a347-cc2583da9b43,2026-04-13 00:28:41.000,Mail Detail,de_hm
51ec549b-cdf8-41db-b25d-53241f66c4e7,2026-04-13 00:28:34.000,Mail Detail,de_si
4cd159a6-cea0-4cca-9b89-0c005c10c104,2026-04-12 23:11:12.000,Studie Modules,de_pum
4cd159a6-cea0-4cca-9b89-0c005c10c104,2026-04-12 23:11:09.000,wallet,de_pum
4cd159a6-cea0-4cca-9b89-0c005c10c104,2026-04-12 23:11:08.000,Studie Modules,de_pum
4cd159a6-cea0-4cca-9b89-0c005c10c104,2026-04-12 23:11:12.000,Authenticator,de_pum
90c50748-1510-45e3-96b6-5fd6fd7103a5,2026-04-13 00:28:39.000,Mail Overview,de_fhef
9fc11c5c-e9fb-4e0e-acde-e8d98c9d486e,2026-04-13 00:28:39.000,Mail Overview,de_pum
cac5e92e-e331-4c8e-a701-7c9b3b2009f1,2026-04-13 00:28:42.000,Cafeteria Detail,de_phlb
cac5e92e-e331-4c8e-a701-7c9b3b2009f1,2026-04-13 00:28:40.000,Cafeteria Overview,de_phlb
cac5e92e-e331-4c8e-a701-7c9b3b2009f1,2026-04-13 00:28:47.000,Cafeteria Overview,de_phlb
4cd06788-6715-4dbe-89a9-507853ab02d6,2026-04-13 00:28:43.000,Studie Modules,de_cau
4cd06788-6715-4dbe-89a9-507853ab02d6,2026-04-13 00:28:46.000,Mail Overview,de_cau
663fca65-e556-4854-a684-8cbc3a7d9bb1,2026-04-12 20:25:17.000,Studie Modules,de_pum
663fca65-e556-4854-a684-8cbc3a7d9bb1,2026-04-12 20:25:18.000,Authenticator,de_pum
663fca65-e556-4854-a684-8cbc3a7d9bb1,2026-04-12 20:24:54.000,Studie Modules,de_pum
663fca65-e556-4854-a684-8cbc3a7d9bb1,2026-04-12 20:24:55.000,Mail Overview,de_pum
0f624380-2a37-4ed2-a347-cc2583da9b43,2026-04-13 00:28:54.000,Mail Overview,de_hm
827806ca-5871-4a21-b6bf-9039109e2b66,2026-04-13 00:28:49.000,Feed,de_ush
827806ca-5871-4a21-b6bf-9039109e2b66,2026-04-13 00:28:52.000,Schedule Detail,de_ush
827806ca-5871-4a21-b6bf-9039109e2b66,2026-04-13 00:28:48.000,Cafeteria Overview,de_ush
827806ca-5871-4a21-b6bf-9039109e2b66,2026-04-13 00:28:50.000,Calendar Day View,de_ush
5357e940-1ec5-47ab-b7d2-848c8afcb338,2026-04-13 00:28:53.000,Studie Modules,de_tum
5afb6001-c7ad-4d49-b8b8-4d4cb0a540b3,2026-04-12 23:06:02.000,Mail Overview,de_hm
5afb6001-c7ad-4d49-b8b8-4d4cb0a540b3,2026-04-12 23:06:05.000,Feed,de_hm
9fc11c5c-e9fb-4e0e-acde-e8d98c9d486e,2026-04-13 00:28:53.000,Studie Modules,de_pum
9fc11c5c-e9fb-4e0e-acde-e8d98c9d486e,2026-04-13 00:28:52.000,Feed,de_pum
340b00cb-4fea-49fe-af2a-f64e07b0cbe7,2026-04-13 00:28:57.000,Mail Overview,de_ks
9fc11c5c-e9fb-4e0e-acde-e8d98c9d486e,2026-04-13 00:28:57.000,Generic Links Overview,de_pum
90c50748-1510-45e3-96b6-5fd6fd7103a5,2026-04-13 00:28:52.000,Mail Detail,de_fhef
cac5e92e-e331-4c8e-a701-7c9b3b2009f1,2026-04-13 00:28:55.000,Cafeteria Detail,de_phlb
cac5e92e-e331-4c8e-a701-7c9b3b2009f1,2026-04-13 00:28:51.000,Cafeteria Detail,de_phlb
ae43e8bc-c8e6-48c0-a799-dbadfddba4b5,2026-04-12 18:33:46.000,Studie Modules,de_pum
cac5e92e-e331-4c8e-a701-7c9b3b2009f1,2026-04-13 00:28:59.000,Cafeteria Detail,de_phlb
cac5e92e-e331-4c8e-a701-7c9b3b2009f1,2026-04-13 00:28:54.000,Cafeteria Overview,de_phlb
cac5e92e-e331-4c8e-a701-7c9b3b2009f1,2026-04-13 00:28:57.000,Cafeteria Filter,de_phlb
ae43e8bc-c8e6-48c0-a799-dbadfddba4b5,2026-04-12 18:33:47.000,Mail Overview,de_pum
c4973519-e3c2-4ac4-b5c2-46b7cc6cdaa1,2026-04-13 00:29:01.000,Studie Modules,de_pum
8e98e840-07ec-4c22-a9ea-2341f684b3af,2026-04-13 00:28:56.000,Courses Overview,de_hsda
8e98e840-07ec-4c22-a9ea-2341f684b3af,2026-04-13 00:28:58.000,Feed,de_hsda
8e98e840-07ec-4c22-a9ea-2341f684b3af,2026-04-13 00:28:58.000,Courses Overview,de_hsda
d8ce995e-d29e-4ce0-af4a-7665d5d6add0,2026-04-13 00:29:03.000,Cafeteria Overview,de_hsma
b9e3729d-7f06-44c1-9327-753c1e28d25d,2026-04-12 21:57:47.000,Feed,de_hsko
b9e3729d-7f06-44c1-9327-753c1e28d25d,2026-04-12 21:57:49.000,Studie Modules,de_hsko
b9e3729d-7f06-44c1-9327-753c1e28d25d,2026-04-12 21:57:51.000,Mail Overview,de_hsko
5357e940-1ec5-47ab-b7d2-848c8afcb338,2026-04-13 00:29:00.000,Feed,de_tum
5357e940-1ec5-47ab-b7d2-848c8afcb338,2026-04-13 00:28:58.000,Studie Modules,de_tum
a9991a19-618d-483f-983b-81934bff6535,2026-04-13 00:29:01.000,Mail Overview,de_hspf
a9991a19-618d-483f-983b-81934bff6535,2026-04-13 00:28:56.000,Grades Overview,de_hspf
5357e940-1ec5-47ab-b7d2-848c8afcb338,2026-04-13 00:28:56.000,Career Main,de_tum
a9991a19-618d-483f-983b-81934bff6535,2026-04-13 00:28:58.000,Feed,de_hspf
a9991a19-618d-483f-983b-81934bff6535,2026-04-13 00:28:58.000,Grades Overview,de_hspf
a9991a19-618d-483f-983b-81934bff6535,2026-04-13 00:29:00.000,Feed,de_hspf
085e9598-d6cb-4f13-8837-5944d1c3162a,2026-04-13 00:29:07.000,Mail Overview,de_hsm
9cdc0ec8-7c13-4429-a68e-27aaaba619d4,2026-04-13 00:29:00.000,Mail Overview,de_hsko
9cdc0ec8-7c13-4429-a68e-27aaaba619d4,2026-04-13 00:28:59.000,Studie Modules,de_hsko
9cdc0ec8-7c13-4429-a68e-27aaaba619d4,2026-04-13 00:29:03.000,Mail Detail,de_hsko
14ae5f3e-c9ad-4003-a1ef-e5403fd91daa,2026-04-13 00:28:58.000,Studie Modules,de_pum
14ae5f3e-c9ad-4003-a1ef-e5403fd91daa,2026-04-13 00:29:05.000,Generic Links Overview,de_pum
14ae5f3e-c9ad-4003-a1ef-e5403fd91daa,2026-04-13 00:29:04.000,Studie Modules,de_pum
14ae5f3e-c9ad-4003-a1ef-e5403fd91daa,2026-04-13 00:29:01.000,Authenticator,de_pum
9fc11c5c-e9fb-4e0e-acde-e8d98c9d486e,2026-04-13 00:29:10.000,Studie Modules,de_pum
dd8344f3-ad68-4c8b-853a-3cb05005d3ef,2026-04-13 00:29:09.000,Studie Modules,de_pum
87dbcd4e-ed59-4c23-b7d9-bbe26460929f,2026-04-13 00:28:10.000,Authenticator,de_pum
87dbcd4e-ed59-4c23-b7d9-bbe26460929f,2026-04-13 00:28:09.000,Studie Modules,de_pum
87dbcd4e-ed59-4c23-b7d9-bbe26460929f,2026-04-13 00:28:07.000,Mail Overview,de_pum
a3f426ad-fde6-44e2-be54-afa76f02a9f0,2026-04-13 00:29:00.000,Calendar Day View,de_hfwu
a3f426ad-fde6-44e2-be54-afa76f02a9f0,2026-04-13 00:29:03.000,Schedule Create,de_hfwu
a3f426ad-fde6-44e2-be54-afa76f02a9f0,2026-04-13 00:29:10.000,Schedule Color Chooser,de_hfwu
85c9ef31-9f95-4f0c-af56-707f04b955c9,2026-04-13 00:29:11.000,Mail Detail,de_hsan
85c9ef31-9f95-4f0c-af56-707f04b955c9,2026-04-13 00:29:10.000,Mail Overview,de_hsan
a9991a19-618d-483f-983b-81934bff6535,2026-04-13 00:29:13.000,Feed,de_hspf
9ba3cd61-0ee6-49b6-aec9-374865853df6,2026-04-13 00:29:05.000,External Login Expired,de_hm
5357e940-1ec5-47ab-b7d2-848c8afcb338,2026-04-13 00:29:14.000,Studie Modules,de_tum
068b67f1-29bc-4246-8dab-44b138aa3981,2026-04-13 00:29:13.000,Studie Modules,de_pum
5357e940-1ec5-47ab-b7d2-848c8afcb338,2026-04-13 00:29:08.000,Studie Modules,de_tum
856c7b64-bc14-4496-af3f-0cb55c61883c,2026-04-12 17:50:22.000,Mail Detail,de_fhki
5357e940-1ec5-47ab-b7d2-848c8afcb338,2026-04-13 00:29:10.000,Courses Overview,de_tum
068b67f1-29bc-4246-8dab-44b138aa3981,2026-04-13 00:29:15.000,Mail Overview,de_pum
9cdc0ec8-7c13-4429-a68e-27aaaba619d4,2026-04-13 00:29:17.000,Mail Overview,de_hsko
9fc11c5c-e9fb-4e0e-acde-e8d98c9d486e,2026-04-13 00:29:13.000,Settings Accounts,de_pum
87dbcd4e-ed59-4c23-b7d9-bbe26460929f,2026-04-13 00:29:13.000,Studie Modules,de_pum
87dbcd4e-ed59-4c23-b7d9-bbe26460929f,2026-04-13 00:29:15.000,Mail Overview,de_pum
9fc11c5c-e9fb-4e0e-acde-e8d98c9d486e,2026-04-13 00:29:11.000,Settings Overview,de_pum
a3f426ad-fde6-44e2-be54-afa76f02a9f0,2026-04-13 00:29:15.000,Calendar Month View,de_hfwu
a3f426ad-fde6-44e2-be54-afa76f02a9f0,2026-04-13 00:29:20.000,Schedule Create,de_hfwu
a3f426ad-fde6-44e2-be54-afa76f02a9f0,2026-04-13 00:29:13.000,Calendar Day View,de_hfwu
a3f426ad-fde6-44e2-be54-afa76f02a9f0,2026-04-13 00:29:12.000,Schedule Create,de_hfwu
a3f426ad-fde6-44e2-be54-afa76f02a9f0,2026-04-13 00:29:19.000,Calendar Day View,de_hfwu
d8ce995e-d29e-4ce0-af4a-7665d5d6add0,2026-04-13 00:29:18.000,Cafeteria Detail,de_hsma
a9991a19-618d-483f-983b-81934bff6535,2026-04-13 00:29:26.000,Feed,de_hspf
2aabb622-a255-46bd-8331-6a33a057121a,2026-04-12 21:23:56.000,Mail Overview,de_si
a9991a19-618d-483f-983b-81934bff6535,2026-04-13 00:29:20.000,Mail Overview,de_hspf
5357e940-1ec5-47ab-b7d2-848c8afcb338,2026-04-13 00:29:22.000,Studie Modules,de_tum
068b67f1-29bc-4246-8dab-44b138aa3981,2026-04-13 00:29:22.000,Mail Overview,de_pum
5357e940-1ec5-47ab-b7d2-848c8afcb338,2026-04-13 00:29:17.000,Settings Overview,de_tum
068b67f1-29bc-4246-8dab-44b138aa3981,2026-04-13 00:29:18.000,Mail Detail,de_pum
dfa8a861-24be-42a7-892c-6927bcdacf4d,2026-04-12 22:37:33.000,Mail Overview,de_hsko
9fc11c5c-e9fb-4e0e-acde-e8d98c9d486e,2026-04-13 00:29:23.000,Settings Overview,de_pum
c5e6b10c-eb52-4e11-b33a-f5b3d0d0a743,2026-04-13 00:29:27.000,Studie Modules,de_hsm
c5e6b10c-eb52-4e11-b33a-f5b3d0d0a743,2026-04-13 00:29:28.000,Mail Overview,de_hsm
a3f426ad-fde6-44e2-be54-afa76f02a9f0,2026-04-13 00:29:29.000,Calendar Month View,de_hfwu
a3f426ad-fde6-44e2-be54-afa76f02a9f0,2026-04-13 00:29:26.000,Schedule Create,de_hfwu
87dbcd4e-ed59-4c23-b7d9-bbe26460929f,2026-04-13 00:29:31.000,Mail Detail,de_pum
a3f426ad-fde6-44e2-be54-afa76f02a9f0,2026-04-13 00:29:25.000,Schedule Color Chooser,de_hfwu
a3f426ad-fde6-44e2-be54-afa76f02a9f0,2026-04-13 00:29:27.000,Calendar Day View,de_hfwu
dd8344f3-ad68-4c8b-853a-3cb05005d3ef,2026-04-13 00:29:24.000,Generic Links Overview,de_pum
dd8344f3-ad68-4c8b-853a-3cb05005d3ef,2026-04-13 00:29:22.000,Studie Modules,de_pum
7fad652f-ee8a-43e0-8ebf-5d5cdae8826c,2026-04-13 00:28:53.000,Mail Overview,de_hawl
7fad652f-ee8a-43e0-8ebf-5d5cdae8826c,2026-04-13 00:28:51.000,Studie Modules,de_hawl
e137c6b1-09ed-430f-a467-2e43ead4b638,2026-04-12 18:05:35.000,Mail Overview,de_hm
a9991a19-618d-483f-983b-81934bff6535,2026-04-13 00:29:29.000,Mail Overview,de_hspf
5357e940-1ec5-47ab-b7d2-848c8afcb338,2026-04-13 00:29:35.000,Calendar Day View,de_tum
5357e940-1ec5-47ab-b7d2-848c8afcb338,2026-04-13 00:29:36.000,Studie Modules,de_tum
5357e940-1ec5-47ab-b7d2-848c8afcb338,2026-04-13 00:29:33.000,Calendar Week View,de_tum
068b67f1-29bc-4246-8dab-44b138aa3981,2026-04-13 00:29:29.000,Mail Detail,de_pum
337e8443-5608-4e21-8c06-93b6aa70a966,2026-04-13 00:29:37.000,Cafeteria Detail,de_hsko
337e8443-5608-4e21-8c06-93b6aa70a966,2026-04-13 00:29:35.000,Cafeteria Overview,de_hsko
9fc11c5c-e9fb-4e0e-acde-e8d98c9d486e,2026-04-13 00:29:38.000,Schedule Overview,de_pum
6e37bc7d-1187-45ad-8ec1-b89eedef6d1d,2026-04-13 00:29:37.000,Studie Modules,de_pum
9fc11c5c-e9fb-4e0e-acde-e8d98c9d486e,2026-04-13 00:29:34.000,Feed,de_pum
2b627f93-09c2-41d3-b476-221702c3f4e3,2026-04-13 00:29:37.000,Mail Overview,de_hm
2b627f93-09c2-41d3-b476-221702c3f4e3,2026-04-13 00:29:41.000,Mail Detail,de_hm
2645fd16-707d-4fe0-8aa6-15f63099c235,2026-04-13 00:29:35.000,Study Field Onboarding,de_hszg
2c78a5f2-7d40-4bdf-822d-7edb00d581f4,2026-04-13 00:07:11.000,Mail Overview,de_thm
e53b9fbc-7069-4090-b1d1-a2e424b40d0b,2026-04-13 00:29:46.000,Mail Overview,de_tucl
a9991a19-618d-483f-983b-81934bff6535,2026-04-13 00:29:38.000,Settings Notifications,de_hspf
068b67f1-29bc-4246-8dab-44b138aa3981,2026-04-13 00:29:46.000,Mail Overview,de_pum
a9991a19-618d-483f-983b-81934bff6535,2026-04-13 00:29:46.000,Mail Overview,de_hspf
a56700ce-cf6d-430d-b769-225352da3ee1,2026-04-13 00:29:38.000,Authenticator,de_pum
a56700ce-cf6d-430d-b769-225352da3ee1,2026-04-12 00:24:17.000,wallet,de_pum
a56700ce-cf6d-430d-b769-225352da3ee1,2026-04-13 00:29:37.000,Studie Modules,de_pum
337e8443-5608-4e21-8c06-93b6aa70a966,2026-04-13 00:29:42.000,Cafeteria Overview,de_hsko
337e8443-5608-4e21-8c06-93b6aa70a966,2026-04-13 00:29:43.000,Cafeteria Detail,de_hsko
b658343b-6644-44a3-9e11-4ad56b467d27,2026-04-13 00:29:45.000,Calendar Week View,de_hsfd
b658343b-6644-44a3-9e11-4ad56b467d27,2026-04-13 00:29:48.000,Schedule Detail,de_hsfd
7fad652f-ee8a-43e0-8ebf-5d5cdae8826c,2026-04-13 00:29:48.000,Mail Overview,de_hawl
6e37bc7d-1187-45ad-8ec1-b89eedef6d1d,2026-04-13 00:29:41.000,Calendar Day View,de_pum
fa82c441-d7d8-4a3e-add8-566639811bc2,2026-04-12 22:39:15.000,Feed,de_phlb
df2b1193-845f-43aa-af7f-300404f9a346,2026-04-13 00:29:51.000,Mail Overview,de_hsm
df2b1193-845f-43aa-af7f-300404f9a346,2026-04-13 00:29:46.000,Mail Overview,de_hsm
df2b1193-845f-43aa-af7f-300404f9a346,2026-04-13 00:29:45.000,Studie Modules,de_hsm
df2b1193-845f-43aa-af7f-300404f9a346,2026-04-13 00:29:50.000,Studie Modules,de_hsm
df2b1193-845f-43aa-af7f-300404f9a346,2026-04-12 19:46:55.000,Feed,de_hsm
df2b1193-845f-43aa-af7f-300404f9a346,2026-04-12 19:46:51.000,Studie Modules,de_hsm
e53b9fbc-7069-4090-b1d1-a2e424b40d0b,2026-04-13 00:29:48.000,Feed,de_tucl
068b67f1-29bc-4246-8dab-44b138aa3981,2026-04-13 00:29:48.000,Mail Detail,de_pum
e53b9fbc-7069-4090-b1d1-a2e424b40d0b,2026-04-13 00:29:49.000,Grades Overview,de_tucl
827806ca-5871-4a21-b6bf-9039109e2b66,2026-04-13 00:29:03.000,Calendar Day View,de_ush
90c50748-1510-45e3-96b6-5fd6fd7103a5,2026-04-13 00:29:49.000,Mail Overview,de_fhef
84259a64-5165-496d-934e-5ea5163b3264,2026-04-12 22:24:57.000,Studie Modules,de_hsko
90c50748-1510-45e3-96b6-5fd6fd7103a5,2026-04-13 00:29:55.000,Mail Detail,de_fhef
84259a64-5165-496d-934e-5ea5163b3264,2026-04-12 22:24:58.000,Mail Overview,de_hsko
337e8443-5608-4e21-8c06-93b6aa70a966,2026-04-13 00:29:53.000,Cafeteria Overview,de_hsko
925eefe1-3081-49e2-9571-42fbaf76bd60,2026-04-13 00:29:51.000,Mail Overview,de_hm
925eefe1-3081-49e2-9571-42fbaf76bd60,2026-04-13 00:29:54.000,Mail Detail,de_hm
2f7e3d8a-399a-4396-91e6-244f2b4e3ce3,2026-04-12 21:56:06.000,Mail Overview,de_tuda
925eefe1-3081-49e2-9571-42fbaf76bd60,2026-04-12 22:37:42.000,Mail Overview,de_hm
6e37bc7d-1187-45ad-8ec1-b89eedef6d1d,2026-04-13 00:29:58.000,Feed,de_pum
6e37bc7d-1187-45ad-8ec1-b89eedef6d1d,2026-04-13 00:30:02.000,Calendar Day View,de_pum
6e37bc7d-1187-45ad-8ec1-b89eedef6d1d,2026-04-13 00:29:52.000,Schedule Create,de_pum
2b627f93-09c2-41d3-b476-221702c3f4e3,2026-04-13 00:30:02.000,Mail Overview,de_hm
695bb654-2a90-45a7-8068-1ac6e267de08,2026-04-13 00:29:58.000,Global Ory Login,de_hsge
c5e66c72-3a5e-4f59-8f34-7e567bb7ccb8,2026-04-12 15:47:32.000,Studie Modules,de_hszg
c5e66c72-3a5e-4f59-8f34-7e567bb7ccb8,2026-04-12 15:47:35.000,Grades Overview,de_hszg
51ec549b-cdf8-41db-b25d-53241f66c4e7,2026-04-13 00:30:07.000,Mail Overview,de_si
337e8443-5608-4e21-8c06-93b6aa70a966,2026-04-13 00:30:02.000,Cafeteria Detail,de_hsko
a3f426ad-fde6-44e2-be54-afa76f02a9f0,2026-04-13 00:30:10.000,Calendar Day View,de_hfwu
51ec549b-cdf8-41db-b25d-53241f66c4e7,2026-04-13 00:30:08.000,Feed,de_si
02ad68ad-4195-4dfc-9fd1-ffe977319647,2026-04-12 20:45:44.000,Studie Modules,de_hsmz
02ad68ad-4195-4dfc-9fd1-ffe977319647,2026-04-12 21:08:54.000,Studie Modules,de_hsmz
02ad68ad-4195-4dfc-9fd1-ffe977319647,2026-04-12 21:08:55.000,Generic Links Overview,de_hsmz
e53b9fbc-7069-4090-b1d1-a2e424b40d0b,2026-04-13 00:30:15.000,Feed,de_tucl
02ad68ad-4195-4dfc-9fd1-ffe977319647,2026-04-12 20:45:25.000,Studie Modules,de_hsmz
02ad68ad-4195-4dfc-9fd1-ffe977319647,2026-04-12 21:07:43.000,Generic Links Overview,de_hsmz
02ad68ad-4195-4dfc-9fd1-ffe977319647,2026-04-12 21:07:40.000,Studie Modules,de_hsmz
02ad68ad-4195-4dfc-9fd1-ffe977319647,2026-04-12 20:45:26.000,wallet,de_hsmz
02ad68ad-4195-4dfc-9fd1-ffe977319647,2026-04-12 20:45:50.000,Mail Overview,de_hsmz
a3f426ad-fde6-44e2-be54-afa76f02a9f0,2026-04-13 00:30:19.000,Calendar Day View,de_hfwu
a3f426ad-fde6-44e2-be54-afa76f02a9f0,2026-04-13 00:30:15.000,Schedule Color Chooser,de_hfwu
a3f426ad-fde6-44e2-be54-afa76f02a9f0,2026-04-13 00:30:16.000,Schedule Create,de_hfwu
a3f426ad-fde6-44e2-be54-afa76f02a9f0,2026-04-13 00:30:12.000,Schedule Create,de_hfwu
6e37bc7d-1187-45ad-8ec1-b89eedef6d1d,2026-04-13 00:30:19.000,Schedule Overview,de_pum
90c50748-1510-45e3-96b6-5fd6fd7103a5,2026-04-13 00:30:22.000,Mail Overview,de_fhef
6e37bc7d-1187-45ad-8ec1-b89eedef6d1d,2026-04-13 00:30:16.000,Feed,de_pum
4d66d9ef-3b5d-4cc1-b0e7-73bf29f7b52a,2026-04-13 00:30:24.000,Feed,de_hsmz
4d66d9ef-3b5d-4cc1-b0e7-73bf29f7b52a,2026-04-13 00:30:25.000,Cafeteria Overview,de_hsmz
4d66d9ef-3b5d-4cc1-b0e7-73bf29f7b52a,2026-04-13 00:30:20.000,wallet,de_hsmz
33cda772-f737-4110-bd5e-aca90d869263,2026-04-12 13:49:40.000,Global Ory Login,de_upb
33cda772-f737-4110-bd5e-aca90d869263,2026-04-12 23:59:36.000,Global Ory Login,de_upb
51ec549b-cdf8-41db-b25d-53241f66c4e7,2026-04-13 00:30:22.000,Studie Modules,de_si
a3f426ad-fde6-44e2-be54-afa76f02a9f0,2026-04-13 00:30:26.000,Schedule Create,de_hfwu
a3f426ad-fde6-44e2-be54-afa76f02a9f0,2026-04-13 00:30:25.000,Schedule Color Chooser,de_hfwu
a3f426ad-fde6-44e2-be54-afa76f02a9f0,2026-04-13 00:30:27.000,Calendar Day View,de_hfwu
a3f426ad-fde6-44e2-be54-afa76f02a9f0,2026-04-13 00:30:30.000,Calendar Month View,de_hfwu
a3f426ad-fde6-44e2-be54-afa76f02a9f0,2026-04-13 00:30:21.000,Schedule Create,de_hfwu
5d2fc5a2-601b-49d7-af77-a2984934d58f,2026-04-12 18:29:23.000,Studie Modules,de_thm
5d2fc5a2-601b-49d7-af77-a2984934d58f,2026-04-12 18:29:23.000,Grades Overview,de_thm
73cde6f3-fdc5-4fc9-9d77-52489ba168d3,2026-04-13 00:30:32.000,Mail Overview,de_jlug
75b4cf38-edc4-4431-8a2f-b6f1984b8645,2026-04-13 00:30:22.000,Studie Modules,de_hshb
75b4cf38-edc4-4431-8a2f-b6f1984b8645,2026-04-13 00:30:23.000,wallet,de_hshb
6e37bc7d-1187-45ad-8ec1-b89eedef6d1d,2026-04-13 00:30:32.000,Feed,de_pum
5608318e-6ab2-4065-a74c-72ac8caf47b9,2026-04-12 23:05:04.000,Studie Modules,de_hsge
1a7b3a8e-56d7-40f4-a90a-59fddd238604,2026-04-13 00:30:29.000,Generic Links Overview,de_bt
1a7b3a8e-56d7-40f4-a90a-59fddd238604,2026-04-13 00:30:27.000,Studie Modules,de_bt
4d66d9ef-3b5d-4cc1-b0e7-73bf29f7b52a,2026-04-13 00:30:33.000,Cafeteria Overview,de_hsmz
4d66d9ef-3b5d-4cc1-b0e7-73bf29f7b52a,2026-04-13 00:30:34.000,Feed,de_hsmz
4d66d9ef-3b5d-4cc1-b0e7-73bf29f7b52a,2026-04-13 00:30:35.000,Studie Modules,de_hsmz
4d66d9ef-3b5d-4cc1-b0e7-73bf29f7b52a,2026-04-13 00:30:36.000,Cafeteria Overview,de_hsmz
4d66d9ef-3b5d-4cc1-b0e7-73bf29f7b52a,2026-04-13 00:30:31.000,Cafeteria Detail,de_hsmz
51ec549b-cdf8-41db-b25d-53241f66c4e7,2026-04-13 00:30:27.000,Generic Links Overview,de_si
6e65e1da-1aa3-41e2-a01d-53c2b8b4a0d4,2026-04-13 00:30:30.000,Mail Overview,de_pum
6e65e1da-1aa3-41e2-a01d-53c2b8b4a0d4,2026-04-13 00:30:36.000,Feed,de_pum
a3f426ad-fde6-44e2-be54-afa76f02a9f0,2026-04-13 00:30:37.000,Schedule Create,de_hfwu
a3f426ad-fde6-44e2-be54-afa76f02a9f0,2026-04-13 00:30:33.000,Schedule Create,de_hfwu
a3f426ad-fde6-44e2-be54-afa76f02a9f0,2026-04-13 00:30:31.000,Calendar Day View,de_hfwu
a3f426ad-fde6-44e2-be54-afa76f02a9f0,2026-04-13 00:30:38.000,Calendar Day View,de_hfwu
a3f426ad-fde6-44e2-be54-afa76f02a9f0,2026-04-13 00:30:36.000,Schedule Color Chooser,de_hfwu
90e0fd63-fb54-4305-911a-3b685e6ce7b0,2026-04-12 20:13:08.000,Mail Overview,de_pum
068b67f1-29bc-4246-8dab-44b138aa3981,2026-04-13 00:30:38.000,Studie Modules,de_pum
068b67f1-29bc-4246-8dab-44b138aa3981,2026-04-13 00:30:35.000,Mail Overview,de_pum
068b67f1-29bc-4246-8dab-44b138aa3981,2026-04-13 00:30:40.000,Feed,de_pum
df9176d1-bae9-4578-a91c-82b2c7e63cec,2026-04-12 16:57:56.000,Mail Overview,de_hsko
4d66d9ef-3b5d-4cc1-b0e7-73bf29f7b52a,2026-04-13 00:30:38.000,Cafeteria Detail,de_hsmz
4d66d9ef-3b5d-4cc1-b0e7-73bf29f7b52a,2026-04-13 00:30:43.000,Cafeteria Overview,de_hsmz
3492c06a-eb25-49d6-8e9b-d7770df34376,2026-04-12 20:58:46.000,Global Ory Login,de_upb
4d66d9ef-3b5d-4cc1-b0e7-73bf29f7b52a,2026-04-13 00:30:46.000,Feed,de_hsmz
4d66d9ef-3b5d-4cc1-b0e7-73bf29f7b52a,2026-04-13 00:30:44.000,Studie Modules,de_hsmz
df9176d1-bae9-4578-a91c-82b2c7e63cec,2026-04-12 16:57:59.000,Mail Overview,de_hsko
df9176d1-bae9-4578-a91c-82b2c7e63cec,2026-04-12 16:57:56.000,Mail Detail,de_hsko
df9176d1-bae9-4578-a91c-82b2c7e63cec,2026-04-12 17:42:37.000,Studie Modules,de_hsko
df9176d1-bae9-4578-a91c-82b2c7e63cec,2026-04-12 17:42:37.000,Mail Overview,de_hsko
83c78ba5-a532-4307-9d14-254b5ff91478,2026-04-13 00:30:44.000,Feed,de_rwtha
83c78ba5-a532-4307-9d14-254b5ff91478,2026-04-13 00:30:44.000,Studie Modules,de_rwtha
83c78ba5-a532-4307-9d14-254b5ff91478,2026-04-13 00:30:37.000,Feed,de_rwtha
83c78ba5-a532-4307-9d14-254b5ff91478,2026-04-13 00:30:38.000,Studie Modules,de_rwtha
83c78ba5-a532-4307-9d14-254b5ff91478,2026-04-13 00:30:38.000,Mail Overview,de_rwtha
49e98289-7987-4a00-9f17-4a372880870e,2026-04-13 00:30:47.000,Feed,de_tuda
49e98289-7987-4a00-9f17-4a372880870e,2026-04-13 00:30:44.000,Studie Modules,de_tuda
a3f426ad-fde6-44e2-be54-afa76f02a9f0,2026-04-13 00:30:49.000,Schedule Create,de_hfwu
a3f426ad-fde6-44e2-be54-afa76f02a9f0,2026-04-13 00:30:44.000,Schedule Color Chooser,de_hfwu
a3f426ad-fde6-44e2-be54-afa76f02a9f0,2026-04-13 00:30:46.000,Calendar Day View,de_hfwu
90e0fd63-fb54-4305-911a-3b685e6ce7b0,2026-04-13 00:30:43.000,Mail Detail,de_pum
a3f426ad-fde6-44e2-be54-afa76f02a9f0,2026-04-13 00:30:45.000,Schedule Create,de_hfwu
a3f426ad-fde6-44e2-be54-afa76f02a9f0,2026-04-13 00:30:41.000,Schedule Create,de_hfwu
be4ee337-ea1c-4813-af92-5ded27242d17,2026-04-13 00:30:51.000,Cafeteria Detail,de_upb
4d66d9ef-3b5d-4cc1-b0e7-73bf29f7b52a,2026-04-13 00:30:47.000,Cafeteria Overview,de_hsmz
9fc11c5c-e9fb-4e0e-acde-e8d98c9d486e,2026-04-13 00:30:54.000,Feed,de_pum
49e98289-7987-4a00-9f17-4a372880870e,2026-04-13 00:30:53.000,Studie Modules,de_tuda
49e98289-7987-4a00-9f17-4a372880870e,2026-04-13 00:30:59.000,Calendar Day View,de_tuda
49e98289-7987-4a00-9f17-4a372880870e,2026-04-13 00:30:58.000,Schedule Setup,de_tuda
97122bf9-a964-4588-923f-ec0ef695fe3e,2026-04-12 13:23:49.000,Studie Modules,de_ua
a3f426ad-fde6-44e2-be54-afa76f02a9f0,2026-04-13 00:31:00.000,Calendar Month View,de_hfwu
a3f426ad-fde6-44e2-be54-afa76f02a9f0,2026-04-13 00:30:53.000,Schedule Create,de_hfwu
a3f426ad-fde6-44e2-be54-afa76f02a9f0,2026-04-13 00:30:52.000,Schedule Color Chooser,de_hfwu
a3f426ad-fde6-44e2-be54-afa76f02a9f0,2026-04-13 00:30:58.000,Calendar List View,de_hfwu
a3f426ad-fde6-44e2-be54-afa76f02a9f0,2026-04-13 00:30:57.000,Calendar Day View,de_hfwu
09f31891-90ec-4c4c-a396-01a3f3ed8081,2026-04-12 14:06:11.000,Studie Modules,de_hsaa
09f31891-90ec-4c4c-a396-01a3f3ed8081,2026-04-12 16:59:34.000,Studie Modules,de_hsaa
09f31891-90ec-4c4c-a396-01a3f3ed8081,2026-04-12 14:06:11.000,Mail Overview,de_hsaa
09f31891-90ec-4c4c-a396-01a3f3ed8081,2026-04-12 16:59:38.000,Studie Modules,de_hsaa
09f31891-90ec-4c4c-a396-01a3f3ed8081,2026-04-12 16:59:35.000,Mail Overview,de_hsaa
3728ea84-efe9-4377-9023-82b3f29a17c8,2026-04-13 00:31:02.000,Feed,de_hslu
6007cbc3-37b8-4ca3-8ba1-1b32e0d6328a,2026-04-12 18:30:48.000,Feed,de_dhbws
3728ea84-efe9-4377-9023-82b3f29a17c8,2026-04-13 00:31:02.000,Calendar Day View,de_hslu
3728ea84-efe9-4377-9023-82b3f29a17c8,2026-04-13 00:31:00.000,Feed Detail,de_hslu
73e42e8b-3bb7-4419-a106-d6947778abd8,2026-04-12 09:59:30.000,Mail Overview,de_fhswf
73e42e8b-3bb7-4419-a106-d6947778abd8,2026-04-12 10:00:16.000,Studie Modules,de_fhswf
73e42e8b-3bb7-4419-a106-d6947778abd8,2026-04-12 10:00:17.000,Mail Overview,de_fhswf
73e42e8b-3bb7-4419-a106-d6947778abd8,2026-04-12 09:59:24.000,Mail Overview,de_fhswf
73e42e8b-3bb7-4419-a106-d6947778abd8,2026-04-12 09:59:26.000,Mail Detail,de_fhswf
73e42e8b-3bb7-4419-a106-d6947778abd8,2026-04-12 09:59:23.000,Studie Modules,de_fhswf
73e42e8b-3bb7-4419-a106-d6947778abd8,2026-04-12 10:00:19.000,Mail Detail,de_fhswf
03bfab4a-b15c-4a82-a41d-f6ad333c92e6,2026-04-12 23:49:42.000,Mail Overview,de_hspf
9fc11c5c-e9fb-4e0e-acde-e8d98c9d486e,2026-04-13 00:31:03.000,Feed Shortcuts List,de_pum
45bdc8dc-2c6e-48e5-8d92-178d9a903390,2026-04-13 00:30:59.000,Mail Overview,de_hsko
49e98289-7987-4a00-9f17-4a372880870e,2026-04-13 00:31:09.000,Feed,de_tuda
49e98289-7987-4a00-9f17-4a372880870e,2026-04-13 00:31:08.000,Studie Modules,de_tuda
0688ddfd-6bc3-4738-abf7-60ce4a11c4b2,2026-04-13 00:31:08.000,Mail Overview,de_thdeg
7547cd7d-cf03-4d43-abfb-7668c5437997,2026-04-12 07:58:04.000,Mail Overview,de_jlug
a3f426ad-fde6-44e2-be54-afa76f02a9f0,2026-04-13 00:31:09.000,Calendar Day View,de_hfwu
a3f426ad-fde6-44e2-be54-afa76f02a9f0,2026-04-13 00:31:07.000,Schedule Color Chooser,de_hfwu
35f35f1b-8cb1-42ca-bb67-b28adb06755f,2026-04-13 00:31:05.000,Feed,de_pum
a3f426ad-fde6-44e2-be54-afa76f02a9f0,2026-04-13 00:31:03.000,Schedule Create,de_hfwu
a3f426ad-fde6-44e2-be54-afa76f02a9f0,2026-04-13 00:31:01.000,Calendar Day View,de_hfwu
35f35f1b-8cb1-42ca-bb67-b28adb06755f,2026-04-13 00:31:03.000,wallet,de_pum
a3f426ad-fde6-44e2-be54-afa76f02a9f0,2026-04-13 00:31:08.000,Schedule Create,de_hfwu
35f35f1b-8cb1-42ca-bb67-b28adb06755f,2026-04-13 00:31:05.000,Mail Overview,de_pum
bddcbb06-ad74-49b3-88fa-9016c67e3784,2026-04-13 00:31:07.000,Authenticator,de_pum
bddcbb06-ad74-49b3-88fa-9016c67e3784,2026-04-13 00:31:05.000,Studie Modules,de_pum
74517739-5079-4f7c-8811-5454adf751a6,2026-04-12 18:00:57.000,Studie Modules,de_pum
74517739-5079-4f7c-8811-5454adf751a6,2026-04-13 00:31:10.000,Mail Overview,de_pum
74517739-5079-4f7c-8811-5454adf751a6,2026-04-13 00:31:08.000,Studie Modules,de_pum
1695b6e5-2ee6-4583-aa59-dacb944dcb64,2026-04-12 23:00:55.000,Global Ory Login,de_thbi
bb98fd33-e971-4291-a3a7-4eeb0616a720,2026-04-12 16:20:49.000,Studie Modules,de_hshl
bb98fd33-e971-4291-a3a7-4eeb0616a720,2026-04-12 21:03:40.000,Mail Overview,de_hshl
74517739-5079-4f7c-8811-5454adf751a6,2026-04-12 18:00:54.000,Mail Overview,de_pum
bb98fd33-e971-4291-a3a7-4eeb0616a720,2026-04-12 21:03:39.000,Studie Modules,de_hshl
74517739-5079-4f7c-8811-5454adf751a6,2026-04-12 18:00:58.000,Feed,de_pum
1695b6e5-2ee6-4583-aa59-dacb944dcb64,2026-04-12 22:19:06.000,Global Ory Login,de_thbi
bb98fd33-e971-4291-a3a7-4eeb0616a720,2026-04-12 21:03:43.000,Mail Detail,de_hshl
bb98fd33-e971-4291-a3a7-4eeb0616a720,2026-04-12 21:03:44.000,Mail Overview,de_hshl
2ffaabd1-0f8c-45be-95a8-7172836905f1,2026-04-13 00:31:11.000,Mail Detail,de_pum
73e42e8b-3bb7-4419-a106-d6947778abd8,2026-04-13 00:29:52.000,Mail Overview,de_fhswf
b2b2885c-5acd-42db-b448-349a90eb062d,2026-04-13 00:31:15.000,Studie Modules,de_hsmz
73e42e8b-3bb7-4419-a106-d6947778abd8,2026-04-13 00:29:50.000,Studie Modules,de_fhswf
2ffaabd1-0f8c-45be-95a8-7172836905f1,2026-04-13 00:31:08.000,Mail Overview,de_pum
2ffaabd1-0f8c-45be-95a8-7172836905f1,2026-04-13 00:31:13.000,Mail Overview,de_pum
2ffaabd1-0f8c-45be-95a8-7172836905f1,2026-04-13 00:31:14.000,Mail Detail,de_pum
90c50748-1510-45e3-96b6-5fd6fd7103a5,2026-04-13 00:31:14.000,Mail Detail,de_fhef
9fc11c5c-e9fb-4e0e-acde-e8d98c9d486e,2026-04-13 00:31:14.000,Feed,de_pum
827806ca-5871-4a21-b6bf-9039109e2b66,2026-04-13 00:31:16.000,Calendar Day View,de_ush
0688ddfd-6bc3-4738-abf7-60ce4a11c4b2,2026-04-13 00:31:17.000,Mail Overview,de_thdeg
0688ddfd-6bc3-4738-abf7-60ce4a11c4b2,2026-04-13 00:31:10.000,Mail Detail,de_thdeg
be4ee337-ea1c-4813-af92-5ded27242d17,2026-04-13 00:31:18.000,Feed,de_upb
827806ca-5871-4a21-b6bf-9039109e2b66,2026-04-13 00:31:11.000,Schedule Detail,de_ush
56168afd-e6a7-47ee-a665-a0fcc220a895,2026-04-12 22:39:33.000,Mail Overview,de_hslu
130c736f-4668-43c2-8ba4-a933c99310e5,2026-04-12 13:32:38.000,Mail Overview,de_jlug
a3f426ad-fde6-44e2-be54-afa76f02a9f0,2026-04-13 00:31:11.000,Calendar Month View,de_hfwu
c5926bc4-fba0-4e49-b5c7-cc39508835b6,2026-04-13 00:27:30.000,Studie Modules,de_ovgu
c5926bc4-fba0-4e49-b5c7-cc39508835b6,2026-04-13 00:27:32.000,Mail Overview,de_ovgu
2ffaabd1-0f8c-45be-95a8-7172836905f1,2026-04-13 00:31:20.000,Mail Overview,de_pum
b2b2885c-5acd-42db-b448-349a90eb062d,2026-04-13 00:31:18.000,Generic Links Overview,de_hsmz
9d49fd43-1ea8-4a57-a276-a35c0b903f0a,2026-04-12 19:55:52.000,Mail Overview,de_ush
be4ee337-ea1c-4813-af92-5ded27242d17,2026-04-13 00:31:24.000,wallet,de_upb
49e98289-7987-4a00-9f17-4a372880870e,2026-04-13 00:31:23.000,Feed,de_tuda
49e98289-7987-4a00-9f17-4a372880870e,2026-04-13 00:31:20.000,Career Onboarding,de_tuda
49e98289-7987-4a00-9f17-4a372880870e,2026-04-13 00:31:24.000,Settings Overview,de_tuda
a3f426ad-fde6-44e2-be54-afa76f02a9f0,2026-04-13 00:31:31.000,Calendar Day View,de_hfwu
a3f426ad-fde6-44e2-be54-afa76f02a9f0,2026-04-13 00:31:26.000,Calendar Day View,de_hfwu
a3f426ad-fde6-44e2-be54-afa76f02a9f0,2026-04-13 00:31:27.000,Schedule Detail,de_hfwu
6a3c9ded-eba3-4831-a952-7b09e1a2bc24,2026-04-13 00:31:29.000,Mail Overview,de_ua
6a3c9ded-eba3-4831-a952-7b09e1a2bc24,2026-04-13 00:31:29.000,Feed,de_ua
6a3c9ded-eba3-4831-a952-7b09e1a2bc24,2026-04-13 00:31:30.000,Mail Overview,de_ua
c5926bc4-fba0-4e49-b5c7-cc39508835b6,2026-04-13 00:31:29.000,Mail Overview,de_ovgu
c5926bc4-fba0-4e49-b5c7-cc39508835b6,2026-04-13 00:31:27.000,Studie Modules,de_ovgu
4c821f4d-0790-4365-8a28-1baafe32e491,2026-04-12 08:59:06.000,Mail Overview,de_ks
4c821f4d-0790-4365-8a28-1baafe32e491,2026-04-12 17:50:29.000,Mail Overview,de_ks
4c821f4d-0790-4365-8a28-1baafe32e491,2026-04-12 17:50:29.000,Studie Modules,de_ks
4c821f4d-0790-4365-8a28-1baafe32e491,2026-04-12 08:59:05.000,Studie Modules,de_ks
2ffaabd1-0f8c-45be-95a8-7172836905f1,2026-04-13 00:31:33.000,Mail Detail,de_pum
4da17dd0-747e-49af-ad83-3540baddea9e,2026-04-12 22:23:20.000,Cafeteria Detail,de_fhms
4da17dd0-747e-49af-ad83-3540baddea9e,2026-04-12 22:23:17.000,Cafeteria Overview,de_fhms
af442246-6d84-4e27-b96f-d701f01620d0,2026-04-13 00:31:37.000,Authenticator,de_pum
af442246-6d84-4e27-b96f-d701f01620d0,2026-04-13 00:31:33.000,Studie Modules,de_pum
15ed0aae-a6ba-4fca-a3f0-8aaca36313d7,2026-04-12 20:11:56.000,Studie Modules,de_jlug
be4ee337-ea1c-4813-af92-5ded27242d17,2026-04-13 00:31:39.000,Feed,de_upb
af442246-6d84-4e27-b96f-d701f01620d0,2026-04-13 00:31:36.000,Studie Modules,de_pum
af442246-6d84-4e27-b96f-d701f01620d0,2026-04-13 00:31:34.000,Mail Overview,de_pum
3492c06a-eb25-49d6-8e9b-d7770df34376,2026-04-12 20:58:47.000,Global Ory Login,de_upb
a3f426ad-fde6-44e2-be54-afa76f02a9f0,2026-04-13 00:31:33.000,Calendar Month View,de_hfwu
49e98289-7987-4a00-9f17-4a372880870e,2026-04-13 00:31:40.000,Studie Modules,de_tuda
9bbdc48d-43df-4dc8-b417-ae2da5fbf80a,2026-04-13 00:31:30.000,External Login Expired,de_tuda
3a5ff574-24a8-40cc-95af-c31c0ea8960c,2026-04-13 00:31:41.000,Mail Overview,de_bt
71c46892-b1ad-45c0-96ab-2192d0d60879,2026-04-13 00:05:03.000,Studie Modules,de_ua
3a5ff574-24a8-40cc-95af-c31c0ea8960c,2026-04-13 00:31:40.000,Studie Modules,de_bt
71c46892-b1ad-45c0-96ab-2192d0d60879,2026-04-13 00:05:04.000,Mail Overview,de_ua
88312ddd-edfb-46ef-8ef0-68759eaf2c45,2026-04-13 00:31:34.000,Study Field Onboarding,de_si
2ffaabd1-0f8c-45be-95a8-7172836905f1,2026-04-13 00:31:45.000,Mail Detail,de_pum
2ffaabd1-0f8c-45be-95a8-7172836905f1,2026-04-13 00:31:41.000,Mail Overview,de_pum
06761d1d-9221-428c-b7b4-3e3f7442c94b,2026-04-12 22:13:00.000,Studie Modules,de_thbi
20289ae8-b46c-418c-ae6e-c9e0885271a4,2026-04-13 00:31:42.000,Mail Overview,de_fhwo
06761d1d-9221-428c-b7b4-3e3f7442c94b,2026-04-12 22:13:01.000,Feed,de_thbi
20289ae8-b46c-418c-ae6e-c9e0885271a4,2026-04-13 00:31:47.000,Mail Detail,de_fhwo
be4ee337-ea1c-4813-af92-5ded27242d17,2026-04-13 00:31:48.000,Career Job V2,de_upb
49e98289-7987-4a00-9f17-4a372880870e,2026-04-13 00:31:52.000,Todo,de_tuda
443e151b-1ad4-4cc7-9e27-172b5d160f46,2026-04-13 00:31:44.000,Mail Overview,de_jlug
763224a3-a833-4686-822a-1a15ed5feb9e,2026-04-13 00:31:48.000,Studie Modules,de_bt
763224a3-a833-4686-822a-1a15ed5feb9e,2026-04-13 00:31:47.000,Mail Overview,de_bt
763224a3-a833-4686-822a-1a15ed5feb9e,2026-04-13 00:31:46.000,Studie Modules,de_bt
763224a3-a833-4686-822a-1a15ed5feb9e,2026-04-13 00:31:53.000,Generic Links Overview,de_bt
2ffaabd1-0f8c-45be-95a8-7172836905f1,2026-04-13 00:31:57.000,Mail Overview,de_pum
9fc11c5c-e9fb-4e0e-acde-e8d98c9d486e,2026-04-13 00:31:58.000,Career Onboarding,de_pum
5875030b-d288-486b-a9e6-1e9e998366ba,2026-04-13 00:31:48.000,Mail Overview,de_hnee
5875030b-d288-486b-a9e6-1e9e998366ba,2026-04-13 00:31:52.000,Mail Detail,de_hnee
9040fc7b-3d42-4938-a03e-40e557e8f3f8,2026-04-12 15:41:52.000,Career Main,de_ua
be4ee337-ea1c-4813-af92-5ded27242d17,2026-04-13 00:31:50.000,Feed,de_upb
49e98289-7987-4a00-9f17-4a372880870e,2026-04-13 00:31:54.000,Studie Modules,de_tuda
49e98289-7987-4a00-9f17-4a372880870e,2026-04-13 00:31:59.000,Authenticator,de_tuda
61ad659c-f096-4277-a7bf-ac1aa48cede0,2026-04-12 11:50:23.000,Mail Overview,de_jlug
9bfa07bc-3ee4-4ab5-8139-fec512daafbf,2026-04-13 00:31:56.000,Mail Overview,de_hm
9bfa07bc-3ee4-4ab5-8139-fec512daafbf,2026-04-12 22:23:21.000,Feed,de_hm
9bfa07bc-3ee4-4ab5-8139-fec512daafbf,2026-04-12 22:23:18.000,Feed,de_hm
9bfa07bc-3ee4-4ab5-8139-fec512daafbf,2026-04-12 22:23:17.000,Mail Overview,de_hm
9bfa07bc-3ee4-4ab5-8139-fec512daafbf,2026-04-12 22:23:20.000,Mail Overview,de_hm
2ffaabd1-0f8c-45be-95a8-7172836905f1,2026-04-13 00:32:04.000,Mail Overview,de_pum
2ffaabd1-0f8c-45be-95a8-7172836905f1,2026-04-13 00:31:59.000,Mail Detail,de_pum
4019965d-1cf5-485a-a8f2-8941d9939c84,2026-04-13 00:32:07.000,Mail Overview,de_hsda
4019965d-1cf5-485a-a8f2-8941d9939c84,2026-04-13 00:32:04.000,Mail Detail,de_hsda
9fc11c5c-e9fb-4e0e-acde-e8d98c9d486e,2026-04-13 00:32:04.000,Settings Accounts,de_pum
9fc11c5c-e9fb-4e0e-acde-e8d98c9d486e,2026-04-13 00:32:02.000,Settings Overview,de_pum
9fc11c5c-e9fb-4e0e-acde-e8d98c9d486e,2026-04-13 00:32:00.000,Feed,de_pum
50fa070e-78c4-4370-b641-02c4f7468462,2026-04-13 00:32:09.000,wallet,de_hsge
be4ee337-ea1c-4813-af92-5ded27242d17,2026-04-13 00:32:09.000,Studie Modules,de_upb
be4ee337-ea1c-4813-af92-5ded27242d17,2026-04-13 00:32:06.000,Cafeteria Overview,de_upb
be4ee337-ea1c-4813-af92-5ded27242d17,2026-04-13 00:32:04.000,Studie Modules,de_upb
be4ee337-ea1c-4813-af92-5ded27242d17,2026-04-13 00:32:03.000,wallet,de_upb
be4ee337-ea1c-4813-af92-5ded27242d17,2026-04-13 00:32:01.000,Studie Modules,de_upb
754049f9-d122-4b73-a09b-0dc6ce27ab75,2026-04-13 00:31:59.000,External Login Expired,de_hm
49e98289-7987-4a00-9f17-4a372880870e,2026-04-13 00:32:03.000,Studie Modules,de_tuda
49e98289-7987-4a00-9f17-4a372880870e,2026-04-13 00:32:05.000,Generic Links Overview,de_tuda
49e98289-7987-4a00-9f17-4a372880870e,2026-04-13 00:32:10.000,Studie Modules,de_tuda
d4621eee-0ae9-4631-b738-a5c13693c1d2,2026-04-12 10:01:54.000,Studie Modules,de_si
d4621eee-0ae9-4631-b738-a5c13693c1d2,2026-04-13 00:32:14.000,Studie Modules,de_si
d4621eee-0ae9-4631-b738-a5c13693c1d2,2026-04-11 14:19:37.000,Mail Overview,de_si
d4621eee-0ae9-4631-b738-a5c13693c1d2,2026-04-12 10:01:55.000,Mail Overview,de_si
9bfa07bc-3ee4-4ab5-8139-fec512daafbf,2026-04-13 00:32:11.000,Mail Detail,de_hm
2ffaabd1-0f8c-45be-95a8-7172836905f1,2026-04-13 00:32:10.000,Mail Overview,de_pum
2ffaabd1-0f8c-45be-95a8-7172836905f1,2026-04-13 00:32:13.000,Mail Overview,de_pum
2ffaabd1-0f8c-45be-95a8-7172836905f1,2026-04-13 00:32:12.000,Mail Detail,de_pum
2ffaabd1-0f8c-45be-95a8-7172836905f1,2026-04-13 00:32:08.000,Mail Detail,de_pum
dce1dd48-789d-4aa6-8da3-a30d0f9ac5e6,2026-04-12 14:05:01.000,Studie Modules,de_pum
dce1dd48-789d-4aa6-8da3-a30d0f9ac5e6,2026-04-12 14:46:18.000,Studie Modules,de_pum
dce1dd48-789d-4aa6-8da3-a30d0f9ac5e6,2026-04-12 14:46:18.000,Authenticator,de_pum
9fc11c5c-e9fb-4e0e-acde-e8d98c9d486e,2026-04-13 00:32:14.000,Uninow Account Informations Modal,de_pum
4019965d-1cf5-485a-a8f2-8941d9939c84,2026-04-13 00:32:09.000,Mail Write,de_hsda
dce1dd48-789d-4aa6-8da3-a30d0f9ac5e6,2026-04-12 14:05:02.000,Authenticator,de_pum
5875030b-d288-486b-a9e6-1e9e998366ba,2026-04-13 00:32:18.000,Mail Overview,de_hnee
be4ee337-ea1c-4813-af92-5ded27242d17,2026-04-13 00:32:13.000,Studie Modules,de_upb
be4ee337-ea1c-4813-af92-5ded27242d17,2026-04-13 00:32:12.000,Todo,de_upb
be4ee337-ea1c-4813-af92-5ded27242d17,2026-04-13 00:32:11.000,Studie Modules,de_upb
be4ee337-ea1c-4813-af92-5ded27242d17,2026-04-13 00:32:10.000,Calendar Day View,de_upb
be4ee337-ea1c-4813-af92-5ded27242d17,2026-04-13 00:32:19.000,Auditories,de_upb
be4ee337-ea1c-4813-af92-5ded27242d17,2026-04-13 00:32:17.000,Studie Modules,de_upb
be4ee337-ea1c-4813-af92-5ded27242d17,2026-04-13 00:32:14.000,Mail Overview,de_upb
0daa7462-f7ec-4c2e-9d9f-f80558ce125d,2026-04-13 00:32:15.000,Mail Detail,de_ush
d4621eee-0ae9-4631-b738-a5c13693c1d2,2026-04-13 00:32:14.000,Mail Overview,de_si
d4621eee-0ae9-4631-b738-a5c13693c1d2,2026-04-13 00:32:17.000,Mail Detail,de_si
754049f9-d122-4b73-a09b-0dc6ce27ab75,2026-04-13 00:32:24.000,Feed,de_hm
44476244-0d61-4533-8bf8-bd29a5dc4059,2026-04-13 00:32:21.000,Authenticator,de_pum
44476244-0d61-4533-8bf8-bd29a5dc4059,2026-04-13 00:32:20.000,Studie Modules,de_pum
2ffaabd1-0f8c-45be-95a8-7172836905f1,2026-04-13 00:32:19.000,Feed,de_pum
2ffaabd1-0f8c-45be-95a8-7172836905f1,2026-04-13 00:32:24.000,wallet,de_pum
9fc11c5c-e9fb-4e0e-acde-e8d98c9d486e,2026-04-13 00:32:28.000,Settings Overview,de_pum
9fc11c5c-e9fb-4e0e-acde-e8d98c9d486e,2026-04-13 00:32:26.000,Settings Accounts,de_pum
e903c7c4-1502-414a-884f-04976466332f,2026-04-12 17:01:39.000,Mail Overview,de_hslu
be4ee337-ea1c-4813-af92-5ded27242d17,2026-04-13 00:32:22.000,Studie Modules,de_upb
0ba96d91-6f93-4006-a34b-de2df9a8d4a3,2026-04-13 00:32:27.000,Mail Overview,de_pum
015b768e-a641-4b73-9524-2de22b73df53,2026-04-13 00:32:20.000,Study Field Onboarding,de_si
015b768e-a641-4b73-9524-2de22b73df53,2026-04-12 22:56:04.000,Feed,de_si
754049f9-d122-4b73-a09b-0dc6ce27ab75,2026-04-13 00:32:32.000,Mail Detail,de_hm
ac3246d6-0e72-47b4-af42-3a21f2596709,2026-04-12 19:41:27.000,Studie Modules,de_pum
754049f9-d122-4b73-a09b-0dc6ce27ab75,2026-04-13 00:32:26.000,Mail Overview,de_hm
ac3246d6-0e72-47b4-af42-3a21f2596709,2026-04-12 19:41:26.000,Cafeteria Overview,de_pum
ac3246d6-0e72-47b4-af42-3a21f2596709,2026-04-12 19:41:28.000,Mail Overview,de_pum
754049f9-d122-4b73-a09b-0dc6ce27ab75,2026-04-13 00:32:30.000,Mail Detail,de_hm
754049f9-d122-4b73-a09b-0dc6ce27ab75,2026-04-13 00:32:31.000,Mail Overview,de_hm
2ffaabd1-0f8c-45be-95a8-7172836905f1,2026-04-13 00:32:31.000,Feed,de_pum
8686bd4f-7bda-437c-b87a-eccd3a18af2d,2026-04-12 23:48:12.000,Studie Modules,de_phlb
8686bd4f-7bda-437c-b87a-eccd3a18af2d,2026-04-12 23:48:13.000,Mail Overview,de_phlb
2ffaabd1-0f8c-45be-95a8-7172836905f1,2026-04-13 00:32:36.000,Settings Overview,de_pum
9fc11c5c-e9fb-4e0e-acde-e8d98c9d486e,2026-04-13 00:32:35.000,Settings Help Detail,de_pum
9fc11c5c-e9fb-4e0e-acde-e8d98c9d486e,2026-04-13 00:32:33.000,Settings Help Overview,de_pum
3a0b39ef-b247-49c8-812c-a5fd8d0be3ab,2026-04-12 20:22:07.000,Studie Modules,de_hspf
3a0b39ef-b247-49c8-812c-a5fd8d0be3ab,2026-04-12 20:22:08.000,Cafeteria Overview,de_hspf
3a0b39ef-b247-49c8-812c-a5fd8d0be3ab,2026-04-12 20:22:08.000,Cafeteria Detail,de_hspf
3a0b39ef-b247-49c8-812c-a5fd8d0be3ab,2026-04-12 20:22:10.000,Cafeteria Overview,de_hspf
2ffaabd1-0f8c-45be-95a8-7172836905f1,2026-04-13 00:32:42.000,Studie Modules,de_pum
2ffaabd1-0f8c-45be-95a8-7172836905f1,2026-04-13 00:32:42.000,Settings Overview,de_pum
2ffaabd1-0f8c-45be-95a8-7172836905f1,2026-04-13 00:32:40.000,Career Onboarding,de_pum
2ffaabd1-0f8c-45be-95a8-7172836905f1,2026-04-13 00:32:45.000,Links,de_pum
9fc11c5c-e9fb-4e0e-acde-e8d98c9d486e,2026-04-13 00:32:39.000,Settings Answer,de_pum
8686bd4f-7bda-437c-b87a-eccd3a18af2d,2026-04-13 00:32:40.000,Grades Overview,de_phlb
8686bd4f-7bda-437c-b87a-eccd3a18af2d,2026-04-13 00:32:38.000,Studie Modules,de_phlb
414f334e-f1c5-4a55-b554-b74c6e3fbc6b,2026-04-12 21:08:33.000,Mail Overview,de_jlug
afecb237-d9ef-4e62-abb6-126a6454fb4f,2026-04-13 00:32:51.000,Studie Modules,de_hm
854890ef-82b0-4d32-a7a1-5e862dc21f0c,2026-04-13 00:32:47.000,Mail Overview,de_hnee
854890ef-82b0-4d32-a7a1-5e862dc21f0c,2026-04-13 00:32:47.000,Feed,de_hnee
854890ef-82b0-4d32-a7a1-5e862dc21f0c,2026-04-13 00:32:42.000,Mail Overview,de_hnee
7c8d05e3-d178-43d6-a116-12fe1da0c417,2026-04-12 22:05:47.000,Studie Modules,de_hsfb
7c8d05e3-d178-43d6-a116-12fe1da0c417,2026-04-12 22:05:48.000,Mail Overview,de_hsfb
9fc11c5c-e9fb-4e0e-acde-e8d98c9d486e,2026-04-13 00:32:56.000,Settings Answer,de_pum
9fc11c5c-e9fb-4e0e-acde-e8d98c9d486e,2026-04-13 00:32:52.000,Settings Help Detail,de_pum
6f3327a6-cc9f-46ca-bc2d-fe0976d013a7,2026-04-13 00:32:50.000,Cafeteria Overview,de_pum
43ffe75f-7eef-47d7-85d3-45924161c1a6,2026-04-13 00:32:58.000,Studie Modules,de_hdm
43ffe75f-7eef-47d7-85d3-45924161c1a6,2026-04-13 00:32:58.000,Mail Overview,de_hdm
efd87810-6104-40c7-a3ef-6e59bb2b0469,2026-04-12 20:06:57.000,Authenticator,de_pum
efd87810-6104-40c7-a3ef-6e59bb2b0469,2026-04-12 20:06:56.000,Studie Modules,de_pum
b8a6557b-f94f-4f23-848d-7378669761dc,2026-04-13 00:32:58.000,Settings Overview,de_pum
b8a6557b-f94f-4f23-848d-7378669761dc,2026-04-13 00:33:07.000,Feed,de_pum
1d2e0ce0-20e7-4605-88b5-04766b10e03f,2026-04-12 20:44:49.000,Authenticator,de_pum
d54203ef-3828-4418-baf7-a68a0ae8e708,2026-04-13 00:17:58.000,Calendar Day View,de_si
d54203ef-3828-4418-baf7-a68a0ae8e708,2026-04-13 00:17:59.000,Calendar Week View,de_si
1d2e0ce0-20e7-4605-88b5-04766b10e03f,2026-04-12 20:44:48.000,Studie Modules,de_pum
ab09688d-d613-458e-bb85-d6472ff8368d,2026-04-12 13:04:47.000,Mail Detail,de_ks
827806ca-5871-4a21-b6bf-9039109e2b66,2026-04-13 00:33:05.000,Cafeteria Overview,de_ush
827806ca-5871-4a21-b6bf-9039109e2b66,2026-04-13 00:33:04.000,Feed,de_ush
ce7a480d-aded-4c01-940b-b12bdda25e99,2026-04-13 00:33:06.000,Mail Detail,de_pum
d8d3dd05-531b-4649-bd4a-8a7bcf724ca8,2026-04-12 11:17:49.000,Settings Overview,de_pum
ce7a480d-aded-4c01-940b-b12bdda25e99,2026-04-13 00:33:01.000,Mail Overview,de_pum
d4621eee-0ae9-4631-b738-a5c13693c1d2,2026-04-13 00:33:11.000,Mail Overview,de_si
9fc11c5c-e9fb-4e0e-acde-e8d98c9d486e,2026-04-13 00:33:13.000,Settings Help Detail,de_pum
3fdf6547-60bf-43e4-95f5-2e705b643e6f,2026-04-12 22:30:44.000,Feed,de_hsfd
b8a6557b-f94f-4f23-848d-7378669761dc,2026-04-13 00:33:14.000,Authenticator Scan,de_pum
b8a6557b-f94f-4f23-848d-7378669761dc,2026-04-13 00:33:12.000,Authenticator,de_pum
8ff03c4d-c822-459b-9acb-cb1a1df2ba19,2026-04-12 12:43:58.000,Studie Modules,de_bt
8ff03c4d-c822-459b-9acb-cb1a1df2ba19,2026-04-13 00:33:15.000,Studie Modules,de_bt
8ff03c4d-c822-459b-9acb-cb1a1df2ba19,2026-04-13 00:33:16.000,Mail Overview,de_bt
ce7a480d-aded-4c01-940b-b12bdda25e99,2026-04-13 00:33:14.000,Mail Overview,de_pum
ce7a480d-aded-4c01-940b-b12bdda25e99,2026-04-13 00:33:17.000,Mail Detail,de_pum
5f3899a4-fbe0-44f9-bed6-68db8d6635e3,2026-04-13 00:33:16.000,Studie Modules,de_pum
d4621eee-0ae9-4631-b738-a5c13693c1d2,2026-04-13 00:33:12.000,Mail Detail,de_si
5f3899a4-fbe0-44f9-bed6-68db8d6635e3,2026-04-13 00:33:15.000,Feed,de_pum
5f3899a4-fbe0-44f9-bed6-68db8d6635e3,2026-04-13 00:33:18.000,Authenticator,de_pum
9fc11c5c-e9fb-4e0e-acde-e8d98c9d486e,2026-04-13 00:33:17.000,Settings Overview,de_pum
9fc11c5c-e9fb-4e0e-acde-e8d98c9d486e,2026-04-13 00:33:14.000,Settings Help Overview,de_pum
8af8a058-8e85-4289-8d3e-67ebb2864eb8,2026-04-12 15:18:39.000,Grades With API Overview,de_hsm
8af8a058-8e85-4289-8d3e-67ebb2864eb8,2026-04-12 15:18:36.000,Grades With API Detail,de_hsm
cc29d631-11f4-40d3-bc1d-5d63d70970ee,2026-04-13 00:33:15.000,Career Onboarding,de_fhswf
52b3d598-dd93-480c-a93c-2f27f95ef4b3,2026-04-12 21:32:01.000,Global Ory Login,de_hszg
b8a6557b-f94f-4f23-848d-7378669761dc,2026-04-13 00:33:19.000,Authenticator,de_pum
50fa070e-78c4-4370-b641-02c4f7468462,2026-04-13 00:33:29.000,Feed,de_hsge
e8fe72d9-ac4a-4104-b394-ba7ff79bfe2a,2026-04-12 23:54:19.000,External Login Expired,de_tuda
e8fe72d9-ac4a-4104-b394-ba7ff79bfe2a,2026-04-13 00:24:25.000,External Login Expired,de_tuda
3e3ceafb-5776-4799-ab3b-a80b58e0bb44,2026-04-13 00:24:06.000,Calendar Week View,de_phlb
3e3ceafb-5776-4799-ab3b-a80b58e0bb44,2026-04-13 00:24:04.000,Schedule Detail,de_phlb
d6789fe9-d597-4856-9eff-ee5b5db2fc17,2026-04-13 00:33:24.000,Mail Overview,de_jlug
9fc11c5c-e9fb-4e0e-acde-e8d98c9d486e,2026-04-13 00:33:25.000,Studie Modules,de_pum
9fc11c5c-e9fb-4e0e-acde-e8d98c9d486e,2026-04-13 00:33:28.000,Schedule Overview,de_pum
ce7a480d-aded-4c01-940b-b12bdda25e99,2026-04-13 00:33:34.000,Mail Overview,de_pum
154029b1-b655-4337-b36a-1316d19ed340,2026-04-12 21:06:26.000,Mail Overview,de_hsa
0ba96d91-6f93-4006-a34b-de2df9a8d4a3,2026-04-13 00:33:40.000,Mail Detail,de_pum
4e2f3c27-8318-4897-8fc7-6d61df1bbdb4,2026-04-13 00:33:31.000,External Login Expired,de_tuda
3b4507dc-8ae8-40cb-be44-a6609c2aa11e,2026-04-12 10:40:04.000,Studie Modules,de_hsm
33ae4010-793c-4f88-8682-7e8573b911ce,2026-04-12 22:53:35.000,Studie Modules,de_kuei
3b4507dc-8ae8-40cb-be44-a6609c2aa11e,2026-04-12 10:40:05.000,Mail Overview,de_hsm
ce7a480d-aded-4c01-940b-b12bdda25e99,2026-04-13 00:33:43.000,Generic Links Overview,de_pum
33ae4010-793c-4f88-8682-7e8573b911ce,2026-04-12 22:53:35.000,Mail Overview,de_kuei
0daa7462-f7ec-4c2e-9d9f-f80558ce125d,2026-04-13 00:33:43.000,Mail Overview,de_ush
33ae4010-793c-4f88-8682-7e8573b911ce,2026-04-13 00:33:43.000,Studie Modules,de_kuei
ce7a480d-aded-4c01-940b-b12bdda25e99,2026-04-13 00:33:36.000,Studie Modules,de_pum
ce7a480d-aded-4c01-940b-b12bdda25e99,2026-04-13 00:33:41.000,Studie Modules,de_pum
ce7a480d-aded-4c01-940b-b12bdda25e99,2026-04-13 00:33:35.000,Feed,de_pum
ce7a480d-aded-4c01-940b-b12bdda25e99,2026-04-13 00:33:38.000,Authenticator,de_pum
b2b2885c-5acd-42db-b448-349a90eb062d,2026-04-13 00:33:38.000,Generic Links Overview,de_hsmz
b2b2885c-5acd-42db-b448-349a90eb062d,2026-04-13 00:33:37.000,Studie Modules,de_hsmz
7181eda3-9e9d-422b-b557-a5b190e9a483,2026-04-13 00:33:35.000,Mail Overview,de_thm
106e4fd0-95a7-4f30-9cc1-f5803cdb40ef,2026-04-13 00:33:41.000,Courses Overview,de_tum
afc702b8-9737-41fe-ada3-dee0cee50deb,2026-04-13 00:33:40.000,Calendar Week View,de_ovgu
106e4fd0-95a7-4f30-9cc1-f5803cdb40ef,2026-04-13 00:33:40.000,Studie Modules,de_tum
afc702b8-9737-41fe-ada3-dee0cee50deb,2026-04-12 20:52:45.000,Studie Modules,de_ovgu
afc702b8-9737-41fe-ada3-dee0cee50deb,2026-04-13 00:33:38.000,Studie Modules,de_ovgu
afc702b8-9737-41fe-ada3-dee0cee50deb,2026-04-12 20:52:42.000,Mail Overview,de_ovgu
0ba96d91-6f93-4006-a34b-de2df9a8d4a3,2026-04-13 00:33:50.000,Studie Modules,de_pum
0ba96d91-6f93-4006-a34b-de2df9a8d4a3,2026-04-13 00:33:46.000,Mail Overview,de_pum
0ba96d91-6f93-4006-a34b-de2df9a8d4a3,2026-04-13 00:33:47.000,Feed,de_pum
3d4d9c3c-9a97-4037-bdd7-389e9c2a665d,2026-04-13 00:33:44.000,Study Field Onboarding,de_fhki
0daa7462-f7ec-4c2e-9d9f-f80558ce125d,2026-04-13 00:33:45.000,Mail Detail,de_ush
e46b96de-d213-4e45-beeb-1a5ec10fe7fe,2026-04-13 00:33:49.000,Mail Detail,de_tubf
e46b96de-d213-4e45-beeb-1a5ec10fe7fe,2026-04-13 00:33:46.000,Studie Modules,de_tubf
e46b96de-d213-4e45-beeb-1a5ec10fe7fe,2026-04-13 00:33:47.000,Mail Overview,de_tubf
50a56c81-194e-49fc-9079-a0dcbc27a622,2026-04-12 15:43:17.000,Studie Modules,de_ks
50a56c81-194e-49fc-9079-a0dcbc27a622,2026-04-12 15:43:22.000,Grades Overview,de_ks
50a56c81-194e-49fc-9079-a0dcbc27a622,2026-04-12 15:43:20.000,Studie Modules,de_ks
50a56c81-194e-49fc-9079-a0dcbc27a622,2026-04-12 15:43:18.000,Mail Overview,de_ks
50a56c81-194e-49fc-9079-a0dcbc27a622,2026-04-13 00:33:57.000,Mail Overview,de_ks
87dbcd4e-ed59-4c23-b7d9-bbe26460929f,2026-04-13 00:33:56.000,Mail Overview,de_pum
13908008-cfb1-49a4-a1e7-ab39fc10a222,2026-04-13 00:33:56.000,Grades Overview,de_hsgh
d7fc975a-d3b2-48da-8988-e0b32fad95c3,2026-04-13 00:33:49.000,wallet,de_upb
7ee89a4b-f321-44d0-a2a7-27c08ab8f473,2026-04-12 18:25:19.000,Studie Modules,de_pum
651c1a92-fc43-46e9-87c1-e0fcebf65fe7,2026-04-13 00:33:57.000,Mail Overview,de_pum
651c1a92-fc43-46e9-87c1-e0fcebf65fe7,2026-04-13 00:33:59.000,Feed,de_pum
651c1a92-fc43-46e9-87c1-e0fcebf65fe7,2026-04-12 23:27:19.000,Mail Overview,de_pum
7ee89a4b-f321-44d0-a2a7-27c08ab8f473,2026-04-12 18:25:20.000,Mail Overview,de_pum
87dbcd4e-ed59-4c23-b7d9-bbe26460929f,2026-04-13 00:33:58.000,Studie Modules,de_pum
87dbcd4e-ed59-4c23-b7d9-bbe26460929f,2026-04-13 00:33:59.000,Authenticator,de_pum
651c1a92-fc43-46e9-87c1-e0fcebf65fe7,2026-04-13 00:15:18.000,Mail Overview,de_pum
0d92eeff-89c7-4cdb-aac5-4cd56bf6f024,2026-04-13 00:33:52.000,Grades Overview,de_hsda
b1567d99-0f56-42e5-a164-b8112143714b,2026-04-13 00:15:03.000,calendar_overview,de_cbs
0d92eeff-89c7-4cdb-aac5-4cd56bf6f024,2026-04-13 00:33:58.000,Grades Detail,de_hsda
106e4fd0-95a7-4f30-9cc1-f5803cdb40ef,2026-04-13 00:33:52.000,Courses Detail,de_tum
0d92eeff-89c7-4cdb-aac5-4cd56bf6f024,2026-04-13 00:33:51.000,Feed,de_hsda
f506e065-35f2-4645-8b8b-24a9f4c9f529,2026-04-12 21:55:49.000,Mail Detail,de_jlug
f506e065-35f2-4645-8b8b-24a9f4c9f529,2026-04-12 21:55:51.000,Mail Overview,de_jlug
967552e6-db24-49ad-97a8-89827399ae06,2026-04-13 00:33:58.000,Mail Detail,de_fhja
0ba96d91-6f93-4006-a34b-de2df9a8d4a3,2026-04-13 00:33:53.000,Generic Links Overview,de_pum
967552e6-db24-49ad-97a8-89827399ae06,2026-04-13 00:33:55.000,Mail Overview,de_fhja
ca887f35-334a-44c5-90d1-347c6a1a5e04,2026-04-13 00:33:53.000,Studie Modules,de_hsab
ca887f35-334a-44c5-90d1-347c6a1a5e04,2026-04-13 00:33:54.000,Mail Overview,de_hsab
63222dfd-9fb6-4570-a3f8-8d1add8fe7e8,2026-04-13 00:33:57.000,Mail Overview,de_jlug
63222dfd-9fb6-4570-a3f8-8d1add8fe7e8,2026-04-13 00:33:54.000,Studie Modules,de_jlug
e46b96de-d213-4e45-beeb-1a5ec10fe7fe,2026-04-13 00:33:55.000,Mail Overview,de_tubf
e46b96de-d213-4e45-beeb-1a5ec10fe7fe,2026-04-13 00:34:00.000,Mail Detail,de_tubf
b69eab43-2e62-4321-aef7-50cd90ad75d2,2026-04-13 00:34:01.000,Studie Modules,de_hm
b69eab43-2e62-4321-aef7-50cd90ad75d2,2026-04-13 00:34:04.000,Mail Overview,de_hm
50a56c81-194e-49fc-9079-a0dcbc27a622,2026-04-13 00:34:00.000,Mail Detail,de_ks
651c1a92-fc43-46e9-87c1-e0fcebf65fe7,2026-04-13 00:34:08.000,Feed Detail,de_pum
0d92eeff-89c7-4cdb-aac5-4cd56bf6f024,2026-04-13 00:34:09.000,Mail Detail,de_hsda
0d92eeff-89c7-4cdb-aac5-4cd56bf6f024,2026-04-13 00:34:03.000,Feed,de_hsda
0d92eeff-89c7-4cdb-aac5-4cd56bf6f024,2026-04-13 00:34:04.000,Mail Overview,de_hsda
0d92eeff-89c7-4cdb-aac5-4cd56bf6f024,2026-04-13 00:34:02.000,Grades Overview,de_hsda
60027933-9633-455d-866f-d1f97c335a71,2026-04-13 00:34:01.000,Mail Overview,de_hsko
60027933-9633-455d-866f-d1f97c335a71,2026-04-13 00:34:00.000,Studie Modules,de_hsko
967552e6-db24-49ad-97a8-89827399ae06,2026-04-13 00:34:03.000,Mail Overview,de_fhja
967552e6-db24-49ad-97a8-89827399ae06,2026-04-13 00:34:12.000,Mail Overview,de_fhja
967552e6-db24-49ad-97a8-89827399ae06,2026-04-13 00:34:03.000,Mail Detail,de_fhja
63222dfd-9fb6-4570-a3f8-8d1add8fe7e8,2026-04-13 00:34:06.000,Mail Detail,de_jlug
a32289c8-b958-450a-86f5-89c1a3771fec,2026-04-13 00:34:12.000,Mail Detail,de_hsfd
b69eab43-2e62-4321-aef7-50cd90ad75d2,2026-04-13 00:34:10.000,Mail Detail,de_hm
a32289c8-b958-450a-86f5-89c1a3771fec,2026-04-13 00:34:07.000,Mail Overview,de_hsfd
2b88dd12-e1bc-4fa1-97b4-200abd0b2b03,2026-04-13 00:34:13.000,Feed,de_pum
b69eab43-2e62-4321-aef7-50cd90ad75d2,2026-04-13 00:34:11.000,Mail Overview,de_hm
2b88dd12-e1bc-4fa1-97b4-200abd0b2b03,2026-04-13 00:34:11.000,Career Onboarding,de_pum
14755957-5110-4755-a181-dd3718dcf8ab,2026-04-12 22:56:29.000,Feed,de_hsge
b69eab43-2e62-4321-aef7-50cd90ad75d2,2026-04-13 00:34:14.000,Mail Detail,de_hm
2b88dd12-e1bc-4fa1-97b4-200abd0b2b03,2026-04-13 00:34:09.000,Feed,de_pum
d4621eee-0ae9-4631-b738-a5c13693c1d2,2026-04-13 00:34:19.000,Mail Overview,de_si
b669683b-783c-4093-8675-9a86fec1c666,2026-04-13 00:34:17.000,Studie Modules,de_jlug
0d92eeff-89c7-4cdb-aac5-4cd56bf6f024,2026-04-13 00:34:18.000,Mail Detail,de_hsda
b669683b-783c-4093-8675-9a86fec1c666,2026-04-13 00:34:19.000,Generic Links Overview,de_jlug
0d92eeff-89c7-4cdb-aac5-4cd56bf6f024,2026-04-13 00:34:15.000,Mail Overview,de_hsda
63222dfd-9fb6-4570-a3f8-8d1add8fe7e8,2026-04-13 00:34:18.000,Mail Overview,de_jlug
60027933-9633-455d-866f-d1f97c335a71,2026-04-13 00:34:23.000,Mail Detail,de_hsko
ca887f35-334a-44c5-90d1-347c6a1a5e04,2026-04-13 00:34:17.000,Mail Write,de_hsab
50a56c81-194e-49fc-9079-a0dcbc27a622,2026-04-13 00:34:26.000,Mail Overview,de_ks
2b88dd12-e1bc-4fa1-97b4-200abd0b2b03,2026-04-13 00:34:26.000,Calendar Day View,de_pum
2b88dd12-e1bc-4fa1-97b4-200abd0b2b03,2026-04-13 00:34:17.000,Calendar Day View,de_pum
2b88dd12-e1bc-4fa1-97b4-200abd0b2b03,2026-04-13 00:34:27.000,Feed,de_pum
2b88dd12-e1bc-4fa1-97b4-200abd0b2b03,2026-04-13 00:34:22.000,Feed,de_pum
6324181f-d1db-40d1-8abe-2dfaa4cfbd28,2026-04-13 00:34:20.000,Mail Overview,de_jlug
6324181f-d1db-40d1-8abe-2dfaa4cfbd28,2026-04-13 00:34:18.000,Studie Modules,de_jlug
d4621eee-0ae9-4631-b738-a5c13693c1d2,2026-04-13 00:34:20.000,Mail Detail,de_si
9663fad8-d9aa-496f-9efd-39b272414e3b,2026-04-13 00:34:29.000,Mail Setup Manual,de_pum
9663fad8-d9aa-496f-9efd-39b272414e3b,2026-04-13 00:34:31.000,wallet,de_pum
0d92eeff-89c7-4cdb-aac5-4cd56bf6f024,2026-04-13 00:34:24.000,Mail Detail,de_hsda
9663fad8-d9aa-496f-9efd-39b272414e3b,2026-04-13 00:34:30.000,Feed,de_pum
c79e7d0a-86e4-435d-b989-2057fa23ca47,2026-04-12 22:37:29.000,Studie Modules,de_hsfb
0d92eeff-89c7-4cdb-aac5-4cd56bf6f024,2026-04-13 00:34:21.000,Mail Overview,de_hsda
c79e7d0a-86e4-435d-b989-2057fa23ca47,2026-04-12 22:37:27.000,Mail Overview,de_hsfb
4cdf95d1-3b71-4671-8747-7e8db1c225b3,2026-04-13 00:02:58.000,Grades Overview,de_ovgu
ca887f35-334a-44c5-90d1-347c6a1a5e04,2026-04-13 00:34:27.000,Mail Overview,de_hsab
fcde19a2-85fb-4d7a-9c4c-538ac984c89e,2026-04-12 22:52:25.000,Authenticator,de_pum
fcde19a2-85fb-4d7a-9c4c-538ac984c89e,2026-04-12 22:52:21.000,Studie Modules,de_pum
2b88dd12-e1bc-4fa1-97b4-200abd0b2b03,2026-04-13 00:34:34.000,Todo,de_pum
03a792f6-c650-453d-9827-cadcd5c3851c,2026-04-13 00:34:34.000,Studie Modules,de_ush
03a792f6-c650-453d-9827-cadcd5c3851c,2026-04-13 00:34:28.000,Studie Modules,de_ush
03a792f6-c650-453d-9827-cadcd5c3851c,2026-04-13 00:34:31.000,Auditories,de_ush
2b88dd12-e1bc-4fa1-97b4-200abd0b2b03,2026-04-13 00:34:30.000,Studie Modules,de_pum
2b88dd12-e1bc-4fa1-97b4-200abd0b2b03,2026-04-13 00:34:29.000,Feed,de_pum
2b88dd12-e1bc-4fa1-97b4-200abd0b2b03,2026-04-13 00:34:28.000,Calendar Day View,de_pum
03a792f6-c650-453d-9827-cadcd5c3851c,2026-04-13 00:34:34.000,Campus,de_ush
6324181f-d1db-40d1-8abe-2dfaa4cfbd28,2026-04-13 00:34:28.000,Mail Detail,de_jlug
9663fad8-d9aa-496f-9efd-39b272414e3b,2026-04-13 00:34:34.000,Feed,de_pum
9663fad8-d9aa-496f-9efd-39b272414e3b,2026-04-13 00:34:39.000,Authenticator,de_pum
a32289c8-b958-450a-86f5-89c1a3771fec,2026-04-13 00:34:42.000,Mail Overview,de_hsfd
9663fad8-d9aa-496f-9efd-39b272414e3b,2026-04-13 00:34:37.000,Studie Modules,de_pum
b5dd15eb-6ff4-4a19-b5c0-22f0008fd234,2026-04-13 00:34:43.000,Calendar Week View,de_fhswf
9fc11c5c-e9fb-4e0e-acde-e8d98c9d486e,2026-04-13 00:34:37.000,Mail Overview,de_pum
b5dd15eb-6ff4-4a19-b5c0-22f0008fd234,2026-04-13 00:34:41.000,Calendar Day View,de_fhswf
fcde19a2-85fb-4d7a-9c4c-538ac984c89e,2026-04-13 00:34:36.000,Mail Overview,de_pum
fcde19a2-85fb-4d7a-9c4c-538ac984c89e,2026-04-13 00:34:42.000,Mail Detail,de_pum
60027933-9633-455d-866f-d1f97c335a71,2026-04-13 00:34:38.000,Mail Overview,de_hsko
60027933-9633-455d-866f-d1f97c335a71,2026-04-13 00:34:37.000,Studie Modules,de_hsko
a8ac818d-c744-47e0-8967-a9b83adb7dec,2026-04-12 20:49:26.000,Feed,de_hsmz
03a792f6-c650-453d-9827-cadcd5c3851c,2026-04-13 00:34:38.000,Campus Detail,de_ush
19564f91-2fef-4c7c-9377-1b94a3b7b060,2026-04-13 00:34:43.000,Generic Links Overview,de_ua
2b88dd12-e1bc-4fa1-97b4-200abd0b2b03,2026-04-13 00:34:39.000,Todo,de_pum
2b88dd12-e1bc-4fa1-97b4-200abd0b2b03,2026-04-13 00:34:42.000,Generic Links Overview,de_pum
2b88dd12-e1bc-4fa1-97b4-200abd0b2b03,2026-04-13 00:34:40.000,Studie Modules,de_pum
2b88dd12-e1bc-4fa1-97b4-200abd0b2b03,2026-04-13 00:34:47.000,Studie Modules,de_pum
2b88dd12-e1bc-4fa1-97b4-200abd0b2b03,2026-04-13 00:34:49.000,Generic Links Overview,de_pum
19564f91-2fef-4c7c-9377-1b94a3b7b060,2026-04-13 00:34:42.000,Studie Modules,de_ua
6324181f-d1db-40d1-8abe-2dfaa4cfbd28,2026-04-13 00:34:45.000,Mail Overview,de_jlug
2b88dd12-e1bc-4fa1-97b4-200abd0b2b03,2026-04-13 00:34:39.000,Todo,de_pum
e6a3edd0-1cbb-4299-8a5b-c15f222a3221,2026-04-13 00:34:41.000,Studie Modules,de_kuei
e6a3edd0-1cbb-4299-8a5b-c15f222a3221,2026-04-13 00:34:42.000,Mail Overview,de_kuei
a32289c8-b958-450a-86f5-89c1a3771fec,2026-04-13 00:34:52.000,Mail Overview,de_hsfd
a32289c8-b958-450a-86f5-89c1a3771fec,2026-04-13 00:34:47.000,Mail Detail,de_hsfd
9fc11c5c-e9fb-4e0e-acde-e8d98c9d486e,2026-04-13 00:34:54.000,Cafeteria Overview,de_pum
d4621eee-0ae9-4631-b738-a5c13693c1d2,2026-04-13 00:34:54.000,Mail Overview,de_si
fcde19a2-85fb-4d7a-9c4c-538ac984c89e,2026-04-13 00:34:48.000,Mail Detail,de_pum
8ed8e45b-2cac-46ce-8253-9d960951ba72,2026-04-13 00:34:48.000,Mail Overview,de_jlug
fcde19a2-85fb-4d7a-9c4c-538ac984c89e,2026-04-13 00:34:52.000,Mail Detail,de_pum
fcde19a2-85fb-4d7a-9c4c-538ac984c89e,2026-04-13 00:34:51.000,Mail Overview,de_pum
9fc11c5c-e9fb-4e0e-acde-e8d98c9d486e,2026-04-13 00:34:52.000,Feed,de_pum
fcde19a2-85fb-4d7a-9c4c-538ac984c89e,2026-04-13 00:34:47.000,Mail Overview,de_pum
a32289c8-b958-450a-86f5-89c1a3771fec,2026-04-13 00:34:59.000,Feed Detail,de_hsfd
a32289c8-b958-450a-86f5-89c1a3771fec,2026-04-13 00:34:57.000,Feed,de_hsfd
d952e3a7-353c-4824-b783-83eb1d2b3b24,2026-04-12 19:06:38.000,Feed,de_pum
f0e7fb52-acd4-46a8-91f7-1467a3df4204,2026-04-13 00:34:57.000,Mail Overview,de_pum
f0e7fb52-acd4-46a8-91f7-1467a3df4204,2026-04-13 00:35:02.000,Feed,de_pum
9fc11c5c-e9fb-4e0e-acde-e8d98c9d486e,2026-04-13 00:34:57.000,Feed,de_pum
8ed8e45b-2cac-46ce-8253-9d960951ba72,2026-04-13 00:34:59.000,Mail Detail,de_jlug
63222dfd-9fb6-4570-a3f8-8d1add8fe7e8,2026-04-13 00:35:05.000,Studie Modules,de_jlug
a32289c8-b958-450a-86f5-89c1a3771fec,2026-04-13 00:35:13.000,Feed,de_hsfd
f0e7fb52-acd4-46a8-91f7-1467a3df4204,2026-04-13 00:35:04.000,Calendar Day View,de_pum
9fc11c5c-e9fb-4e0e-acde-e8d98c9d486e,2026-04-13 00:35:09.000,Schedule Overview,de_pum
487c8c2c-4649-485e-a9a2-35d1852fc9be,2026-04-12 22:09:00.000,Studie Modules,de_pum
487c8c2c-4649-485e-a9a2-35d1852fc9be,2026-04-12 22:09:01.000,Authenticator,de_pum
bbabd4a0-7a15-4454-baa6-114418ba497a,2026-04-13 00:35:13.000,Studie Modules,de_pum
bbabd4a0-7a15-4454-baa6-114418ba497a,2026-04-13 00:35:14.000,Generic Links Overview,de_pum
63222dfd-9fb6-4570-a3f8-8d1add8fe7e8,2026-04-13 00:35:06.000,Generic Links Overview,de_jlug
88ab5b7a-1a5e-4d6a-b3bd-0df4797ef890,2026-04-13 00:35:06.000,Studie Modules,de_hm
88ab5b7a-1a5e-4d6a-b3bd-0df4797ef890,2026-04-13 00:35:08.000,Cafeteria Overview,de_hm
88ab5b7a-1a5e-4d6a-b3bd-0df4797ef890,2026-04-13 00:35:09.000,Cafeteria Detail,de_hm
88ab5b7a-1a5e-4d6a-b3bd-0df4797ef890,2026-04-13 00:32:49.000,Mail Overview,de_hm
88ab5b7a-1a5e-4d6a-b3bd-0df4797ef890,2026-04-13 00:32:48.000,Studie Modules,de_hm
57c0cb4a-622d-48b1-bc95-850839916ca7,2026-04-13 00:19:14.000,Mail Overview,de_rt
57c0cb4a-622d-48b1-bc95-850839916ca7,2026-04-13 00:19:13.000,Studie Modules,de_rt
1233d9d6-1984-47cc-ba10-331da1ac1de4,2026-04-12 23:28:42.000,Studie Modules,de_hsko
bbabd4a0-7a15-4454-baa6-114418ba497a,2026-04-13 00:35:20.000,Studie Modules,de_pum
bbabd4a0-7a15-4454-baa6-114418ba497a,2026-04-13 00:35:18.000,Authenticator,de_pum
bbabd4a0-7a15-4454-baa6-114418ba497a,2026-04-13 00:35:20.000,Generic Links Overview,de_pum
bbabd4a0-7a15-4454-baa6-114418ba497a,2026-04-13 00:35:17.000,Studie Modules,de_pum
2bf7d610-c079-4845-bee4-5a817fec39b4,2026-04-12 23:44:13.000,Feed,de_hsda
be1355d1-e4dd-402f-857e-8ed59627802d,2026-04-13 00:35:28.000,Studie Modules,de_pum
53130452-8930-4229-8f97-03920e8f7497,2026-04-12 22:57:50.000,Mail Detail,de_hsko
be1355d1-e4dd-402f-857e-8ed59627802d,2026-04-13 00:35:30.000,wallet,de_pum
53130452-8930-4229-8f97-03920e8f7497,2026-04-12 22:57:55.000,Mail Overview,de_hsko
8ed8e45b-2cac-46ce-8253-9d960951ba72,2026-04-13 00:35:32.000,Mail Overview,de_jlug
08f1c3f9-92b3-4b43-9245-04176662aee8,2026-04-12 18:33:11.000,Studie Modules,de_hsmz
9bfa07bc-3ee4-4ab5-8139-fec512daafbf,2026-04-13 00:35:26.000,Mail Overview,de_hm
7683e75f-d7c5-4bb7-92e4-13c8a581e1b5,2026-04-13 00:35:28.000,Studie Modules,de_pum
7683e75f-d7c5-4bb7-92e4-13c8a581e1b5,2026-04-13 00:35:29.000,Authenticator,de_pum
9bfa07bc-3ee4-4ab5-8139-fec512daafbf,2026-04-13 00:35:31.000,Feed,de_hm
d324772d-4164-4630-a218-52d837d88e9a,2026-04-13 00:14:37.000,Settings Overview,de_hsfd
d194e271-be06-40b7-a099-26357ecb769e,2026-04-12 13:11:49.000,Studie Modules,de_fhms
90e6cbd1-2d4e-4a63-a748-5e6f6bf8f5a7,2026-04-13 00:35:31.000,Studie Modules,de_cbs
b3e16670-b08e-4c4d-a870-ed1b081e2d4a,2026-04-13 00:09:35.000,Studie Modules,de_pum
b3e16670-b08e-4c4d-a870-ed1b081e2d4a,2026-04-13 00:09:35.000,Mail Overview,de_pum
b3e16670-b08e-4c4d-a870-ed1b081e2d4a,2026-04-12 22:17:44.000,Calendar Week View,de_pum
90e6cbd1-2d4e-4a63-a748-5e6f6bf8f5a7,2026-04-13 00:35:32.000,Grades With API Overview,de_cbs
0daa7462-f7ec-4c2e-9d9f-f80558ce125d,2026-04-13 00:33:59.000,Mail Overview,de_ush
601cd3c5-6ab2-4870-8192-70984a653831,2026-04-12 15:45:13.000,Studie Modules,de_ush
e5d69593-cda8-4ed9-88d6-bd9e9cb5a2c1,2026-04-13 00:03:49.000,Mail Overview,de_lg
9bfa07bc-3ee4-4ab5-8139-fec512daafbf,2026-04-13 00:35:36.000,Mail Login,de_hm
9fc11c5c-e9fb-4e0e-acde-e8d98c9d486e,2026-04-13 00:35:45.000,Feed,de_pum
9fc11c5c-e9fb-4e0e-acde-e8d98c9d486e,2026-04-13 00:35:47.000,Career Onboarding,de_pum
a2bf0cb7-4f8a-410e-889e-3154be3f076a,2026-04-13 00:35:40.000,Studie Modules,de_pum
a2bf0cb7-4f8a-410e-889e-3154be3f076a,2026-04-13 00:35:42.000,wallet,de_pum
20289ae8-b46c-418c-ae6e-c9e0885271a4,2026-04-13 00:35:47.000,Mail Detail,de_fhwo
20289ae8-b46c-418c-ae6e-c9e0885271a4,2026-04-13 00:35:41.000,Mail Overview,de_fhwo
f8847d2a-5bd8-4e82-a43c-da84e1a5e508,2026-04-12 19:17:40.000,Studie Modules,de_hsko
f8847d2a-5bd8-4e82-a43c-da84e1a5e508,2026-04-12 19:17:41.000,wallet,de_hsko
9fc11c5c-e9fb-4e0e-acde-e8d98c9d486e,2026-04-13 00:35:49.000,Settings Overview,de_pum
9fc11c5c-e9fb-4e0e-acde-e8d98c9d486e,2026-04-13 00:35:48.000,Feed,de_pum
bbabd4a0-7a15-4454-baa6-114418ba497a,2026-04-13 00:35:59.000,Studie Modules,de_pum
2b88dd12-e1bc-4fa1-97b4-200abd0b2b03,2026-04-13 00:35:59.000,Studie Modules,de_pum
5ca6bd6b-080f-4183-b7a8-c13920451f3c,2026-04-12 18:35:35.000,Courses Overview,de_hsko
5ca6bd6b-080f-4183-b7a8-c13920451f3c,2026-04-12 18:35:44.000,Feed,de_hsko
8e5c7cc9-149f-489e-93a5-c9efb7ecebac,2026-04-13 00:35:59.000,Mail Overview,de_hsda
8e5c7cc9-149f-489e-93a5-c9efb7ecebac,2026-04-13 00:35:58.000,Feed,de_hsda
5ca6bd6b-080f-4183-b7a8-c13920451f3c,2026-04-12 18:35:46.000,wallet,de_hsko
8c23f38e-17d0-471e-943e-4ef898fa016d,2026-04-13 00:35:54.000,Mail Overview,de_ua
8c23f38e-17d0-471e-943e-4ef898fa016d,2026-04-12 22:28:11.000,Mail Detail,de_ua
8c23f38e-17d0-471e-943e-4ef898fa016d,2026-04-12 22:28:12.000,Mail Overview,de_ua
8e1f6da5-a1b1-47a8-b581-8fe63fd5bec8,2026-04-13 00:34:46.000,Grades Overview,de_hsnd
b9779701-4904-46c8-acb3-7c870232c4e3,2026-04-12 20:14:45.000,Studie Modules,de_hsko
b9779701-4904-46c8-acb3-7c870232c4e3,2026-04-12 20:14:47.000,Mail Overview,de_hsko
38937c79-f349-47e4-85ad-025b9c4c3ec2,2026-04-12 19:57:37.000,Grades Overview,de_fhswf
63222dfd-9fb6-4570-a3f8-8d1add8fe7e8,2026-04-13 00:36:09.000,Studie Modules,de_jlug
38937c79-f349-47e4-85ad-025b9c4c3ec2,2026-04-12 19:57:38.000,Studie Modules,de_fhswf
2b88dd12-e1bc-4fa1-97b4-200abd0b2b03,2026-04-13 00:36:00.000,Generic Links Overview,de_pum
6b477753-0e0b-4538-a0d6-d5bc59520394,2026-04-13 00:36:02.000,Global Ory Login,de_upb
4435ba33-dae5-440a-a38c-9e74e2d00eb9,2026-04-12 20:47:11.000,Mail Overview,de_fhms
08a70a2d-0a7e-4cfc-9da5-094a098f5fe0,2026-04-13 00:36:04.000,Feed Detail,de_us
8e5c7cc9-149f-489e-93a5-c9efb7ecebac,2026-04-13 00:36:12.000,Mail Overview,de_hsda
8e5c7cc9-149f-489e-93a5-c9efb7ecebac,2026-04-13 00:36:11.000,Mail Detail,de_hsda
9bfa07bc-3ee4-4ab5-8139-fec512daafbf,2026-04-13 00:36:13.000,Mail FolderSelection,de_hm
8c23f38e-17d0-471e-943e-4ef898fa016d,2026-04-13 00:36:14.000,Mail Overview,de_ua
8c23f38e-17d0-471e-943e-4ef898fa016d,2026-04-13 00:36:08.000,Mail Detail,de_ua
a51c2490-6fac-4978-b955-7278f9188cd3,2026-04-13 00:36:06.000,Feed Detail,de_hsfd
a51c2490-6fac-4978-b955-7278f9188cd3,2026-04-13 00:36:10.000,Feed,de_hsfd
a51c2490-6fac-4978-b955-7278f9188cd3,2026-04-13 00:36:16.000,Feed Detail,de_hsfd
a9e1efcb-ca25-4e8f-b99e-b22c049c5f09,2026-04-13 00:36:11.000,Cafeteria Detail,de_rt
63222dfd-9fb6-4570-a3f8-8d1add8fe7e8,2026-04-13 00:36:11.000,Generic Links Overview,de_jlug
dc3033ba-680c-4e81-9e7b-12ca3be91a89,2026-04-12 15:33:16.000,Studie Modules,de_hvk
dc3033ba-680c-4e81-9e7b-12ca3be91a89,2026-04-12 15:33:15.000,Feed,de_hvk
ce7a480d-aded-4c01-940b-b12bdda25e99,2026-04-13 00:36:19.000,Studie Modules,de_pum
9bfa07bc-3ee4-4ab5-8139-fec512daafbf,2026-04-13 00:36:17.000,Mail Permission,de_hm
9bfa07bc-3ee4-4ab5-8139-fec512daafbf,2026-04-13 00:36:19.000,Mail Overview,de_hm
1600a03f-641c-4ee2-b80c-da8c260c3ddc,2026-04-13 00:36:20.000,Update,de_us
1600a03f-641c-4ee2-b80c-da8c260c3ddc,2026-04-13 00:13:42.000,Feed,de_us
ce7a480d-aded-4c01-940b-b12bdda25e99,2026-04-13 00:36:20.000,Generic Links Overview,de_pum
6a640cbc-5c01-4a6b-a9f6-55f492379784,2026-04-12 10:37:52.000,Mail Overview,de_fhef
9bfa07bc-3ee4-4ab5-8139-fec512daafbf,2026-04-13 00:36:32.000,Settings Overview,de_hm
a51c2490-6fac-4978-b955-7278f9188cd3,2026-04-13 00:36:34.000,Feed,de_hsfd
6a640cbc-5c01-4a6b-a9f6-55f492379784,2026-04-12 10:37:51.000,Studie Modules,de_fhef
0b07d51d-c060-4641-8611-8263fe1a1773,2026-04-13 00:36:31.000,Mail Overview,de_thm
9bfa07bc-3ee4-4ab5-8139-fec512daafbf,2026-04-13 00:36:32.000,Feed,de_hm
6a640cbc-5c01-4a6b-a9f6-55f492379784,2026-04-12 11:20:51.000,Studie Modules,de_fhef
6a640cbc-5c01-4a6b-a9f6-55f492379784,2026-04-12 07:41:15.000,Mail Detail,de_fhef
9bfa07bc-3ee4-4ab5-8139-fec512daafbf,2026-04-13 00:36:30.000,Career Onboarding,de_hm
9bfa07bc-3ee4-4ab5-8139-fec512daafbf,2026-04-13 00:36:28.000,Studie Modules,de_hm
9bfa07bc-3ee4-4ab5-8139-fec512daafbf,2026-04-13 00:36:33.000,Mail Overview,de_hm
9bfa07bc-3ee4-4ab5-8139-fec512daafbf,2026-04-13 00:36:26.000,Feed,de_hm
6a640cbc-5c01-4a6b-a9f6-55f492379784,2026-04-12 11:20:52.000,Mail Overview,de_fhef
9bfa07bc-3ee4-4ab5-8139-fec512daafbf,2026-04-13 00:36:31.000,Studie Modules,de_hm
dd1153ea-8497-456c-8a78-3722f905659f,2026-04-13 00:22:00.000,Mail Overview,de_jlug
35a0b58b-ff0c-495a-b2ec-e549af8875ba,2026-04-13 00:36:30.000,Cafeteria Detail,de_hshb
35a0b58b-ff0c-495a-b2ec-e549af8875ba,2026-04-13 00:36:25.000,Studie Modules,de_hshb
35a0b58b-ff0c-495a-b2ec-e549af8875ba,2026-04-13 00:36:27.000,Cafeteria Overview,de_hshb
ccde040b-c4ff-406f-b87c-ea20930df1f2,2026-04-13 00:36:39.000,Calendar Day View,de_ovgu
883a92fa-8b4b-42f1-b5b7-0b2bfe38a5bc,2026-04-13 00:06:44.000,Mail Overview,de_kuei
a6714b02-2edb-4ac8-ab27-e46533dc65ee,2026-04-13 00:36:41.000,Schedule Overview,de_khf
a6714b02-2edb-4ac8-ab27-e46533dc65ee,2026-04-13 00:36:38.000,Grades Login,de_khf
a6714b02-2edb-4ac8-ab27-e46533dc65ee,2026-04-13 00:36:37.000,Studie Modules,de_khf
a6714b02-2edb-4ac8-ab27-e46533dc65ee,2026-04-13 00:36:40.000,Studie Modules,de_khf
296a7a64-3c6f-4c3c-8079-be92b0a17ad8,2026-04-13 00:36:36.000,Calendar Day View,de_upb
2ffaabd1-0f8c-45be-95a8-7172836905f1,2026-04-13 00:36:44.000,Studie Modules,de_pum
738160a6-bf96-438d-bd07-2a8731198c86,2026-04-12 15:11:08.000,Mail Overview,de_hdm
2ffaabd1-0f8c-45be-95a8-7172836905f1,2026-04-13 00:36:45.000,Mail Overview,de_pum
f189dac0-5354-4072-a4e1-13470a3f7271,2026-04-11 18:42:06.000,Feed,de_ush
f189dac0-5354-4072-a4e1-13470a3f7271,2026-04-11 18:42:07.000,Studie Modules,de_ush
f189dac0-5354-4072-a4e1-13470a3f7271,2026-04-11 18:42:09.000,Feed,de_ush
f189dac0-5354-4072-a4e1-13470a3f7271,2026-04-11 18:42:04.000,Feed Detail,de_ush
08a70a2d-0a7e-4cfc-9da5-094a098f5fe0,2026-04-13 00:36:48.000,Feed,de_us
aa8304c3-4916-461f-9a1f-79a76b7679bc,2026-04-12 23:49:05.000,Studie Modules,de_hb
2ffaabd1-0f8c-45be-95a8-7172836905f1,2026-04-13 00:36:47.000,Mail Detail,de_pum
2ffaabd1-0f8c-45be-95a8-7172836905f1,2026-04-13 00:36:48.000,Mail Overview,de_pum
2ffaabd1-0f8c-45be-95a8-7172836905f1,2026-04-13 00:36:51.000,Mail Detail,de_pum
7980bd53-561e-435a-9780-e9f2db8cd7d1,2026-04-12 21:10:56.000,Mail Overview,de_hsm
fcde19a2-85fb-4d7a-9c4c-538ac984c89e,2026-04-13 00:37:00.000,Feed,de_pum
fcde19a2-85fb-4d7a-9c4c-538ac984c89e,2026-04-13 00:36:59.000,Mail Overview,de_pum
7bf9a3a6-e241-4566-a31c-eade8bf3a482,2026-04-12 17:25:03.000,Mail Overview,de_fhki
fcde19a2-85fb-4d7a-9c4c-538ac984c89e,2026-04-13 00:37:01.000,Studie Modules,de_pum
367cdeb7-4854-4ca3-b733-818aac734163,2026-04-13 00:36:56.000,Studie Modules,de_hvk
367cdeb7-4854-4ca3-b733-818aac734163,2026-04-13 00:36:56.000,Mail Overview,de_hvk
367cdeb7-4854-4ca3-b733-818aac734163,2026-04-13 00:36:58.000,Mail Detail,de_hvk
e872e0ef-ac5f-48a4-b278-60be97961ea7,2026-04-12 13:56:27.000,Mail Overview,de_lmum
23eb5132-4322-4184-abd4-d2dfa18fc2dc,2026-04-13 00:37:05.000,Mail Overview,de_tuda
e872e0ef-ac5f-48a4-b278-60be97961ea7,2026-04-12 13:56:27.000,Studie Modules,de_lmum
e872e0ef-ac5f-48a4-b278-60be97961ea7,2026-04-12 13:56:23.000,Studie Modules,de_lmum
23eb5132-4322-4184-abd4-d2dfa18fc2dc,2026-04-13 00:07:26.000,Mail Overview,de_tuda
e872e0ef-ac5f-48a4-b278-60be97961ea7,2026-04-12 13:56:24.000,Library Login,de_lmum
d730307c-9ca4-4f98-a21b-2728867e57cb,2026-04-11 18:50:13.000,Studie Modules,de_fhef
d730307c-9ca4-4f98-a21b-2728867e57cb,2026-04-11 18:50:15.000,Mail Overview,de_fhef
60d694fc-23ee-4e4f-b182-07103e2bfa29,2026-04-12 19:10:14.000,Feed,de_phlb
60d694fc-23ee-4e4f-b182-07103e2bfa29,2026-04-12 19:10:10.000,Feed Detail,de_phlb
5b22f4b7-8d55-470f-86af-dc887eeeb57c,2026-04-13 00:36:59.000,Studie Modules,de_fhef
5b22f4b7-8d55-470f-86af-dc887eeeb57c,2026-04-13 00:37:00.000,Mail Overview,de_fhef
19cbfcd7-0ac9-4a34-82b8-9dc49c637f8b,2025-08-10 18:57:52.000,Feed Profile,de_hm
41151be3-ba8f-410e-8d97-d1e6e6285e8b,2026-04-12 20:49:28.000,Grades Overview,de_phlb
8f5cbc99-fdbe-46f0-8efa-76df8f05caa5,2026-04-12 18:27:15.000,Mail Detail,de_ush
8f5cbc99-fdbe-46f0-8efa-76df8f05caa5,2026-04-12 18:27:17.000,Mail Detail,de_ush
8f5cbc99-fdbe-46f0-8efa-76df8f05caa5,2026-04-12 18:27:17.000,Mail Overview,de_ush
8f5cbc99-fdbe-46f0-8efa-76df8f05caa5,2026-04-12 18:27:18.000,Mail Overview,de_ush
8f5cbc99-fdbe-46f0-8efa-76df8f05caa5,2026-04-12 18:27:14.000,Mail Overview,de_ush
1e99096d-b6bc-42a0-9ccd-853f5d8bea28,2026-04-13 00:37:19.000,wallet,de_fhki
1e99096d-b6bc-42a0-9ccd-853f5d8bea28,2026-04-13 00:37:14.000,WALLET,de_fhki
3914bd62-0b8f-4902-bf10-21859a79d145,2026-04-13 00:37:21.000,Mail Detail,de_hsaa
716ccc7e-5c6c-46a4-ae5d-09f357e519ec,2026-04-13 00:36:33.000,Mail Overview,de_fhms
3914bd62-0b8f-4902-bf10-21859a79d145,2026-04-13 00:37:16.000,Mail Overview,de_hsaa
716ccc7e-5c6c-46a4-ae5d-09f357e519ec,2026-04-13 00:36:32.000,Studie Modules,de_fhms
3914bd62-0b8f-4902-bf10-21859a79d145,2026-04-13 00:37:15.000,Studie Modules,de_hsaa
d60fdf30-d81d-4ac2-af9c-bdb2960e7d91,2026-04-13 00:37:27.000,Cafeteria Overview,de_ks
19cbfcd7-0ac9-4a34-82b8-9dc49c637f8b,2026-04-13 00:37:20.000,Feed,de_hm
19cbfcd7-0ac9-4a34-82b8-9dc49c637f8b,2026-04-13 00:37:24.000,Studie Modules,de_hm
46f4e65b-863b-4d34-b59e-04fc2dee0eae,2026-04-13 00:37:18.000,Studie Modules,de_si
46f4e65b-863b-4d34-b59e-04fc2dee0eae,2026-04-13 00:37:19.000,Mail Overview,de_si
2ffaabd1-0f8c-45be-95a8-7172836905f1,2026-04-13 00:37:30.000,Mail Overview,de_pum
b3e480bb-02e6-49f6-941a-ae8ebf7bf39f,2026-04-13 00:37:29.000,Global Ory Login,de_si
b3e480bb-02e6-49f6-941a-ae8ebf7bf39f,2026-04-12 13:33:34.000,Global Ory Login,de_si
b3e480bb-02e6-49f6-941a-ae8ebf7bf39f,2026-04-12 13:41:15.000,Global Ory Login,de_si
11743673-bb9f-4919-9b56-c1eaf4a7f2fc,2026-04-12 18:54:33.000,Mail Overview,de_phlb
11743673-bb9f-4919-9b56-c1eaf4a7f2fc,2026-04-12 18:54:27.000,Mail Detail,de_phlb
b3e480bb-02e6-49f6-941a-ae8ebf7bf39f,2026-04-11 22:50:30.000,Global Ory Login,de_si
da3b8f14-1803-45d6-986d-8a1ca4cd6102,2026-04-12 21:37:41.000,Studie Modules,de_si
da3b8f14-1803-45d6-986d-8a1ca4cd6102,2026-04-12 21:37:41.000,Mail Overview,de_si
19cbfcd7-0ac9-4a34-82b8-9dc49c637f8b,2026-04-13 00:37:32.000,Games Overview,de_hm
19cbfcd7-0ac9-4a34-82b8-9dc49c637f8b,2026-04-13 00:37:36.000,Feed,de_hm
19cbfcd7-0ac9-4a34-82b8-9dc49c637f8b,2026-04-13 00:37:33.000,Studie Modules,de_hm
259733e9-8a02-4d55-9ee1-cf2af2c00f6d,2026-04-13 00:37:38.000,Studie Modules,de_hsan
8220bdcc-5015-4447-98b7-5b2168a30c6b,2026-04-13 00:37:28.000,Global Ory Login,de_thdeg
259733e9-8a02-4d55-9ee1-cf2af2c00f6d,2026-04-13 00:37:39.000,Mail Overview,de_hsan
cd6d2b96-186d-4bdc-81c3-2cbfbd919e0e,2026-04-13 00:37:33.000,Studie Modules,de_thm
cd6d2b96-186d-4bdc-81c3-2cbfbd919e0e,2026-04-13 00:37:30.000,Studie Modules,de_thm
cd6d2b96-186d-4bdc-81c3-2cbfbd919e0e,2026-04-12 15:45:20.000,Studie Modules,de_thm
cd6d2b96-186d-4bdc-81c3-2cbfbd919e0e,2026-04-13 00:37:31.000,Mail Overview,de_thm
cd6d2b96-186d-4bdc-81c3-2cbfbd919e0e,2026-04-12 15:45:18.000,Mail Overview,de_thm
cd6d2b96-186d-4bdc-81c3-2cbfbd919e0e,2026-04-13 00:37:34.000,Grades Overview,de_thm
3914bd62-0b8f-4902-bf10-21859a79d145,2026-04-13 00:37:40.000,Mail Overview,de_hsaa
5f63aa50-c274-4924-ae8c-cb1cd645d3ae,2026-04-12 21:45:46.000,Mail Detail,de_hsma
9352892a-557d-44d5-9bbe-1c49962466f8,2026-04-13 00:01:06.000,Global Ory Login,de_upb
9fc11c5c-e9fb-4e0e-acde-e8d98c9d486e,2026-04-13 00:37:40.000,Legal Imprint,de_pum
9352892a-557d-44d5-9bbe-1c49962466f8,2026-04-12 22:07:58.000,Global Ory Login,de_upb
2ffaabd1-0f8c-45be-95a8-7172836905f1,2026-04-13 00:37:34.000,Mail Detail,de_pum
8a73c7f7-cd11-4f1c-86cc-81dd7625bfbc,2026-04-12 22:05:29.000,Studie Modules,de_pum
8a73c7f7-cd11-4f1c-86cc-81dd7625bfbc,2026-04-12 22:05:32.000,Authenticator,de_pum
7261f916-9d4b-44b0-961e-90b394db1264,2026-04-13 00:28:26.000,Mail Overview,de_phlb
7261f916-9d4b-44b0-961e-90b394db1264,2026-04-13 00:28:25.000,Cafeteria Overview,de_phlb
50a56c81-194e-49fc-9079-a0dcbc27a622,2026-04-13 00:37:51.000,Mail Detail,de_ks
4eb6f282-4d7a-447e-b7a6-d071a6bc8a39,2026-04-12 23:14:45.000,Mail Overview,de_tuda
19ae6272-9b16-4280-b4b2-b57f0552b377,2026-04-12 23:56:24.000,Mail Overview,de_eufb
19ae6272-9b16-4280-b4b2-b57f0552b377,2026-04-12 23:56:22.000,Mail Detail,de_eufb
824ad447-0275-4b4f-ab15-f9a412981fe9,2026-04-13 00:37:55.000,Mail Overview,de_hsab
19cbfcd7-0ac9-4a34-82b8-9dc49c637f8b,2026-04-13 00:37:58.000,Wallet Login,de_hm
824ad447-0275-4b4f-ab15-f9a412981fe9,2026-04-13 00:37:59.000,Studie Modules,de_hsab
824ad447-0275-4b4f-ab15-f9a412981fe9,2026-04-13 00:37:54.000,Studie Modules,de_hsab
89737f5e-4863-47f9-b50b-4b2ed30124f3,2026-04-13 00:38:04.000,Generic Links Overview,de_si
824ad447-0275-4b4f-ab15-f9a412981fe9,2026-04-13 00:38:06.000,Cafeteria Detail,de_hsab
7c5c1d3e-2db0-4dbe-a3fc-699d284551f6,2026-04-12 22:03:36.000,Mail Overview,de_ks
89737f5e-4863-47f9-b50b-4b2ed30124f3,2026-04-13 00:38:01.000,Studie Modules,de_si
19cbfcd7-0ac9-4a34-82b8-9dc49c637f8b,2026-04-13 00:38:04.000,Feed,de_hm
824ad447-0275-4b4f-ab15-f9a412981fe9,2026-04-13 00:38:05.000,Cafeteria Overview,de_hsab
7fab806f-01c1-46db-b05a-c2660c3b9473,2026-04-12 23:24:48.000,Mail Overview,de_thm
89de2688-258a-41ca-96a0-ef8209dc2c53,2026-04-13 00:38:04.000,Studie Modules,de_si
89de2688-258a-41ca-96a0-ef8209dc2c53,2026-04-13 00:01:43.000,Mail Overview,de_si
89de2688-258a-41ca-96a0-ef8209dc2c53,2026-04-13 00:38:06.000,Calendar Week View,de_si
89de2688-258a-41ca-96a0-ef8209dc2c53,2026-04-13 00:01:40.000,Mail Detail,de_si
53e4a44c-a1d4-4e33-ab46-db90d3571c74,2026-04-13 00:38:16.000,Generic Links Overview,de_hsfb
53e4a44c-a1d4-4e33-ab46-db90d3571c74,2026-04-13 00:38:15.000,Studie Modules,de_hsfb
716ccc7e-5c6c-46a4-ae5d-09f357e519ec,2026-04-13 00:38:07.000,Mail Detail,de_fhms
19cbfcd7-0ac9-4a34-82b8-9dc49c637f8b,2026-04-13 00:38:12.000,Studie Modules,de_hm
9fc11c5c-e9fb-4e0e-acde-e8d98c9d486e,2026-04-13 00:38:17.000,Settings Overview,de_pum
084c8f88-8292-45b8-9d6e-8376573db83a,2026-04-12 21:18:21.000,Studie Modules,de_jlug
d6cbfb3e-f479-47a3-bc34-8768ed855040,2026-04-13 00:37:04.000,Schedule Detail,de_hba
084c8f88-8292-45b8-9d6e-8376573db83a,2026-04-12 21:18:21.000,Mail Overview,de_jlug
3acf4f5c-e5a6-4e64-915d-6cee8f627bd0,2026-04-13 00:19:38.000,Mail Overview,de_thm
89de2688-258a-41ca-96a0-ef8209dc2c53,2026-04-13 00:38:18.000,Schedule Detail,de_si
89de2688-258a-41ca-96a0-ef8209dc2c53,2026-04-13 00:38:22.000,Calendar Week View,de_si
89de2688-258a-41ca-96a0-ef8209dc2c53,2026-04-13 00:38:24.000,Calendar Week View,de_si
89de2688-258a-41ca-96a0-ef8209dc2c53,2026-04-13 00:38:20.000,Schedule Detail,de_si
89de2688-258a-41ca-96a0-ef8209dc2c53,2026-04-13 00:38:20.000,Calendar Week View,de_si
89de2688-258a-41ca-96a0-ef8209dc2c53,2026-04-13 00:38:23.000,Schedule Detail,de_si
2f07413a-b5db-4ad2-9ae4-2eb7f0c06256,2026-04-13 00:38:16.000,Mail Overview,de_ovgu
2f07413a-b5db-4ad2-9ae4-2eb7f0c06256,2026-04-13 00:38:15.000,Studie Modules,de_ovgu
716ccc7e-5c6c-46a4-ae5d-09f357e519ec,2026-04-13 00:38:21.000,Mail Overview,de_fhms
a68c4bbe-fb7c-4d55-813f-96d0be8558ea,2026-04-13 00:38:15.000,Mail Overview,de_jmu
19cbfcd7-0ac9-4a34-82b8-9dc49c637f8b,2026-04-13 00:38:25.000,Links,de_hm
debe1d63-be77-429b-b157-4248bfbe7882,2026-04-13 00:38:23.000,Mail Overview,de_ua
debe1d63-be77-429b-b157-4248bfbe7882,2026-04-13 00:38:30.000,Feed,de_ua
9fc11c5c-e9fb-4e0e-acde-e8d98c9d486e,2026-04-13 00:38:22.000,Settings Accounts,de_pum
9fc11c5c-e9fb-4e0e-acde-e8d98c9d486e,2026-04-13 00:38:29.000,Uninow Account Login,de_pum
940a4d6b-4b58-46aa-a4bf-c3ff2314eb27,2026-04-13 00:38:30.000,Mail Overview,de_bt
2f07413a-b5db-4ad2-9ae4-2eb7f0c06256,2026-04-13 00:38:27.000,Mail Detail,de_ovgu
2f07413a-b5db-4ad2-9ae4-2eb7f0c06256,2026-04-13 00:38:29.000,Mail Overview,de_ovgu
2f07413a-b5db-4ad2-9ae4-2eb7f0c06256,2026-04-13 00:38:31.000,Mail Detail,de_ovgu
bda46dcb-a284-43a2-b6a9-48fad710bf39,2026-04-13 00:38:33.000,Studie Modules,de_pum
fac0516f-febd-41cc-ba67-5c493437edb3,2026-04-13 00:38:33.000,Mail Detail,de_jlug
fac0516f-febd-41cc-ba67-5c493437edb3,2026-04-13 00:38:28.000,Mail Overview,de_jlug
10fe8d89-07b0-4d17-afb2-efd751f981df,2026-04-13 00:12:12.000,Mail Overview,de_hsfd
10fe8d89-07b0-4d17-afb2-efd751f981df,2026-04-13 00:12:11.000,Studie Modules,de_hsfd
87379e8c-5c2b-4e56-8937-f600c81b5325,2026-04-13 00:38:31.000,Courses Overview,de_tum
373d06cf-9cdc-4c2b-8e22-6601bae39349,2026-04-13 00:38:29.000,External Login Expired,de_hm
42d75281-eb65-4bbd-b1eb-e72a0472025e,2026-04-12 23:38:34.000,Study Field Onboarding,de_uff
42d75281-eb65-4bbd-b1eb-e72a0472025e,2026-04-13 00:08:45.000,Study Field Onboarding,de_uff
14ae5f3e-c9ad-4003-a1ef-e5403fd91daa,2026-04-13 00:38:44.000,Studie Modules,de_pum
d5eae9c5-3c54-4426-8c03-eea25eb5fbb0,2026-04-11 20:04:38.000,Global Ory Login,de_si
d5eae9c5-3c54-4426-8c03-eea25eb5fbb0,2026-04-11 03:38:01.000,Global Ory Login,de_si
d5eae9c5-3c54-4426-8c03-eea25eb5fbb0,2026-04-11 04:38:19.000,Global Ory Login,de_si
827806ca-5871-4a21-b6bf-9039109e2b66,2026-04-13 00:38:45.000,Feed,de_ush
bda46dcb-a284-43a2-b6a9-48fad710bf39,2026-04-13 00:38:37.000,Generic Links Overview,de_pum
36c14864-1c8b-427b-ba0f-651b216c9efa,2026-04-13 00:38:43.000,Cafeteria Overview,de_hshb
e4f2885c-237f-4d70-ad67-20daaf9e6318,2026-04-12 20:16:52.000,Studie Modules,de_fhms
e4f2885c-237f-4d70-ad67-20daaf9e6318,2026-04-12 19:32:19.000,Studie Modules,de_fhms
e4f2885c-237f-4d70-ad67-20daaf9e6318,2026-04-12 19:32:20.000,Mail Overview,de_fhms
e4f2885c-237f-4d70-ad67-20daaf9e6318,2026-04-12 20:16:52.000,Mail Overview,de_fhms
f026e72b-9b30-435b-91e8-150c68bf4e30,2026-04-12 22:17:55.000,Mail Overview,de_pum
8f645e48-259b-49ea-b6c9-71b1039128de,2026-04-12 23:15:35.000,Mail Detail,de_ush
14ae5f3e-c9ad-4003-a1ef-e5403fd91daa,2026-04-13 00:38:47.000,Generic Links Overview,de_pum
827806ca-5871-4a21-b6bf-9039109e2b66,2026-04-13 00:38:48.000,Calendar Day View,de_ush
827806ca-5871-4a21-b6bf-9039109e2b66,2026-04-13 00:38:47.000,Feed,de_ush
5814387e-60e3-4cc0-b727-49c39e8c2c7e,2026-04-11 12:09:34.000,calendar_overview,ch_phz
5814387e-60e3-4cc0-b727-49c39e8c2c7e,2026-04-13 00:31:13.000,calendar_overview,ch_phz
fcde19a2-85fb-4d7a-9c4c-538ac984c89e,2026-04-13 00:37:05.000,Authenticator,de_pum
827806ca-5871-4a21-b6bf-9039109e2b66,2026-04-13 00:38:46.000,Cafeteria Overview,de_ush
fcde19a2-85fb-4d7a-9c4c-538ac984c89e,2026-04-13 00:38:55.000,Studie Modules,de_pum
bcc52ef0-2445-4c8b-8225-c92f2a7fb4f7,2026-04-13 00:38:52.000,Mail Overview,de_hsge
f00292b0-bdd5-4f6a-bea5-16a0d7502c9a,2026-04-12 23:37:43.000,External Login Expired,de_tuda
4019965d-1cf5-485a-a8f2-8941d9939c84,2026-04-13 00:38:58.000,Mail Overview,de_hsda
36c14864-1c8b-427b-ba0f-651b216c9efa,2026-04-13 00:38:59.000,Cafeteria Detail,de_hshb
f0e7fb52-acd4-46a8-91f7-1467a3df4204,2026-04-13 00:39:00.000,Feed,de_pum
65d316a2-8c06-4190-a4b6-49c5a9d14db8,2026-04-12 13:42:03.000,calendar_overview,de_cbs
65d316a2-8c06-4190-a4b6-49c5a9d14db8,2026-04-12 13:42:02.000,Calendar Detail,de_cbs
060e707e-9b30-4055-a35b-1d48985342ed,2026-04-12 21:21:14.000,Mail Overview,de_fhwo
060e707e-9b30-4055-a35b-1d48985342ed,2026-04-12 21:21:15.000,Mail Detail,de_fhwo
5814387e-60e3-4cc0-b727-49c39e8c2c7e,2026-04-13 00:38:58.000,Grades With API Overview,ch_phz
5814387e-60e3-4cc0-b727-49c39e8c2c7e,2026-04-13 00:39:03.000,Support Chat,ch_phz
5814387e-60e3-4cc0-b727-49c39e8c2c7e,2026-04-13 00:39:00.000,Support Chat,ch_phz
2dafa3a9-053c-470b-ade8-d562b473d985,2026-04-12 15:33:27.000,Feed,de_hsko
eb9ffc83-2d36-44c9-994e-1226ec15003c,2026-04-12 19:42:27.000,Grades Detail,de_fhswf
bda46dcb-a284-43a2-b6a9-48fad710bf39,2026-04-13 00:39:05.000,Studie Modules,de_pum
75a4f6ac-2e3b-458d-a7d8-8ebf26eb3196,2026-04-12 10:01:39.000,wallet,de_hsko
5814387e-60e3-4cc0-b727-49c39e8c2c7e,2026-04-13 00:39:04.000,Feed,ch_phz
fcde19a2-85fb-4d7a-9c4c-538ac984c89e,2026-04-13 00:38:56.000,Mail Detail,de_pum
75a4f6ac-2e3b-458d-a7d8-8ebf26eb3196,2026-04-11 19:01:17.000,Feed,de_hsko
75a4f6ac-2e3b-458d-a7d8-8ebf26eb3196,2026-04-11 19:01:14.000,wallet,de_hsko
5814387e-60e3-4cc0-b727-49c39e8c2c7e,2026-04-13 00:39:00.000,Feed,ch_phz
fcde19a2-85fb-4d7a-9c4c-538ac984c89e,2026-04-13 00:38:55.000,Mail Overview,de_pum
5814387e-60e3-4cc0-b727-49c39e8c2c7e,2026-04-13 00:38:56.000,Feed,ch_phz
2dafa3a9-053c-470b-ade8-d562b473d985,2026-04-12 15:33:29.000,Grades Overview,de_hsko
5814387e-60e3-4cc0-b727-49c39e8c2c7e,2026-04-13 00:39:02.000,Feed,ch_phz
872f9c72-e7ec-4208-a8da-18b1a8ee4a53,2026-04-12 23:17:47.000,Feed,de_phsg
872f9c72-e7ec-4208-a8da-18b1a8ee4a53,2026-04-12 23:17:46.000,Cafeteria Overview,de_phsg
f2038c3a-6e9f-425c-a789-01ef7b5dedf8,2026-04-12 17:34:01.000,Studie Modules,de_jlug
9fc11c5c-e9fb-4e0e-acde-e8d98c9d486e,2026-04-13 00:39:04.000,Settings Accounts,de_pum
1bbf795c-6ced-4519-840a-e57b81215e21,2026-04-13 00:39:01.000,Mail Detail,de_thm
1bbf795c-6ced-4519-840a-e57b81215e21,2026-04-13 00:38:55.000,Mail Overview,de_thm
4019965d-1cf5-485a-a8f2-8941d9939c84,2026-04-13 00:39:04.000,Studie Modules,de_hsda
1bbf795c-6ced-4519-840a-e57b81215e21,2026-04-13 00:39:07.000,Mail Detail,de_thm
1bbf795c-6ced-4519-840a-e57b81215e21,2026-04-13 00:39:06.000,Mail Overview,de_thm
1bbf795c-6ced-4519-840a-e57b81215e21,2026-04-13 00:38:54.000,Studie Modules,de_thm
4019965d-1cf5-485a-a8f2-8941d9939c84,2026-04-13 00:39:07.000,Mail Overview,de_hsda
1bbf795c-6ced-4519-840a-e57b81215e21,2026-04-13 00:39:08.000,Mail Overview,de_thm
f18f39e9-f620-4ec2-9c06-161bdbe392d9,2026-04-13 00:39:02.000,Feed,de_hm
131dc780-1e55-4859-8a58-d0d7de9b8ee7,2026-04-12 16:20:11.000,Mail Detail,de_jlug
a81cb65e-5a5e-4697-a9fd-45f8be456d7a,2026-04-13 00:39:01.000,Mail Overview,de_hsda
3cec0edc-2e59-4cc0-8c95-9b67cc65160e,2026-04-13 00:39:05.000,Mail Overview,de_hsda
131dc780-1e55-4859-8a58-d0d7de9b8ee7,2026-04-12 16:20:13.000,Mail Overview,de_jlug
d6e1d264-f9a1-4167-93b5-03ddfd672f73,2026-04-12 17:01:42.000,Mail Overview,de_jlug
d6e1d264-f9a1-4167-93b5-03ddfd672f73,2026-04-12 14:35:52.000,Studie Modules,de_jlug
d6e1d264-f9a1-4167-93b5-03ddfd672f73,2026-04-12 14:35:50.000,Career Company V2,de_jlug
d6e1d264-f9a1-4167-93b5-03ddfd672f73,2026-04-12 14:35:53.000,Mail Overview,de_jlug
de869d42-bc0a-4c0c-8169-e4ae861438cf,2026-04-13 00:39:08.000,Mail Overview,de_si
de869d42-bc0a-4c0c-8169-e4ae861438cf,2026-04-13 00:39:12.000,Mail Detail,de_si
d6e1d264-f9a1-4167-93b5-03ddfd672f73,2026-04-12 14:35:52.000,Feed,de_jlug
de869d42-bc0a-4c0c-8169-e4ae861438cf,2026-04-13 00:39:07.000,Studie Modules,de_si
d6e1d264-f9a1-4167-93b5-03ddfd672f73,2026-04-12 17:01:42.000,Studie Modules,de_jlug
5711aa9f-f473-472a-9fdf-d33b181cf3ec,2026-04-13 00:39:10.000,Calendar Day View,de_hslu
bda46dcb-a284-43a2-b6a9-48fad710bf39,2026-04-13 00:39:12.000,Generic Links Overview,de_pum
fcde19a2-85fb-4d7a-9c4c-538ac984c89e,2026-04-13 00:39:12.000,Mail Detail,de_pum
bda46dcb-a284-43a2-b6a9-48fad710bf39,2026-04-13 00:39:10.000,Studie Modules,de_pum
fcde19a2-85fb-4d7a-9c4c-538ac984c89e,2026-04-13 00:39:12.000,Mail Overview,de_pum
bda46dcb-a284-43a2-b6a9-48fad710bf39,2026-04-13 00:39:06.000,Authenticator,de_pum
5814387e-60e3-4cc0-b727-49c39e8c2c7e,2026-04-13 00:39:05.000,calendar_overview,ch_phz
edef7a51-e630-4dd6-9cdf-3f5de5037de5,2026-04-13 00:39:11.000,Global Ory Login,de_hsge
9fc11c5c-e9fb-4e0e-acde-e8d98c9d486e,2026-04-13 00:39:12.000,Settings Account Mail Advanced,de_pum
9fc11c5c-e9fb-4e0e-acde-e8d98c9d486e,2026-04-13 00:39:15.000,Settings Accounts,de_pum
1bbf795c-6ced-4519-840a-e57b81215e21,2026-04-13 00:39:09.000,Studie Modules,de_thm
1bbf795c-6ced-4519-840a-e57b81215e21,2026-04-13 00:39:12.000,Cafeteria Overview,de_thm
824ad447-0275-4b4f-ab15-f9a412981fe9,2026-04-13 00:39:21.000,Cafeteria Overview,de_hsab
3f0dffd8-e84a-43bd-a4e9-70fad18550ff,2026-04-13 00:39:15.000,Studie Modules,de_ua
887d4dd8-6757-4648-b014-7120de51e92e,2026-04-12 19:22:46.000,Mail Login,de_hm
3f0dffd8-e84a-43bd-a4e9-70fad18550ff,2026-04-12 21:35:46.000,Mail Overview,de_ua
3f0dffd8-e84a-43bd-a4e9-70fad18550ff,2026-04-13 00:39:16.000,Mail Overview,de_ua
5711aa9f-f473-472a-9fdf-d33b181cf3ec,2026-04-13 00:39:25.000,Schedule Detail,de_hslu
887d4dd8-6757-4648-b014-7120de51e92e,2026-04-12 19:22:44.000,Feed,de_hm
887d4dd8-6757-4648-b014-7120de51e92e,2026-04-12 19:22:45.000,Studie Modules,de_hm
6f1fbf72-2216-4ed8-88d4-8d40268cfa68,2026-04-12 23:18:37.000,Mail Overview,de_si
15108394-5558-4229-b42a-5c18cf98d5c2,2026-04-12 22:30:22.000,Mail Overview,de_lg
6f1fbf72-2216-4ed8-88d4-8d40268cfa68,2026-04-12 23:18:36.000,Studie Modules,de_si
15108394-5558-4229-b42a-5c18cf98d5c2,2026-04-12 22:30:22.000,Studie Modules,de_lg
15108394-5558-4229-b42a-5c18cf98d5c2,2026-04-12 21:49:27.000,Cafeteria Overview,de_lg
9fc11c5c-e9fb-4e0e-acde-e8d98c9d486e,2026-04-13 00:39:26.000,Settings Overview,de_pum
4019965d-1cf5-485a-a8f2-8941d9939c84,2026-04-13 00:39:27.000,Mail Detail,de_hsda
3cec0edc-2e59-4cc0-8c95-9b67cc65160e,2026-04-13 00:39:25.000,Mail Detail,de_hsda
ae5bebc8-7aba-4b3f-9ec1-9cfb81c1653d,2026-04-12 16:55:25.000,Mail Overview,de_hsaa
ae5bebc8-7aba-4b3f-9ec1-9cfb81c1653d,2026-04-12 16:55:24.000,Studie Modules,de_hsaa
296a7a64-3c6f-4c3c-8079-be92b0a17ad8,2026-04-13 00:39:24.000,Global Ory Login,de_upb
9fc11c5c-e9fb-4e0e-acde-e8d98c9d486e,2026-04-13 00:39:31.000,Feed,de_pum
9fc11c5c-e9fb-4e0e-acde-e8d98c9d486e,2026-04-13 00:39:34.000,Schedule Setup,de_pum
9fc11c5c-e9fb-4e0e-acde-e8d98c9d486e,2026-04-13 00:39:36.000,Schedule Overview,de_pum
d6e1d264-f9a1-4167-93b5-03ddfd672f73,2026-04-13 00:39:34.000,Mail Overview,de_jlug
e222bfbe-dab1-4fae-a6c4-a14c86634a4f,2026-04-12 12:42:00.000,Studie Modules,de_fhbh
0c846526-87ab-45e2-9302-42b38a190b17,2026-04-10 09:26:56.000,Feed Detail,de_ehl
e222bfbe-dab1-4fae-a6c4-a14c86634a4f,2026-04-12 12:42:01.000,Grades Overview,de_fhbh
e222bfbe-dab1-4fae-a6c4-a14c86634a4f,2026-04-12 12:41:58.000,Feed,de_fhbh
e222bfbe-dab1-4fae-a6c4-a14c86634a4f,2026-04-12 12:42:02.000,Studie Modules,de_fhbh
0c846526-87ab-45e2-9302-42b38a190b17,2026-04-10 09:33:24.000,Schedule Login,de_ehl
0c846526-87ab-45e2-9302-42b38a190b17,2026-04-10 09:33:12.000,Schedule Setup,de_ehl
0c846526-87ab-45e2-9302-42b38a190b17,2026-04-10 09:33:34.000,Schedule Permission,de_ehl
0c846526-87ab-45e2-9302-42b38a190b17,2026-04-10 09:33:20.000,Calendar Week View,de_ehl
0c846526-87ab-45e2-9302-42b38a190b17,2026-04-10 09:33:38.000,Calendar Week View,de_ehl
0c846526-87ab-45e2-9302-42b38a190b17,2026-04-10 09:33:16.000,Calendar Day View,de_ehl
0c846526-87ab-45e2-9302-42b38a190b17,2026-04-10 09:33:10.000,Feed,de_ehl
3cec0edc-2e59-4cc0-8c95-9b67cc65160e,2026-04-13 00:39:39.000,Mail Overview,de_hsda
0c846526-87ab-45e2-9302-42b38a190b17,2026-04-10 09:45:31.000,Schedule Detail,de_ehl
0c846526-87ab-45e2-9302-42b38a190b17,2026-04-10 09:45:03.000,Schedule Detail,de_ehl
0c846526-87ab-45e2-9302-42b38a190b17,2026-04-10 09:45:35.000,Calendar Week View,de_ehl
0c846526-87ab-45e2-9302-42b38a190b17,2026-04-10 09:45:29.000,Calendar Week View,de_ehl
c637eca7-a5d9-4620-849c-5c51525ef577,2026-04-12 09:01:44.000,Study Field Onboarding,de_hszg
c637eca7-a5d9-4620-849c-5c51525ef577,2026-04-12 12:00:54.000,Study Field Onboarding,de_hszg
c637eca7-a5d9-4620-849c-5c51525ef577,2026-04-12 09:33:26.000,Study Field Onboarding,de_hszg
c637eca7-a5d9-4620-849c-5c51525ef577,2026-04-12 07:29:48.000,Study Field Onboarding,de_hszg
a81cb65e-5a5e-4697-a9fd-45f8be456d7a,2026-04-13 00:39:46.000,Mail Detail,de_hsda
36f05130-b323-4ddc-98bc-a5fb13e9ffe3,2026-04-13 00:39:40.000,Feed,""
02c6b959-f145-4c5c-b161-2f92f2669580,2026-04-13 00:39:39.000,Feed,de_ua
4019965d-1cf5-485a-a8f2-8941d9939c84,2026-04-13 00:39:45.000,Mail Overview,de_hsda
36f05130-b323-4ddc-98bc-a5fb13e9ffe3,2026-04-13 00:39:38.000,Setup Loading,""
36f05130-b323-4ddc-98bc-a5fb13e9ffe3,2026-04-13 00:39:46.000,Courses Login,de_jlug
02c6b959-f145-4c5c-b161-2f92f2669580,2026-04-13 00:39:41.000,Feed Shortcuts List,de_ua
36f05130-b323-4ddc-98bc-a5fb13e9ffe3,2026-04-13 00:39:42.000,Settings Loading,de_jlug
f9d6b4a2-d785-484c-833a-947e68df7b58,2026-04-13 00:39:45.000,Mail Overview,de_emau
9fc11c5c-e9fb-4e0e-acde-e8d98c9d486e,2026-04-13 00:39:49.000,Calendar Day View,de_pum
8e5c7cc9-149f-489e-93a5-c9efb7ecebac,2026-04-13 00:39:45.000,Mail Overview,de_hsda
8e5c7cc9-149f-489e-93a5-c9efb7ecebac,2026-04-13 00:36:14.000,Feed,de_hsda
2124c0b8-4432-411e-a2d3-42a8d3754b91,2026-04-13 00:39:43.000,Studie Modules,de_pum
2124c0b8-4432-411e-a2d3-42a8d3754b91,2026-04-13 00:39:45.000,Generic Links Overview,de_pum
73f93b3b-8ffb-4e7f-bd1f-0da18c04e0f9,2026-04-12 10:31:47.000,Feed,de_pum
533c8e70-aeb1-44d3-8766-0d753bf5ce54,2026-04-12 21:54:20.000,Mail Overview,de_hsge
533c8e70-aeb1-44d3-8766-0d753bf5ce54,2026-04-12 21:54:25.000,Feed,de_hsge
533c8e70-aeb1-44d3-8766-0d753bf5ce54,2026-04-13 00:39:52.000,Settings Overview,de_hsge
533c8e70-aeb1-44d3-8766-0d753bf5ce54,2026-04-13 00:39:53.000,Career Main,de_hsge
02c6b959-f145-4c5c-b161-2f92f2669580,2026-04-13 00:39:50.000,Studie Modules,de_ua
716c20db-72f7-4669-9b02-eea93d9639d2,2026-04-13 00:39:53.000,Calendar Week View,de_fhwo
716c20db-72f7-4669-9b02-eea93d9639d2,2026-04-13 00:39:55.000,Schedule Detail,de_fhwo
a81cb65e-5a5e-4697-a9fd-45f8be456d7a,2026-04-13 00:39:47.000,Mail Overview,de_hsda
02c6b959-f145-4c5c-b161-2f92f2669580,2026-04-13 00:39:54.000,Generic Links Overview,de_ua
716c20db-72f7-4669-9b02-eea93d9639d2,2026-04-13 00:39:50.000,Schedule Detail,de_fhwo
02c6b959-f145-4c5c-b161-2f92f2669580,2026-04-13 00:39:46.000,Feed,de_ua
716c20db-72f7-4669-9b02-eea93d9639d2,2026-04-13 00:39:46.000,Calendar Week View,de_fhwo
3cec0edc-2e59-4cc0-8c95-9b67cc65160e,2026-04-13 00:39:58.000,Mail Detail,de_hsda
757607e4-1d5d-4449-b828-004b8bc4fb2e,2026-04-13 00:39:48.000,External Login Expired,de_hm
9fc11c5c-e9fb-4e0e-acde-e8d98c9d486e,2026-04-13 00:39:58.000,Schedule Login,de_pum
03c62020-dba9-4b3c-b500-eccfe20a8b43,2026-04-10 09:31:51.000,Feed,de_hfr
03c62020-dba9-4b3c-b500-eccfe20a8b43,2026-04-13 00:39:49.000,Mail Overview,de_hfr
03c62020-dba9-4b3c-b500-eccfe20a8b43,2026-04-13 00:39:55.000,Mail Detail,de_hfr
533c8e70-aeb1-44d3-8766-0d753bf5ce54,2026-04-13 00:39:55.000,Mail Overview,de_hsge
533c8e70-aeb1-44d3-8766-0d753bf5ce54,2026-04-13 00:39:54.000,Feed,de_hsge
533c8e70-aeb1-44d3-8766-0d753bf5ce54,2026-04-13 00:40:02.000,Feed,de_hsge
e09af6f1-d0e5-4bcb-b769-5a4ad03ec1a2,2026-04-13 00:39:57.000,Authenticator,de_pum
533c8e70-aeb1-44d3-8766-0d753bf5ce54,2026-04-13 00:40:03.000,Mail Overview,de_hsge
ec7ee107-2f78-4068-94c7-ef7a883e3790,2026-04-12 22:55:12.000,Mail Overview,de_ks
ec7ee107-2f78-4068-94c7-ef7a883e3790,2026-04-12 22:55:13.000,Feed,de_ks
4019965d-1cf5-485a-a8f2-8941d9939c84,2026-04-13 00:39:57.000,Studie Modules,de_hsda
02c6b959-f145-4c5c-b161-2f92f2669580,2026-04-13 00:40:05.000,Studie Modules,de_ua
02c6b959-f145-4c5c-b161-2f92f2669580,2026-04-13 00:39:59.000,Studie Modules,de_ua
02c6b959-f145-4c5c-b161-2f92f2669580,2026-04-13 00:40:00.000,Generic Links Overview,de_ua
4019965d-1cf5-485a-a8f2-8941d9939c84,2026-04-13 00:40:01.000,Mail Overview,de_hsda
824ad447-0275-4b4f-ab15-f9a412981fe9,2026-04-13 00:39:56.000,Studie Modules,de_hsab
824ad447-0275-4b4f-ab15-f9a412981fe9,2026-04-13 00:39:57.000,Mail Overview,de_hsab
824ad447-0275-4b4f-ab15-f9a412981fe9,2026-04-13 00:39:22.000,Studie Modules,de_hsab
824ad447-0275-4b4f-ab15-f9a412981fe9,2026-04-13 00:40:02.000,Calendar Day View,de_hsab
824ad447-0275-4b4f-ab15-f9a412981fe9,2026-04-13 00:39:59.000,Studie Modules,de_hsab
30767020-3b48-4b62-aac4-67bb206f4e51,2026-04-12 11:45:00.000,Mail Overview,de_hdm
36f05130-b323-4ddc-98bc-a5fb13e9ffe3,2026-04-13 00:40:06.000,Courses Overview,de_jlug
03c62020-dba9-4b3c-b500-eccfe20a8b43,2026-04-13 00:40:12.000,Mail Overview,de_hfr
b4661030-74ba-4a71-b65e-e06599a0332f,2026-04-13 00:34:40.000,Career Onboarding,de_lg
e09af6f1-d0e5-4bcb-b769-5a4ad03ec1a2,2026-04-13 00:40:11.000,Authenticator,de_pum
533c8e70-aeb1-44d3-8766-0d753bf5ce54,2026-04-13 00:40:07.000,Feed,de_hsge
e09af6f1-d0e5-4bcb-b769-5a4ad03ec1a2,2026-04-13 00:40:06.000,Authenticator Scan,de_pum
507fad6d-09ca-4359-9c12-2ecf733bd9e7,2026-04-12 23:49:14.000,Study Field Onboarding,de_uff
716c20db-72f7-4669-9b02-eea93d9639d2,2026-04-13 00:40:13.000,Calendar Week View,de_fhwo
716c20db-72f7-4669-9b02-eea93d9639d2,2026-04-13 00:39:59.000,Schedule Detail,de_fhwo
716c20db-72f7-4669-9b02-eea93d9639d2,2026-04-13 00:40:12.000,Schedule Detail,de_fhwo
716c20db-72f7-4669-9b02-eea93d9639d2,2026-04-13 00:40:03.000,Calendar Week View,de_fhwo
716c20db-72f7-4669-9b02-eea93d9639d2,2026-04-13 00:39:57.000,Calendar Week View,de_fhwo
507fad6d-09ca-4359-9c12-2ecf733bd9e7,2026-04-12 17:33:19.000,Study Field Onboarding,de_uff
02c6b959-f145-4c5c-b161-2f92f2669580,2026-04-13 00:40:15.000,Studie Modules,de_ua
02c6b959-f145-4c5c-b161-2f92f2669580,2026-04-13 00:40:08.000,Studie Modules,de_ua
4019965d-1cf5-485a-a8f2-8941d9939c84,2026-04-13 00:40:08.000,Mail Detail,de_hsda
02c6b959-f145-4c5c-b161-2f92f2669580,2026-04-13 00:40:11.000,Studie Modules,de_ua
02c6b959-f145-4c5c-b161-2f92f2669580,2026-04-13 00:40:07.000,Todo,de_ua
02c6b959-f145-4c5c-b161-2f92f2669580,2026-04-13 00:40:10.000,Grid Menu Modal,de_ua
02c6b959-f145-4c5c-b161-2f92f2669580,2026-04-13 00:40:11.000,Grid Modify,de_ua
4019965d-1cf5-485a-a8f2-8941d9939c84,2026-04-13 00:40:13.000,Mail Overview,de_hsda
36f05130-b323-4ddc-98bc-a5fb13e9ffe3,2026-04-13 00:40:09.000,Courses Detail,de_jlug
3cec0edc-2e59-4cc0-8c95-9b67cc65160e,2026-04-13 00:40:13.000,Mail Detail,de_hsda
3cec0edc-2e59-4cc0-8c95-9b67cc65160e,2026-04-13 00:40:11.000,Mail Overview,de_hsda
9fc11c5c-e9fb-4e0e-acde-e8d98c9d486e,2026-04-13 00:40:22.000,Schedule Permission,de_pum
533c8e70-aeb1-44d3-8766-0d753bf5ce54,2026-04-13 00:40:16.000,wallet,de_hsge
f64734bb-2760-4c9c-bba8-07d821aecdd5,2026-04-12 22:58:29.000,Mail Overview,de_hsko
02c6b959-f145-4c5c-b161-2f92f2669580,2026-04-13 00:40:20.000,Grid Menu Modal,de_ua
02c6b959-f145-4c5c-b161-2f92f2669580,2026-04-13 00:40:22.000,Todo,de_ua
02c6b959-f145-4c5c-b161-2f92f2669580,2026-04-13 00:40:21.000,Studie Modules,de_ua
02c6b959-f145-4c5c-b161-2f92f2669580,2026-04-13 00:40:25.000,Todo Settings,de_ua
36f05130-b323-4ddc-98bc-a5fb13e9ffe3,2026-04-13 00:40:21.000,Courses Detail,de_jlug
e063abcb-cbb5-4004-b849-de7969c9208d,2026-04-12 14:13:09.000,Studie Modules,de_hsnb
e063abcb-cbb5-4004-b849-de7969c9208d,2026-04-12 14:13:10.000,Mail Overview,de_hsnb
e063abcb-cbb5-4004-b849-de7969c9208d,2026-04-12 14:13:12.000,Mail Overview,de_hsnb
e063abcb-cbb5-4004-b849-de7969c9208d,2026-04-12 14:13:11.000,Mail Detail,de_hsnb
e063abcb-cbb5-4004-b849-de7969c9208d,2026-04-12 14:13:14.000,Grades Overview,de_hsnb
e063abcb-cbb5-4004-b849-de7969c9208d,2026-04-12 11:49:34.000,Mail Overview,de_hsnb
36f05130-b323-4ddc-98bc-a5fb13e9ffe3,2026-04-13 00:40:22.000,Courses Overview,de_jlug
36f05130-b323-4ddc-98bc-a5fb13e9ffe3,2026-04-13 00:40:19.000,Courses Next Appointments,de_jlug
e063abcb-cbb5-4004-b849-de7969c9208d,2026-04-12 14:13:13.000,Studie Modules,de_hsnb
c57c58e8-f7ca-4a7b-a273-2bf37cda75f4,2026-04-12 20:41:13.000,Mail Overview,de_tuda
3cec0edc-2e59-4cc0-8c95-9b67cc65160e,2026-04-13 00:40:31.000,Mail Overview,de_hsda
c57c58e8-f7ca-4a7b-a273-2bf37cda75f4,2026-04-12 20:41:12.000,Studie Modules,de_tuda
c57c58e8-f7ca-4a7b-a273-2bf37cda75f4,2026-04-12 20:41:15.000,Studie Modules,de_tuda
9fc11c5c-e9fb-4e0e-acde-e8d98c9d486e,2026-04-13 00:40:24.000,Calendar Day View,de_pum
533c8e70-aeb1-44d3-8766-0d753bf5ce54,2026-04-13 00:40:32.000,Wallet Disclaimer,de_hsge
8e5c7cc9-149f-489e-93a5-c9efb7ecebac,2026-04-13 00:40:35.000,Mail Detail,de_hsda
02c6b959-f145-4c5c-b161-2f92f2669580,2026-04-13 00:40:30.000,Grid Modify,de_ua
02c6b959-f145-4c5c-b161-2f92f2669580,2026-04-13 00:40:30.000,Studie Modules,de_ua
02c6b959-f145-4c5c-b161-2f92f2669580,2026-04-13 00:40:28.000,Grid Menu Modal,de_ua
02c6b959-f145-4c5c-b161-2f92f2669580,2026-04-13 00:40:27.000,Studie Modules,de_ua
02c6b959-f145-4c5c-b161-2f92f2669580,2026-04-13 00:40:26.000,Todo,de_ua
e063abcb-cbb5-4004-b849-de7969c9208d,2026-04-13 00:40:27.000,Studie Modules,de_hsnb
e063abcb-cbb5-4004-b849-de7969c9208d,2026-04-13 00:40:32.000,Studie Modules,de_hsnb
e063abcb-cbb5-4004-b849-de7969c9208d,2026-04-13 00:40:28.000,Mail Overview,de_hsnb
36f05130-b323-4ddc-98bc-a5fb13e9ffe3,2026-04-13 00:40:33.000,Courses Overview,de_jlug
028ff13f-bf4e-40f3-9668-7de14d085408,2026-04-12 22:12:52.000,Mail Overview,de_jlug
36f05130-b323-4ddc-98bc-a5fb13e9ffe3,2026-04-13 00:40:34.000,Courses Detail,de_jlug
e063abcb-cbb5-4004-b849-de7969c9208d,2026-04-13 00:40:33.000,Grades Overview,de_hsnb
028ff13f-bf4e-40f3-9668-7de14d085408,2026-04-12 22:38:04.000,Mail Overview,de_jlug
36f05130-b323-4ddc-98bc-a5fb13e9ffe3,2026-04-13 00:40:32.000,Feed,de_jlug
4f63c941-f2da-418c-bf46-f6431d7bedab,2026-04-13 00:24:05.000,External Login Expired,de_hsda
cee68b0d-9d53-4712-98b7-94d05bea630c,2026-04-13 00:40:38.000,Mail Detail,de_hsmz
cee68b0d-9d53-4712-98b7-94d05bea630c,2026-04-13 00:40:33.000,Studie Modules,de_hsmz
d7a1d329-6f1f-43c1-b697-6bc4ca760586,2026-04-12 17:55:02.000,Grades Overview,de_hsko
9fc11c5c-e9fb-4e0e-acde-e8d98c9d486e,2026-04-13 00:40:41.000,Schedule Overview,de_pum
cee68b0d-9d53-4712-98b7-94d05bea630c,2026-04-13 00:40:35.000,Mail Overview,de_hsmz
216aed68-b906-4b77-bb50-9b4148ac91db,2026-04-10 08:11:36.000,Mail Overview,de_fhms
216aed68-b906-4b77-bb50-9b4148ac91db,2026-04-10 08:11:34.000,Calendar Week View,de_fhms
216aed68-b906-4b77-bb50-9b4148ac91db,2026-04-10 08:11:40.000,Mail Detail,de_fhms
216aed68-b906-4b77-bb50-9b4148ac91db,2026-04-10 08:11:27.000,Mail Overview,de_fhms
216aed68-b906-4b77-bb50-9b4148ac91db,2026-04-10 08:11:35.000,Feed,de_fhms
48d42d27-c45b-4d09-97ca-50da2890c8a8,2026-04-13 00:40:35.000,Generic Links Overview,de_jlug
48d42d27-c45b-4d09-97ca-50da2890c8a8,2026-04-13 00:40:33.000,Studie Modules,de_jlug
216aed68-b906-4b77-bb50-9b4148ac91db,2026-04-10 08:11:56.000,Mail Overview,de_fhms
216aed68-b906-4b77-bb50-9b4148ac91db,2026-04-10 09:18:56.000,Feed,de_fhms
216aed68-b906-4b77-bb50-9b4148ac91db,2026-04-10 09:24:35.000,Cafeteria Overview,de_fhms
216aed68-b906-4b77-bb50-9b4148ac91db,2026-04-10 09:24:19.000,Feed Detail,de_fhms
216aed68-b906-4b77-bb50-9b4148ac91db,2026-04-10 09:25:01.000,Cafeteria Overview,de_fhms
216aed68-b906-4b77-bb50-9b4148ac91db,2026-04-10 09:24:53.000,Cafeteria Detail,de_fhms
216aed68-b906-4b77-bb50-9b4148ac91db,2026-04-10 09:19:00.000,Cafeteria Overview,de_fhms
8e5c7cc9-149f-489e-93a5-c9efb7ecebac,2026-04-13 00:40:42.000,Mail Overview,de_hsda
b92f7667-46af-4d62-89fa-920e88895e48,2026-04-13 00:40:38.000,Cafeteria Overview,de_lg
b92f7667-46af-4d62-89fa-920e88895e48,2026-04-13 00:40:45.000,Cafeteria Overview,de_lg
b92f7667-46af-4d62-89fa-920e88895e48,2026-04-13 00:40:39.000,Cafeteria Detail,de_lg
b92f7667-46af-4d62-89fa-920e88895e48,2026-04-13 00:40:37.000,Studie Modules,de_lg
02c6b959-f145-4c5c-b161-2f92f2669580,2026-04-13 00:40:40.000,Generic Links Overview,de_ua
36f05130-b323-4ddc-98bc-a5fb13e9ffe3,2026-04-13 00:40:42.000,Courses Next Appointments,de_jlug
36f05130-b323-4ddc-98bc-a5fb13e9ffe3,2026-04-13 00:40:44.000,Courses Detail,de_jlug
02c6b959-f145-4c5c-b161-2f92f2669580,2026-04-13 00:40:39.000,Studie Modules,de_ua
36f05130-b323-4ddc-98bc-a5fb13e9ffe3,2026-04-13 00:40:44.000,Courses Overview,de_jlug
543d5e9f-e122-4863-8562-c4f5b0ea238e,2026-04-13 00:40:37.000,Studie Modules,de_hfwu
543d5e9f-e122-4863-8562-c4f5b0ea238e,2026-04-13 00:40:40.000,Studie Modules,de_hfwu
543d5e9f-e122-4863-8562-c4f5b0ea238e,2026-04-13 00:40:41.000,Generic Links Overview,de_hfwu
543d5e9f-e122-4863-8562-c4f5b0ea238e,2026-04-13 00:40:38.000,Mail Overview,de_hfwu
b64c471f-47ad-443b-81aa-137d371df366,2026-04-12 23:42:41.000,Studie Modules,de_ush
b64c471f-47ad-443b-81aa-137d371df366,2026-04-12 23:42:42.000,Mail Overview,de_ush
41ebfc22-53fd-4950-9e8b-da42ad94a863,2026-04-13 00:40:47.000,Mail Overview,de_fhja
986b4c48-ff85-402f-adb0-4b1f59c246e6,2026-04-12 19:24:49.000,Cafeteria Overview,de_phsg
986b4c48-ff85-402f-adb0-4b1f59c246e6,2026-04-12 19:24:50.000,Cafeteria Detail,de_phsg
9fc11c5c-e9fb-4e0e-acde-e8d98c9d486e,2026-04-13 00:40:50.000,Studie Modules,de_pum
9fc11c5c-e9fb-4e0e-acde-e8d98c9d486e,2026-04-13 00:40:49.000,Feed,de_pum
48d42d27-c45b-4d09-97ca-50da2890c8a8,2026-04-13 00:40:48.000,Studie Modules,de_jlug
eb28df07-8b73-4dae-a67d-9a4afe54c9c8,2026-04-13 00:40:44.000,Study Field Onboarding,de_hbc
e89985f4-8dba-448f-ab98-6f1c97e6bb2a,2026-04-13 00:10:37.000,External Login Expired,de_tuda
48d42d27-c45b-4d09-97ca-50da2890c8a8,2026-04-13 00:40:50.000,Generic Links Overview,de_jlug
8e5c7cc9-149f-489e-93a5-c9efb7ecebac,2026-04-13 00:40:50.000,Mail Detail,de_hsda
02c6b959-f145-4c5c-b161-2f92f2669580,2026-04-13 00:40:53.000,Studie Modules,de_ua
02c6b959-f145-4c5c-b161-2f92f2669580,2026-04-13 00:40:49.000,Studie Modules,de_ua
02c6b959-f145-4c5c-b161-2f92f2669580,2026-04-13 00:40:54.000,Generic Links Overview,de_ua
02c6b959-f145-4c5c-b161-2f92f2669580,2026-04-13 00:40:50.000,Campus,de_ua
e09af6f1-d0e5-4bcb-b769-5a4ad03ec1a2,2026-04-13 00:40:56.000,Authenticator,de_pum
89737f5e-4863-47f9-b50b-4b2ed30124f3,2026-04-13 00:40:58.000,Studie Modules,de_si
9fc11c5c-e9fb-4e0e-acde-e8d98c9d486e,2026-04-13 00:41:00.000,Studie Modules,de_pum
9fc11c5c-e9fb-4e0e-acde-e8d98c9d486e,2026-04-13 00:40:52.000,Generic Links Overview,de_pum
ace2a091-1142-4a37-869c-dc234c117655,2026-04-12 22:48:25.000,Grades Overview,de_hsge
ace2a091-1142-4a37-869c-dc234c117655,2026-04-12 22:48:24.000,Feed,de_hsge
4019965d-1cf5-485a-a8f2-8941d9939c84,2026-04-13 00:41:07.000,Mail Detail,de_hsda
89737f5e-4863-47f9-b50b-4b2ed30124f3,2026-04-13 00:41:02.000,Mail Detail,de_si
89737f5e-4863-47f9-b50b-4b2ed30124f3,2026-04-13 00:41:06.000,Mail Detail,de_si
89737f5e-4863-47f9-b50b-4b2ed30124f3,2026-04-13 00:41:06.000,Mail Overview,de_si
89737f5e-4863-47f9-b50b-4b2ed30124f3,2026-04-13 00:41:00.000,Mail Overview,de_si
a32289c8-b958-450a-86f5-89c1a3771fec,2026-04-13 00:41:04.000,Feed Detail,de_hsfd
6ba86931-7a4d-4d39-8e84-a9f452c1afd1,2026-04-12 21:45:29.000,Mail Overview,de_fhki
3fdd8871-3e81-482c-ae6e-b9726e51c374,2026-04-12 23:43:55.000,Schedule Detail,de_ehl
533c8e70-aeb1-44d3-8766-0d753bf5ce54,2026-04-13 00:41:10.000,wallet,de_hsge
3cec0edc-2e59-4cc0-8c95-9b67cc65160e,2026-04-13 00:41:10.000,Mail Detail,de_hsda
9fc11c5c-e9fb-4e0e-acde-e8d98c9d486e,2026-04-13 00:41:07.000,Schedule Overview,de_pum
6b9a13bc-7418-4c68-8d12-9cde7a0c170f,2026-04-13 00:11:07.000,External Login Expired,de_tuda
6b9a13bc-7418-4c68-8d12-9cde7a0c170f,2026-04-13 00:41:08.000,External Login Expired,de_tuda
3cec0edc-2e59-4cc0-8c95-9b67cc65160e,2026-04-13 00:41:18.000,Mail Overview,de_hsda
9fc11c5c-e9fb-4e0e-acde-e8d98c9d486e,2026-04-13 00:41:15.000,Settings Overview,de_pum
9fc11c5c-e9fb-4e0e-acde-e8d98c9d486e,2026-04-13 00:41:18.000,Settings Accounts,de_pum
9fc11c5c-e9fb-4e0e-acde-e8d98c9d486e,2026-04-13 00:41:14.000,Studie Modules,de_pum
93ed3bb5-0b89-4d93-bad9-bea225725fbe,2026-04-13 00:41:21.000,Studie Modules,de_jlug
e68757bd-1d39-4010-aeda-288312962bd1,2026-04-13 00:41:23.000,Grades Overview,de_tubf
e68757bd-1d39-4010-aeda-288312962bd1,2026-04-13 00:41:22.000,Studie Modules,de_tubf
93ed3bb5-0b89-4d93-bad9-bea225725fbe,2026-04-13 00:41:23.000,Mail Setup Manual,de_jlug
93ed3bb5-0b89-4d93-bad9-bea225725fbe,2026-04-11 12:17:24.000,Feed,de_jlug
f194abb9-f0e9-478e-89ed-3a77af2983d1,2026-04-13 00:39:54.000,Schedule Detail,de_hsm
f194abb9-f0e9-478e-89ed-3a77af2983d1,2026-04-13 00:39:51.000,Calendar Day View,de_hsm
f194abb9-f0e9-478e-89ed-3a77af2983d1,2026-04-13 00:39:50.000,Studie Modules,de_hsm
4019965d-1cf5-485a-a8f2-8941d9939c84,2026-04-13 00:41:20.000,Mail Overview,de_hsda
f194abb9-f0e9-478e-89ed-3a77af2983d1,2026-04-13 00:41:28.000,Calendar Day View,de_hsm
325dadad-0f61-478e-9a11-274c45dbda86,2026-04-12 21:33:08.000,Feed,de_fhst
325dadad-0f61-478e-9a11-274c45dbda86,2026-04-12 21:33:04.000,Mail Overview,de_fhst
9fc11c5c-e9fb-4e0e-acde-e8d98c9d486e,2026-04-13 00:41:30.000,Schedule Overview,de_pum
9fc11c5c-e9fb-4e0e-acde-e8d98c9d486e,2026-04-13 00:41:23.000,Settings Overview,de_pum
9fc11c5c-e9fb-4e0e-acde-e8d98c9d486e,2026-04-13 00:41:27.000,Feed,de_pum
9fc11c5c-e9fb-4e0e-acde-e8d98c9d486e,2026-04-13 00:41:29.000,Schedule Setup,de_pum
e68757bd-1d39-4010-aeda-288312962bd1,2026-04-13 00:41:32.000,Feed,de_tubf
93ed3bb5-0b89-4d93-bad9-bea225725fbe,2026-04-13 00:41:27.000,Career Onboarding,de_jlug
e68757bd-1d39-4010-aeda-288312962bd1,2026-04-13 00:41:30.000,Studie Modules,de_tubf
e68757bd-1d39-4010-aeda-288312962bd1,2026-04-13 00:41:32.000,Studie Modules,de_tubf
93ed3bb5-0b89-4d93-bad9-bea225725fbe,2026-04-13 00:41:24.000,Studie Modules,de_jlug
93ed3bb5-0b89-4d93-bad9-bea225725fbe,2026-04-13 00:41:30.000,Career Onboarding,de_jlug
f194abb9-f0e9-478e-89ed-3a77af2983d1,2026-04-13 00:41:36.000,Mail Detail,de_hsm
f194abb9-f0e9-478e-89ed-3a77af2983d1,2026-04-13 00:41:38.000,Mail Detail,de_hsm
f194abb9-f0e9-478e-89ed-3a77af2983d1,2026-04-13 00:41:29.000,Studie Modules,de_hsm
f194abb9-f0e9-478e-89ed-3a77af2983d1,2026-04-13 00:41:37.000,Mail Overview,de_hsm
f194abb9-f0e9-478e-89ed-3a77af2983d1,2026-04-13 00:41:35.000,Mail Overview,de_hsm
4019965d-1cf5-485a-a8f2-8941d9939c84,2026-04-13 00:41:35.000,Studie Modules,de_hsda
f194abb9-f0e9-478e-89ed-3a77af2983d1,2026-04-13 00:41:31.000,Mail Overview,de_hsm
f194abb9-f0e9-478e-89ed-3a77af2983d1,2026-04-13 00:41:33.000,Mail Detail,de_hsm
8e5c7cc9-149f-489e-93a5-c9efb7ecebac,2026-04-13 00:41:39.000,Mail Overview,de_hsda
9fc11c5c-e9fb-4e0e-acde-e8d98c9d486e,2026-04-13 00:41:40.000,Feed,de_pum
ece56517-74bf-4e7c-821b-a17fecf9a3a5,2026-04-13 00:41:35.000,Mail Overview,de_hdm
ece56517-74bf-4e7c-821b-a17fecf9a3a5,2026-04-13 00:41:37.000,Mail Detail,de_hdm
a32289c8-b958-450a-86f5-89c1a3771fec,2026-04-13 00:41:45.000,Feed,de_hsfd
ece56517-74bf-4e7c-821b-a17fecf9a3a5,2026-04-13 00:41:39.000,Mail Overview,de_hdm
ece56517-74bf-4e7c-821b-a17fecf9a3a5,2026-04-13 00:04:48.000,Studie Modules,de_hdm
ece56517-74bf-4e7c-821b-a17fecf9a3a5,2026-04-13 00:41:34.000,Studie Modules,de_hdm
cd5f5f30-402c-4083-8735-baeee1fc8e96,2026-04-12 21:21:48.000,Authenticator,de_tuda
4019965d-1cf5-485a-a8f2-8941d9939c84,2026-04-13 00:41:40.000,Calendar Day View,de_hsda
4019965d-1cf5-485a-a8f2-8941d9939c84,2026-04-13 00:41:45.000,Links,de_hsda
4019965d-1cf5-485a-a8f2-8941d9939c84,2026-04-13 00:41:47.000,Studie Modules,de_hsda
4019965d-1cf5-485a-a8f2-8941d9939c84,2026-04-13 00:41:42.000,Studie Modules,de_hsda
9fc11c5c-e9fb-4e0e-acde-e8d98c9d486e,2026-04-13 00:41:51.000,Feed,de_pum
9fc11c5c-e9fb-4e0e-acde-e8d98c9d486e,2026-04-13 00:41:48.000,Settings Overview,de_pum
afe1768b-8bbe-4623-9f9a-cb192f459cda,2026-04-13 00:41:45.000,Cafeteria Overview,de_hspf
afe1768b-8bbe-4623-9f9a-cb192f459cda,2026-04-13 00:41:49.000,Feed,de_hspf
afe1768b-8bbe-4623-9f9a-cb192f459cda,2026-04-13 00:41:52.000,Career Onboarding,de_hspf
ece56517-74bf-4e7c-821b-a17fecf9a3a5,2026-04-13 00:41:52.000,Mail Overview,de_hdm
ece56517-74bf-4e7c-821b-a17fecf9a3a5,2026-04-13 00:41:47.000,Mail Detail,de_hdm
344b5eff-2f6b-441b-9746-d2f968bf47c1,2026-04-13 00:41:49.000,Studie Modules,de_ks
344b5eff-2f6b-441b-9746-d2f968bf47c1,2026-04-12 12:13:04.000,Studie Modules,de_ks
344b5eff-2f6b-441b-9746-d2f968bf47c1,2026-04-13 00:41:50.000,Mail Overview,de_ks
344b5eff-2f6b-441b-9746-d2f968bf47c1,2026-04-13 00:41:52.000,Mail Detail,de_ks
08b6ab1e-3693-44e3-840b-50ddef2ee5ac,2026-04-12 17:49:00.000,Cafeteria Overview,de_thbi
08b6ab1e-3693-44e3-840b-50ddef2ee5ac,2026-04-12 17:49:03.000,Freshman Setup,de_thbi
9fc11c5c-e9fb-4e0e-acde-e8d98c9d486e,2026-04-13 00:41:58.000,Feed,de_pum
08b6ab1e-3693-44e3-840b-50ddef2ee5ac,2026-04-12 17:48:58.000,Studie Modules,de_thbi
9fc11c5c-e9fb-4e0e-acde-e8d98c9d486e,2026-04-13 00:41:54.000,Schedule Overview,de_pum
08b6ab1e-3693-44e3-840b-50ddef2ee5ac,2026-04-12 17:49:02.000,Studie Modules,de_thbi
afe1768b-8bbe-4623-9f9a-cb192f459cda,2026-04-13 00:42:00.000,Cafeteria Overview,de_hspf
afe1768b-8bbe-4623-9f9a-cb192f459cda,2026-04-13 00:41:58.000,Studie Modules,de_hspf
afe1768b-8bbe-4623-9f9a-cb192f459cda,2026-04-13 00:41:54.000,Feed,de_hspf
afe1768b-8bbe-4623-9f9a-cb192f459cda,2026-04-13 00:42:01.000,Cafeteria Detail,de_hspf
ece56517-74bf-4e7c-821b-a17fecf9a3a5,2026-04-13 00:42:01.000,Mail Detail,de_hdm
ece56517-74bf-4e7c-821b-a17fecf9a3a5,2026-04-13 00:42:04.000,Mail Overview,de_hdm
a32289c8-b958-450a-86f5-89c1a3771fec,2026-04-13 00:42:06.000,Feed Detail,de_hsfd
20289ae8-b46c-418c-ae6e-c9e0885271a4,2026-04-13 00:42:04.000,Mail Overview,de_fhwo
344b5eff-2f6b-441b-9746-d2f968bf47c1,2026-04-13 00:42:06.000,Mail Detail,de_ks
344b5eff-2f6b-441b-9746-d2f968bf47c1,2026-04-13 00:42:04.000,Mail Overview,de_ks
9fc11c5c-e9fb-4e0e-acde-e8d98c9d486e,2026-04-13 00:42:03.000,Studie Modules,de_pum
9fc11c5c-e9fb-4e0e-acde-e8d98c9d486e,2026-04-13 00:42:06.000,Grid Menu Modal,de_pum
9fc11c5c-e9fb-4e0e-acde-e8d98c9d486e,2026-04-13 00:42:08.000,Grid Modify,de_pum
9fc11c5c-e9fb-4e0e-acde-e8d98c9d486e,2026-04-13 00:42:08.000,Studie Modules,de_pum
cf4b543d-0f2f-438c-974c-dc8986ed6c2d,2026-04-13 00:42:07.000,wallet,de_upb
cf4b543d-0f2f-438c-974c-dc8986ed6c2d,2026-04-13 00:42:10.000,Feed,de_upb
ece56517-74bf-4e7c-821b-a17fecf9a3a5,2026-04-13 00:42:08.000,Mail Overview,de_hdm
ece56517-74bf-4e7c-821b-a17fecf9a3a5,2026-04-13 00:42:07.000,Studie Modules,de_hdm
119bd0e0-f9ed-4b33-b534-2a07aa7e6210,2026-04-12 14:52:11.000,Settings Help Detail,de_upb
b14ef967-9a65-4ac3-abf1-4258b6463f3d,2026-04-12 23:41:48.000,External Login Expired,de_tuda
b14ef967-9a65-4ac3-abf1-4258b6463f3d,2026-04-13 00:11:55.000,External Login Expired,de_tuda
9fc11c5c-e9fb-4e0e-acde-e8d98c9d486e,2026-04-13 00:42:19.000,Studie Modules,de_pum
cf4b543d-0f2f-438c-974c-dc8986ed6c2d,2026-04-13 00:42:18.000,Calendar Month View,de_upb
ece56517-74bf-4e7c-821b-a17fecf9a3a5,2026-04-13 00:42:17.000,Mail Detail,de_hdm
6880d49e-d671-4ac6-9425-43d3ecc0360b,2026-04-12 23:41:38.000,External Login Expired,de_hm
4fcc3e79-6d59-4548-abae-158e9cc49227,2026-04-12 22:56:00.000,Mail Overview,de_hm
11e255c9-b225-4fd5-8416-3574bab882dc,2026-04-12 10:26:18.000,Library Overview,de_fhja
11e255c9-b225-4fd5-8416-3574bab882dc,2026-04-12 10:26:19.000,Studie Modules,de_fhja
11e255c9-b225-4fd5-8416-3574bab882dc,2026-04-12 10:26:14.000,Library Overview,de_fhja
11e255c9-b225-4fd5-8416-3574bab882dc,2026-04-12 10:26:13.000,Studie Modules,de_fhja
11e255c9-b225-4fd5-8416-3574bab882dc,2026-04-11 15:05:34.000,Studie Modules,de_fhja
11e255c9-b225-4fd5-8416-3574bab882dc,2026-04-12 10:26:17.000,Library Detail,de_fhja
bf39d2c3-a102-4951-bda1-7dc13ed4d9f0,2026-04-12 23:35:01.000,Studie Modules,de_pum
bf39d2c3-a102-4951-bda1-7dc13ed4d9f0,2026-04-12 23:35:02.000,Feed,de_pum
bf39d2c3-a102-4951-bda1-7dc13ed4d9f0,2026-04-12 23:34:55.000,Mail Overview,de_pum
9fc11c5c-e9fb-4e0e-acde-e8d98c9d486e,2026-04-13 00:42:24.000,Feed,de_pum
9fc11c5c-e9fb-4e0e-acde-e8d98c9d486e,2026-04-13 00:42:29.000,Career Main,de_pum
9fc11c5c-e9fb-4e0e-acde-e8d98c9d486e,2026-04-13 00:42:30.000,Studie Modules,de_pum
1c34fa0a-b9da-49fe-8313-9a3f6be6d4a0,2026-04-13 00:12:23.000,Global Ory Login,de_upb
7636e290-563e-4dec-95e1-1d21f432cac4,2026-04-12 19:07:26.000,External Login Expired,de_hm
7636e290-563e-4dec-95e1-1d21f432cac4,2026-04-12 15:53:29.000,External Login Expired,de_hm
7636e290-563e-4dec-95e1-1d21f432cac4,2026-04-12 21:25:07.000,External Login Expired,de_hm
2e653c65-075a-4673-a733-090dc15e1d66,2026-04-13 00:42:34.000,Mail Detail,de_pum
2e653c65-075a-4673-a733-090dc15e1d66,2026-04-13 00:42:25.000,Mail Overview,de_pum
2e653c65-075a-4673-a733-090dc15e1d66,2026-04-13 00:42:25.000,Studie Modules,de_pum
344b5eff-2f6b-441b-9746-d2f968bf47c1,2026-04-13 00:42:38.000,Mail Overview,de_ks
cf4b543d-0f2f-438c-974c-dc8986ed6c2d,2026-04-13 00:42:39.000,Feed,de_upb
ab2a79a4-da78-4af3-8b14-91781b84bee0,2026-04-12 12:14:56.000,Mail Overview,de_evhb
add377c4-1ed3-410c-8ac2-42f251082785,2026-04-13 00:42:33.000,Studie Modules,de_cbs
add377c4-1ed3-410c-8ac2-42f251082785,2026-04-13 00:42:34.000,calendar_overview,de_cbs
ab2a79a4-da78-4af3-8b14-91781b84bee0,2026-04-12 12:14:55.000,Studie Modules,de_evhb
9fc11c5c-e9fb-4e0e-acde-e8d98c9d486e,2026-04-13 00:42:42.000,Studie Modules,de_pum
9fc11c5c-e9fb-4e0e-acde-e8d98c9d486e,2026-04-13 00:42:35.000,Studie Modules,de_pum
9fc11c5c-e9fb-4e0e-acde-e8d98c9d486e,2026-04-13 00:42:35.000,Grid Modify,de_pum
9fc11c5c-e9fb-4e0e-acde-e8d98c9d486e,2026-04-13 00:42:34.000,Grid Menu Modal,de_pum
ece56517-74bf-4e7c-821b-a17fecf9a3a5,2026-04-13 00:42:48.000,Mail Overview,de_hdm
cf4b543d-0f2f-438c-974c-dc8986ed6c2d,2026-04-13 00:42:45.000,Mail FolderSelection,de_upb
add377c4-1ed3-410c-8ac2-42f251082785,2026-04-13 00:42:42.000,Calendar Detail,de_cbs
302b86ac-baa9-4169-9202-03b0030ab7e7,2026-04-13 00:42:41.000,Grades Overview,de_kuei
add377c4-1ed3-410c-8ac2-42f251082785,2026-04-13 00:42:43.000,calendar_overview,de_cbs
302b86ac-baa9-4169-9202-03b0030ab7e7,2026-04-13 00:42:40.000,Studie Modules,de_kuei
cf4b543d-0f2f-438c-974c-dc8986ed6c2d,2026-04-13 00:42:48.000,Mail Permission,de_upb
b79b771c-3fe5-44f9-8dd4-5b45bedb17a2,2026-04-12 22:31:01.000,Grades Overview,de_thm
b79b771c-3fe5-44f9-8dd4-5b45bedb17a2,2026-04-12 22:31:02.000,Studie Modules,de_thm
963b5c86-8451-44fb-8a2f-d71c619ca4d2,2026-04-12 22:40:16.000,Studie Modules,de_bt
4019965d-1cf5-485a-a8f2-8941d9939c84,2026-04-13 00:42:46.000,Todo,de_hsda
963b5c86-8451-44fb-8a2f-d71c619ca4d2,2026-04-12 22:40:17.000,Mail Overview,de_bt
66b428c4-267a-43ed-a4c9-ea97ddeb57bf,2026-04-12 17:36:58.000,Studie Modules,de_ush
422b2e56-5eb6-4733-b6bb-ee8127038efb,2026-04-13 00:42:52.000,Studie Modules,de_tuda
66b428c4-267a-43ed-a4c9-ea97ddeb57bf,2026-04-12 17:37:00.000,Mail Overview,de_ush
422b2e56-5eb6-4733-b6bb-ee8127038efb,2026-04-12 13:29:03.000,Studie Modules,de_tuda
9fc11c5c-e9fb-4e0e-acde-e8d98c9d486e,2026-04-13 00:42:45.000,Settings Overview,de_pum
9fc11c5c-e9fb-4e0e-acde-e8d98c9d486e,2026-04-13 00:42:44.000,Feed,de_pum
9fc11c5c-e9fb-4e0e-acde-e8d98c9d486e,2026-04-13 00:42:44.000,Career Main,de_pum
9fc11c5c-e9fb-4e0e-acde-e8d98c9d486e,2026-04-13 00:42:49.000,Feed Shortcuts List,de_pum
2e653c65-075a-4673-a733-090dc15e1d66,2026-04-13 00:42:56.000,Mail Overview,de_pum
a8760e19-8358-43f3-a7b8-a5dcec082100,2026-04-13 00:42:51.000,Mail Detail,de_jlug
ece56517-74bf-4e7c-821b-a17fecf9a3a5,2026-04-13 00:42:54.000,Mail Detail,de_hdm
a8760e19-8358-43f3-a7b8-a5dcec082100,2026-04-13 00:42:47.000,Mail Overview,de_jlug
cf4b543d-0f2f-438c-974c-dc8986ed6c2d,2026-04-13 00:42:59.000,Mail Detail,de_upb
11e255c9-b225-4fd5-8416-3574bab882dc,2026-04-13 00:42:53.000,Studie Modules,de_fhja
cf4b543d-0f2f-438c-974c-dc8986ed6c2d,2026-04-13 00:42:52.000,Mail Overview,de_upb
02c6b959-f145-4c5c-b161-2f92f2669580,2026-04-13 00:42:55.000,Feed Profile,de_ua
4019965d-1cf5-485a-a8f2-8941d9939c84,2026-04-13 00:42:59.000,Studie Modules,de_hsda
2e653c65-075a-4673-a733-090dc15e1d66,2026-04-13 00:42:57.000,Studie Modules,de_pum
2e653c65-075a-4673-a733-090dc15e1d66,2026-04-13 00:42:58.000,Authenticator,de_pum
aeb67c59-5803-4fd6-b915-1f424b1a99ab,2026-04-13 00:12:07.000,Mail Overview,de_ua
ece56517-74bf-4e7c-821b-a17fecf9a3a5,2026-04-13 00:43:00.000,Mail Overview,de_hdm
ece56517-74bf-4e7c-821b-a17fecf9a3a5,2026-04-13 00:43:05.000,Mail Detail,de_hdm
bc16a720-6c49-4ee4-8c24-dc8b70930cb0,2026-04-12 22:42:50.000,External Login Expired,de_tuda
cf4b543d-0f2f-438c-974c-dc8986ed6c2d,2026-04-13 00:43:03.000,Mail Overview,de_upb
11e255c9-b225-4fd5-8416-3574bab882dc,2026-04-13 00:43:01.000,Grades Overview,de_fhja
cf4b543d-0f2f-438c-974c-dc8986ed6c2d,2026-04-13 00:43:07.000,Mail Detail,de_upb
bc16a720-6c49-4ee4-8c24-dc8b70930cb0,2026-04-13 00:13:11.000,External Login Expired,de_tuda
bc16a720-6c49-4ee4-8c24-dc8b70930cb0,2026-04-12 23:12:51.000,External Login Expired,de_tuda
a8760e19-8358-43f3-a7b8-a5dcec082100,2026-04-13 00:43:10.000,Mail Overview,de_jlug
4019965d-1cf5-485a-a8f2-8941d9939c84,2026-04-13 00:43:06.000,Mail Overview,de_hsda
4019965d-1cf5-485a-a8f2-8941d9939c84,2026-04-13 00:43:02.000,Mail Overview,de_hsda
4019965d-1cf5-485a-a8f2-8941d9939c84,2026-04-13 00:43:04.000,Studie Modules,de_hsda
b6ad9a80-efed-4173-9909-cc8114c52e49,2026-04-12 21:33:20.000,Studie Modules,de_hfts
c701e714-6af6-4832-ab50-2f4db8bd8e3b,2026-04-12 18:57:43.000,Mail Detail,de_thm
c701e714-6af6-4832-ab50-2f4db8bd8e3b,2026-04-12 18:57:39.000,Mail Overview,de_thm
c701e714-6af6-4832-ab50-2f4db8bd8e3b,2026-04-12 22:53:11.000,Mail Overview,de_thm
c701e714-6af6-4832-ab50-2f4db8bd8e3b,2026-04-12 18:57:48.000,Mail Overview,de_thm
25aca3f0-8ed5-49f4-8a48-b8e3b415ea40,2026-04-12 18:09:46.000,Mail Overview,de_ush
afe1768b-8bbe-4623-9f9a-cb192f459cda,2026-04-13 00:42:05.000,Cafeteria Detail,de_hspf
afe1768b-8bbe-4623-9f9a-cb192f459cda,2026-04-13 00:42:05.000,Cafeteria Overview,de_hspf
afe1768b-8bbe-4623-9f9a-cb192f459cda,2026-04-13 00:43:18.000,Studie Modules,de_hspf
afe1768b-8bbe-4623-9f9a-cb192f459cda,2026-04-13 00:42:06.000,Cafeteria Overview,de_hspf
25aca3f0-8ed5-49f4-8a48-b8e3b415ea40,2026-04-12 18:09:48.000,Mail Detail,de_ush
afe1768b-8bbe-4623-9f9a-cb192f459cda,2026-04-13 00:43:16.000,Cafeteria Detail,de_hspf
afe1768b-8bbe-4623-9f9a-cb192f459cda,2026-04-13 00:43:11.000,Studie Modules,de_hspf
afe1768b-8bbe-4623-9f9a-cb192f459cda,2026-04-13 00:43:17.000,Cafeteria Overview,de_hspf
25aca3f0-8ed5-49f4-8a48-b8e3b415ea40,2026-04-12 18:09:45.000,Studie Modules,de_ush
afe1768b-8bbe-4623-9f9a-cb192f459cda,2026-04-13 00:43:15.000,Cafeteria Overview,de_hspf
9fc11c5c-e9fb-4e0e-acde-e8d98c9d486e,2026-04-13 00:43:21.000,Settings Overview,de_pum
4019965d-1cf5-485a-a8f2-8941d9939c84,2026-04-13 00:43:21.000,Mail Detail,de_hsda
a8760e19-8358-43f3-a7b8-a5dcec082100,2026-04-13 00:43:23.000,Mail Detail,de_jlug
ece56517-74bf-4e7c-821b-a17fecf9a3a5,2026-04-13 00:43:24.000,Mail Overview,de_hdm
93ed3bb5-0b89-4d93-bad9-bea225725fbe,2026-04-13 00:43:26.000,Career Main,de_jlug
2f76c836-aadb-486b-a9a1-c93d532ba159,2026-04-12 19:41:54.000,Mail Overview,de_upb
2f76c836-aadb-486b-a9a1-c93d532ba159,2026-04-12 19:41:53.000,Studie Modules,de_upb
cf4b543d-0f2f-438c-974c-dc8986ed6c2d,2026-04-13 00:43:27.000,Mail Overview,de_upb
0eb14fa7-3eca-495b-95ee-095371c1ca88,2026-04-13 00:43:19.000,Study Field Onboarding,de_hspf
9fc11c5c-e9fb-4e0e-acde-e8d98c9d486e,2026-04-13 00:43:29.000,Studie Modules,de_pum
9fc11c5c-e9fb-4e0e-acde-e8d98c9d486e,2026-04-13 00:43:30.000,Generic Links Overview,de_pum
9fc11c5c-e9fb-4e0e-acde-e8d98c9d486e,2026-04-13 00:43:23.000,Feed,de_pum
b8a6557b-f94f-4f23-848d-7378669761dc,2026-04-13 00:43:27.000,Authenticator,de_pum
682ac3bd-2d84-4dee-a670-09f28d9b35b4,2026-04-13 00:22:59.000,Mail Detail,de_hsda
b8a6557b-f94f-4f23-848d-7378669761dc,2026-04-13 00:43:25.000,Studie Modules,de_pum
989255d4-32c1-4832-82ae-e4a794209f94,2026-04-13 00:43:32.000,Setup University Selection,""
11e255c9-b225-4fd5-8416-3574bab882dc,2026-04-13 00:43:36.000,Studie Modules,de_fhja
c08321cb-2cfb-4b5f-84ec-c8b0ee3c98ac,2026-04-13 00:43:27.000,Mail Overview,de_jlug
0e3b3cfa-f741-4a1f-bf77-80ecb1752c68,2026-04-12 20:46:12.000,Global Ory Login,de_thbi
2b83d2d3-38d4-4743-9ef1-4d0285bd8ab5,2026-04-12 21:21:37.000,Mail Overview,de_pum
1c62e138-c385-4137-b2da-26e837a687cf,2026-04-13 00:41:28.000,Studie Modules,de_pum
1c62e138-c385-4137-b2da-26e837a687cf,2026-04-13 00:41:30.000,Authenticator,de_pum
cf4b543d-0f2f-438c-974c-dc8986ed6c2d,2026-04-13 00:43:31.000,Mail Detail,de_upb
2b83d2d3-38d4-4743-9ef1-4d0285bd8ab5,2026-04-12 21:21:39.000,Studie Modules,de_pum
2b83d2d3-38d4-4743-9ef1-4d0285bd8ab5,2026-04-12 21:21:36.000,Studie Modules,de_pum
d20a9444-57e0-427c-a9c0-bb67943842d1,2026-04-13 00:43:34.000,Mail Overview,de_pum
f5754b26-603e-46f7-9a50-c34e85137778,2026-04-12 23:26:26.000,Grades Overview,de_hszg
02c6b959-f145-4c5c-b161-2f92f2669580,2026-04-13 00:43:32.000,Feed,de_ua
f5754b26-603e-46f7-9a50-c34e85137778,2026-04-12 23:26:25.000,Studie Modules,de_hszg
9fc11c5c-e9fb-4e0e-acde-e8d98c9d486e,2026-04-13 00:43:37.000,Authenticator,de_pum
9fc11c5c-e9fb-4e0e-acde-e8d98c9d486e,2026-04-13 00:43:35.000,Studie Modules,de_pum
9fc11c5c-e9fb-4e0e-acde-e8d98c9d486e,2026-04-13 00:43:33.000,Studie Modules,de_pum
9fc11c5c-e9fb-4e0e-acde-e8d98c9d486e,2026-04-13 00:43:35.000,Career Main,de_pum
9fc11c5c-e9fb-4e0e-acde-e8d98c9d486e,2026-04-13 00:43:34.000,Settings Overview,de_pum
9fc11c5c-e9fb-4e0e-acde-e8d98c9d486e,2026-04-13 00:43:41.000,Studie Modules,de_pum
54d38012-aef7-4f6b-8266-488cc22e8b65,2026-04-13 00:43:37.000,Studie Modules,de_bt
54d38012-aef7-4f6b-8266-488cc22e8b65,2026-04-13 00:43:39.000,Mail Overview,de_bt
989255d4-32c1-4832-82ae-e4a794209f94,2026-04-13 00:43:38.000,Study Field Onboarding,""
989255d4-32c1-4832-82ae-e4a794209f94,2026-04-13 00:43:37.000,Setup Loading,""
1cdd74c7-ae2b-4356-9b53-a16c43cb115e,2026-04-12 22:53:58.000,Global Ory Login,de_upb
989255d4-32c1-4832-82ae-e4a794209f94,2026-04-13 00:43:41.000,Settings Loading,de_lmum
11e255c9-b225-4fd5-8416-3574bab882dc,2026-04-13 00:43:39.000,Grades Overview,de_fhja
d20a9444-57e0-427c-a9c0-bb67943842d1,2026-04-13 00:43:43.000,Mail Overview,de_pum
cf4b543d-0f2f-438c-974c-dc8986ed6c2d,2026-04-13 00:43:42.000,Mail Overview,de_upb
d20a9444-57e0-427c-a9c0-bb67943842d1,2026-04-13 00:43:48.000,Mail Detail,de_pum
d20a9444-57e0-427c-a9c0-bb67943842d1,2026-04-13 00:43:39.000,Mail Detail,de_pum
9fc11c5c-e9fb-4e0e-acde-e8d98c9d486e,2026-04-13 00:43:42.000,Generic Links Overview,de_pum
1a6bb8f2-d8bf-4712-9c2d-c51473e2aac7,2026-04-13 00:43:41.000,Study Field Onboarding,de_fhms
93ed3bb5-0b89-4d93-bad9-bea225725fbe,2026-04-13 00:43:55.000,Feed,de_jlug
93ed3bb5-0b89-4d93-bad9-bea225725fbe,2026-04-13 00:43:52.000,Settings Overview,de_jlug
93ed3bb5-0b89-4d93-bad9-bea225725fbe,2026-04-13 00:43:54.000,Studie Modules,de_jlug
93ed3bb5-0b89-4d93-bad9-bea225725fbe,2026-04-13 00:43:53.000,Career Main,de_jlug
b9973865-f9fc-473e-a64b-9b5fe90e1dcb,2026-04-13 00:43:45.000,External Login Expired,de_hm
ed3961e7-5ff8-4dd5-a3a0-61b9c01aac83,2026-04-13 00:43:48.000,Study Field Onboarding,de_fhms
9b043c2c-3c78-4158-bb77-4fe6c8b5dc89,2026-04-12 22:30:39.000,Mail Overview,de_eufb
cf4b543d-0f2f-438c-974c-dc8986ed6c2d,2026-04-13 00:43:51.000,Mail Detail,de_upb
8feb8992-5001-4fc0-af6c-39244b514d7d,2026-04-13 00:43:48.000,Study Field Onboarding,de_hszg
d20a9444-57e0-427c-a9c0-bb67943842d1,2026-04-13 00:44:00.000,Mail Overview,de_pum
631b5682-e042-4207-9799-f53a22146052,2026-04-12 12:30:46.000,Schedule Detail,de_hfwu
631b5682-e042-4207-9799-f53a22146052,2026-04-12 12:30:47.000,Calendar Day View,de_hfwu
631b5682-e042-4207-9799-f53a22146052,2026-04-12 12:30:40.000,Calendar Day View,de_hfwu
768097e8-4417-4910-ab89-c31f972f4fb2,2026-04-13 00:43:58.000,Mail Overview,de_thm
768097e8-4417-4910-ab89-c31f972f4fb2,2026-04-13 00:43:55.000,Career Onboarding,de_thm
768097e8-4417-4910-ab89-c31f972f4fb2,2026-04-13 00:43:56.000,Feed,de_thm
768097e8-4417-4910-ab89-c31f972f4fb2,2026-04-13 00:43:52.000,Feed,de_thm
85d4b2dc-dc30-4364-8fbc-8b65ffc3aff6,2026-04-12 17:56:35.000,Studie Modules,de_si
17b7512f-ef24-4bcb-8215-e76fdbcb70c6,2026-04-12 16:03:07.000,Feed,de_hsmz
cf4b543d-0f2f-438c-974c-dc8986ed6c2d,2026-04-13 00:44:05.000,Feed,de_upb
cf4b543d-0f2f-438c-974c-dc8986ed6c2d,2026-04-13 00:44:01.000,Mail Overview,de_upb
cf4b543d-0f2f-438c-974c-dc8986ed6c2d,2026-04-13 00:44:09.000,Mail Overview,de_upb
d20a9444-57e0-427c-a9c0-bb67943842d1,2026-04-13 00:44:01.000,Feed,de_pum
5f959c09-4965-4dc5-9f4b-824d1428349b,2026-04-13 00:19:20.000,Calendar Day View,de_bt
5f959c09-4965-4dc5-9f4b-824d1428349b,2026-04-13 00:19:18.000,Schedule Create,de_bt
5f959c09-4965-4dc5-9f4b-824d1428349b,2026-04-13 00:19:15.000,Calendar Day View,de_bt
ddfce318-f8ed-4a94-881b-dedef1de2afc,2026-04-12 18:06:54.000,External Login Expired,de_tuda
ddfce318-f8ed-4a94-881b-dedef1de2afc,2026-04-12 20:34:05.000,External Login Expired,de_tuda
ddfce318-f8ed-4a94-881b-dedef1de2afc,2026-04-12 22:43:13.000,External Login Expired,de_tuda
de5d4f68-5113-4d7a-ab38-593f50154bb9,2026-04-13 00:34:05.000,Studie Modules,de_pum
de5d4f68-5113-4d7a-ab38-593f50154bb9,2026-04-13 00:34:05.000,Mail Overview,de_pum
17aaeda7-a259-416d-9cbc-bed396afc5d8,2026-04-13 00:44:16.000,Studie Modules,de_upb
17aaeda7-a259-416d-9cbc-bed396afc5d8,2026-04-13 00:44:06.000,Feed Detail,de_upb
17aaeda7-a259-416d-9cbc-bed396afc5d8,2026-04-13 00:44:17.000,Mail Overview,de_upb
11e255c9-b225-4fd5-8416-3574bab882dc,2026-04-13 00:44:12.000,Studie Modules,de_fhja
cf4b543d-0f2f-438c-974c-dc8986ed6c2d,2026-04-13 00:44:16.000,Feed,de_upb
989255d4-32c1-4832-82ae-e4a794209f94,2026-04-13 00:44:16.000,Feed,de_lmum
989255d4-32c1-4832-82ae-e4a794209f94,2026-04-13 00:44:23.000,Settings Overview,de_lmum
989255d4-32c1-4832-82ae-e4a794209f94,2026-04-13 00:44:25.000,Career Onboarding,de_lmum
989255d4-32c1-4832-82ae-e4a794209f94,2026-04-13 00:44:19.000,Studie Modules,de_lmum
4019965d-1cf5-485a-a8f2-8941d9939c84,2026-04-13 00:44:26.000,Mail Overview,de_hsda
081d98b2-737e-431e-85c0-4451e26f6712,2026-04-12 23:43:10.000,External Login Expired,de_hm
11e255c9-b225-4fd5-8416-3574bab882dc,2026-04-13 00:44:26.000,Library Overview,de_fhja
11e255c9-b225-4fd5-8416-3574bab882dc,2026-04-13 00:44:24.000,Studie Modules,de_fhja
11e255c9-b225-4fd5-8416-3574bab882dc,2026-04-13 00:44:22.000,Grades Overview,de_fhja
11e255c9-b225-4fd5-8416-3574bab882dc,2026-04-13 00:44:28.000,Library Detail,de_fhja
9fc11c5c-e9fb-4e0e-acde-e8d98c9d486e,2026-04-13 00:44:31.000,Studie Modules,de_pum
af74484d-4af8-4696-9ed6-f3ce0119251f,2026-04-13 00:32:46.000,Mail Overview,de_hslu
989255d4-32c1-4832-82ae-e4a794209f94,2026-04-13 00:44:35.000,Grades Login,de_lmum
40417b97-e83c-45fd-8df5-748a9c55e95c,2026-04-13 00:44:27.000,Mail Overview,de_pum
989255d4-32c1-4832-82ae-e4a794209f94,2026-04-13 00:44:29.000,Feed,de_lmum
989255d4-32c1-4832-82ae-e4a794209f94,2026-04-13 00:44:32.000,Studie Modules,de_lmum
989255d4-32c1-4832-82ae-e4a794209f94,2026-04-13 00:44:27.000,Settings Overview,de_lmum
ebd63097-d5dc-4dcf-a214-425dec3fd63a,2026-04-13 00:44:33.000,Mail Overview,de_pum
91cabf0f-c67b-499b-9e1d-095ac441c2c0,2026-04-13 00:44:34.000,Calendar Day View,de_upb
91cabf0f-c67b-499b-9e1d-095ac441c2c0,2026-04-13 00:44:28.000,Calendar Day View,de_upb
91cabf0f-c67b-499b-9e1d-095ac441c2c0,2026-04-13 00:44:32.000,Schedule Detail,de_upb
4019965d-1cf5-485a-a8f2-8941d9939c84,2026-04-13 00:44:32.000,Mail Detail,de_hsda
11e255c9-b225-4fd5-8416-3574bab882dc,2026-04-13 00:44:37.000,Library Detail,de_fhja
11e255c9-b225-4fd5-8416-3574bab882dc,2026-04-13 00:44:35.000,Library Overview,de_fhja
a7b71ad5-8faa-42b9-8bfe-9f13123d734e,2026-04-12 11:21:56.000,wallet,de_pum
a7b71ad5-8faa-42b9-8bfe-9f13123d734e,2026-04-13 00:44:33.000,wallet,de_pum
a7b71ad5-8faa-42b9-8bfe-9f13123d734e,2026-04-12 11:21:41.000,Settings Overview,de_pum
a7b71ad5-8faa-42b9-8bfe-9f13123d734e,2026-04-13 00:44:32.000,WALLET,de_pum
9fc11c5c-e9fb-4e0e-acde-e8d98c9d486e,2026-04-13 00:44:36.000,Schedule Overview,de_pum
a7b71ad5-8faa-42b9-8bfe-9f13123d734e,2026-04-12 11:21:54.000,Feed,de_pum
9fc11c5c-e9fb-4e0e-acde-e8d98c9d486e,2026-04-13 00:44:34.000,Feed,de_pum
6804c48c-a94d-4289-913e-1dcbf74ab19f,2026-04-12 18:50:11.000,Mail Overview,de_pum
9a3cea68-59db-45d4-bb8a-13a4047196ff,2026-04-13 00:44:33.000,Global Ory Login,de_si
6804c48c-a94d-4289-913e-1dcbf74ab19f,2026-04-12 18:50:11.000,Studie Modules,de_pum
b8a6557b-f94f-4f23-848d-7378669761dc,2026-04-13 00:44:42.000,Authenticator,de_pum
b8a6557b-f94f-4f23-848d-7378669761dc,2026-04-13 00:44:40.000,Studie Modules,de_pum
ebd63097-d5dc-4dcf-a214-425dec3fd63a,2026-04-13 00:44:41.000,Feed,de_pum
4019965d-1cf5-485a-a8f2-8941d9939c84,2026-04-13 00:44:45.000,Mail Detail,de_hsda
4019965d-1cf5-485a-a8f2-8941d9939c84,2026-04-13 00:44:37.000,Mail Overview,de_hsda
11e255c9-b225-4fd5-8416-3574bab882dc,2026-04-13 00:44:45.000,Library Detail,de_fhja
11e255c9-b225-4fd5-8416-3574bab882dc,2026-04-13 00:44:44.000,Library Overview,de_fhja
9fc11c5c-e9fb-4e0e-acde-e8d98c9d486e,2026-04-13 00:44:41.000,Schedule Login,de_pum
91cabf0f-c67b-499b-9e1d-095ac441c2c0,2026-04-13 00:44:51.000,Feed,de_upb
a7b71ad5-8faa-42b9-8bfe-9f13123d734e,2026-04-13 00:44:48.000,Settings Pincode,de_pum
a7b71ad5-8faa-42b9-8bfe-9f13123d734e,2026-04-13 00:44:45.000,Feed,de_pum
a7b71ad5-8faa-42b9-8bfe-9f13123d734e,2026-04-13 00:44:46.000,Authenticator,de_pum
8bb4b75f-f26b-4b61-a2e0-803e67223035,2026-04-13 00:44:50.000,Mail Overview,de_ush
8bb4b75f-f26b-4b61-a2e0-803e67223035,2026-04-13 00:44:37.000,Studie Modules,de_ush
8bb4b75f-f26b-4b61-a2e0-803e67223035,2026-04-13 00:44:39.000,Mail Overview,de_ush
8bb4b75f-f26b-4b61-a2e0-803e67223035,2026-04-13 00:44:42.000,Mail Detail,de_ush
989255d4-32c1-4832-82ae-e4a794209f94,2026-04-13 00:44:53.000,Grades Permission,de_lmum
9f9aa6d4-1c00-486c-b5ad-165056f02489,2026-04-12 18:40:24.000,Grades Overview,de_eufb
9f9aa6d4-1c00-486c-b5ad-165056f02489,2026-04-12 18:40:23.000,Studie Modules,de_eufb
bc518e13-26cc-4567-8b27-084326dc9e39,2026-04-13 00:44:49.000,calendar_overview,de_cbs
bc518e13-26cc-4567-8b27-084326dc9e39,2026-04-13 00:44:48.000,Settings Overview,de_cbs
bc518e13-26cc-4567-8b27-084326dc9e39,2026-04-13 00:44:48.000,Studie Modules,de_cbs
11e255c9-b225-4fd5-8416-3574bab882dc,2026-04-13 00:44:53.000,Library Detail,de_fhja
11e255c9-b225-4fd5-8416-3574bab882dc,2026-04-13 00:44:52.000,Library Overview,de_fhja
c7479fb7-73fd-4b86-8796-bd03277dbf0e,2026-04-13 00:44:52.000,Calendar Day View,de_ovgu
a7b71ad5-8faa-42b9-8bfe-9f13123d734e,2026-04-13 00:44:53.000,Authenticator,de_pum
a7b71ad5-8faa-42b9-8bfe-9f13123d734e,2026-04-13 00:44:56.000,Authenticator Urlinput,de_pum
8bb4b75f-f26b-4b61-a2e0-803e67223035,2026-04-13 00:44:57.000,Mail Overview,de_ush
8bb4b75f-f26b-4b61-a2e0-803e67223035,2026-04-13 00:44:52.000,Mail Detail,de_ush
989255d4-32c1-4832-82ae-e4a794209f94,2026-04-13 00:44:58.000,Grades Overview,de_lmum
4019965d-1cf5-485a-a8f2-8941d9939c84,2026-04-13 00:45:03.000,Mail Overview,de_hsda
9e8a3f9b-63fa-477a-980c-6de999ca7d7f,2026-04-13 00:44:59.000,calendar_overview,de_cbs
9fc11c5c-e9fb-4e0e-acde-e8d98c9d486e,2026-04-13 00:45:06.000,Schedule Permission,de_pum
987f9699-8986-4b2d-9fbe-e91a3c6d8654,2026-04-12 23:37:51.000,Mail Overview,de_fhwo
0b9be0d4-a22a-4b0e-8be7-7de8466918c8,2026-04-12 23:44:07.000,Global Ory Login,ch_phz
987f9699-8986-4b2d-9fbe-e91a3c6d8654,2026-04-12 23:37:54.000,Mail Detail,de_fhwo
e8bda5e1-9eff-4b40-ad5e-54be47815d1f,2026-04-13 00:45:01.000,Mail Overview,de_hsmz
e8bda5e1-9eff-4b40-ad5e-54be47815d1f,2026-04-13 00:44:59.000,Studie Modules,de_hsmz
9c6bc3b8-ce4f-4b21-84cd-91957f227beb,2026-04-12 20:55:31.000,Career Main,de_ehl
8bb4b75f-f26b-4b61-a2e0-803e67223035,2026-04-13 00:45:07.000,Mail Detail,de_ush
6dad6f7d-fac7-4d22-acb3-ea15c7a9630e,2026-04-13 00:45:09.000,Feed,de_ovgu
6dad6f7d-fac7-4d22-acb3-ea15c7a9630e,2026-04-13 00:45:11.000,Mail Overview,de_ovgu
6dad6f7d-fac7-4d22-acb3-ea15c7a9630e,2026-04-13 00:45:10.000,Studie Modules,de_ovgu
4019965d-1cf5-485a-a8f2-8941d9939c84,2026-04-13 00:45:04.000,Studie Modules,de_hsda
4019965d-1cf5-485a-a8f2-8941d9939c84,2026-04-13 00:45:10.000,Studie Modules,de_hsda
4019965d-1cf5-485a-a8f2-8941d9939c84,2026-04-13 00:45:09.000,Feed,de_hsda
9e8a3f9b-63fa-477a-980c-6de999ca7d7f,2026-04-13 00:45:15.000,Calendar Detail,de_cbs
9fc11c5c-e9fb-4e0e-acde-e8d98c9d486e,2026-04-13 00:45:08.000,Schedule Overview,de_pum
f621860e-341e-4aff-9ac3-1b308bb8d108,2026-04-12 22:12:17.000,Global Ory Login,de_thdeg
1abbdcd7-1d7c-4b4f-95bd-3ef2873835cb,2026-04-12 19:02:04.000,Mail Overview,de_pum
987f9699-8986-4b2d-9fbe-e91a3c6d8654,2026-04-12 23:38:08.000,Mail Detail,de_fhwo
fe717d6f-259a-4184-92aa-024395773211,2026-04-13 00:45:05.000,Studie Modules,de_upb
fe717d6f-259a-4184-92aa-024395773211,2026-04-13 00:45:18.000,Mail Overview,de_upb
987f9699-8986-4b2d-9fbe-e91a3c6d8654,2026-04-12 23:38:07.000,Mail Overview,de_fhwo
fe717d6f-259a-4184-92aa-024395773211,2026-04-13 00:45:17.000,Studie Modules,de_upb
fe717d6f-259a-4184-92aa-024395773211,2026-04-12 23:31:06.000,Feed,de_upb
fe717d6f-259a-4184-92aa-024395773211,2026-04-13 00:45:08.000,Mail Overview,de_upb
8bb4b75f-f26b-4b61-a2e0-803e67223035,2026-04-13 00:45:20.000,Mail Overview,de_ush
e0fa5499-469a-426e-8493-46556ab06556,2026-04-12 13:45:48.000,Mail Overview,de_jlug
e8bda5e1-9eff-4b40-ad5e-54be47815d1f,2026-04-13 00:45:25.000,Mail Detail,de_hsmz
e0fa5499-469a-426e-8493-46556ab06556,2026-04-12 13:45:47.000,Studie Modules,de_jlug
fe717d6f-259a-4184-92aa-024395773211,2026-04-13 00:45:27.000,Mail Overview,de_upb
fe717d6f-259a-4184-92aa-024395773211,2026-04-13 00:45:23.000,Mail Detail,de_upb
489b76d3-79bf-4905-bf94-9af6071ae428,2026-04-13 00:45:22.000,Mail Overview,de_hsge
489b76d3-79bf-4905-bf94-9af6071ae428,2026-04-13 00:45:21.000,Studie Modules,de_hsge
489b76d3-79bf-4905-bf94-9af6071ae428,2026-04-13 00:45:25.000,Mail Overview,de_hsge
489b76d3-79bf-4905-bf94-9af6071ae428,2026-04-13 00:45:26.000,Mail Detail,de_hsge
489b76d3-79bf-4905-bf94-9af6071ae428,2026-04-13 00:45:24.000,Mail Detail,de_hsge
df9fd998-27ab-4f2a-a2bf-09762eadca38,2026-04-13 00:45:27.000,Mail Overview,de_si
4e841f41-be28-4843-ba72-dd9765c83016,2026-04-11 16:57:02.000,wallet,de_upb
4e841f41-be28-4843-ba72-dd9765c83016,2026-04-11 16:57:01.000,Studie Modules,de_upb
df9fd998-27ab-4f2a-a2bf-09762eadca38,2026-04-13 00:45:35.000,Mail Detail,de_si
6e029d0f-97fb-48db-aa00-aed9ba0f3321,2026-04-13 00:45:39.000,Mail Overview,de_jlug
6e029d0f-97fb-48db-aa00-aed9ba0f3321,2026-04-13 00:45:38.000,Studie Modules,de_jlug
fe717d6f-259a-4184-92aa-024395773211,2026-04-13 00:45:32.000,Mail Detail,de_upb
b8c46375-41bc-497d-a10c-52f617a477a9,2026-04-12 10:41:37.000,Cafeteria Detail,de_fhwo
b8c46375-41bc-497d-a10c-52f617a477a9,2026-04-12 10:41:33.000,Studie Modules,de_fhwo
b8c46375-41bc-497d-a10c-52f617a477a9,2026-04-12 10:41:38.000,Cafeteria Overview,de_fhwo
b8c46375-41bc-497d-a10c-52f617a477a9,2026-04-12 10:41:34.000,Cafeteria Overview,de_fhwo
b8c46375-41bc-497d-a10c-52f617a477a9,2026-04-12 10:41:36.000,Cafeteria Overview,de_fhwo
b8c46375-41bc-497d-a10c-52f617a477a9,2026-04-12 10:41:35.000,Cafeteria Detail,de_fhwo
03a792f6-c650-453d-9827-cadcd5c3851c,2026-04-13 00:45:40.000,Studie Modules,de_ush
03a792f6-c650-453d-9827-cadcd5c3851c,2026-04-13 00:45:39.000,Campus,de_ush
03a792f6-c650-453d-9827-cadcd5c3851c,2026-04-13 00:45:44.000,Mail Write,de_ush
03a792f6-c650-453d-9827-cadcd5c3851c,2026-04-13 00:45:43.000,Mail Overview,de_ush
d6d51cc0-32a6-439f-83f5-70c836b3ab25,2026-04-12 18:49:28.000,Mail Overview,de_hm
d6d51cc0-32a6-439f-83f5-70c836b3ab25,2026-04-12 18:49:29.000,Mail Detail,de_hm
90606cb4-f110-440d-8d2a-6d23dec4a8aa,2026-04-12 21:03:20.000,Mail Overview,de_fhswf
57dcb46a-183c-451a-9dc5-1947b51212bc,2026-04-13 00:45:44.000,Mail Overview,de_phlb
57dcb46a-183c-451a-9dc5-1947b51212bc,2026-04-13 00:45:45.000,Mail Detail,de_phlb
6edf7747-15c4-4166-97b9-004ddf4917c9,2026-04-13 00:45:46.000,Cafeteria Overview,de_lg
aefc4237-04cc-4817-8725-5c86372a0125,2026-04-13 00:45:54.000,Setup Role Selection,""
5c31e92f-31d4-4889-83c6-06b103b81d58,2026-04-08 13:23:39.000,Feed,de_phw
bb4d6f40-619b-4425-90a1-f7dc149738ff,2026-04-12 20:57:45.000,Mail Detail,de_pum
8581d13d-cfe8-4181-b09e-b9ec1a16d704,2026-04-13 00:45:54.000,Feed,de_ks
8581d13d-cfe8-4181-b09e-b9ec1a16d704,2026-04-13 00:45:56.000,Settings Overview,de_ks
8581d13d-cfe8-4181-b09e-b9ec1a16d704,2026-04-10 10:26:50.000,Feed,de_ks
8581d13d-cfe8-4181-b09e-b9ec1a16d704,2026-04-13 00:46:00.000,Settings Loading,de_ks
8581d13d-cfe8-4181-b09e-b9ec1a16d704,2026-04-13 00:45:48.000,Settings Overview,de_ks
72d70853-89ef-4aa8-a354-998bb3a959fb,2026-04-13 00:46:02.000,Mail Detail,de_hfts
72d70853-89ef-4aa8-a354-998bb3a959fb,2026-04-13 00:46:01.000,Mail Overview,de_hfts
72d70853-89ef-4aa8-a354-998bb3a959fb,2026-04-13 00:45:54.000,Mail Overview,de_hfts
5b2b8952-8aca-4d29-9200-c5769160b2f7,2026-04-13 00:45:56.000,Calendar Day View,de_hgo
72d70853-89ef-4aa8-a354-998bb3a959fb,2026-04-13 00:45:57.000,Mail Detail,de_hfts
57dcb46a-183c-451a-9dc5-1947b51212bc,2026-04-13 00:45:55.000,Mail Detail,de_phlb
57dcb46a-183c-451a-9dc5-1947b51212bc,2026-04-13 00:45:55.000,Mail Overview,de_phlb
aefc4237-04cc-4817-8725-5c86372a0125,2026-04-13 00:45:59.000,Setup Study Field Selection,""
8581d13d-cfe8-4181-b09e-b9ec1a16d704,2026-04-13 00:46:09.000,Feed,de_ks
8581d13d-cfe8-4181-b09e-b9ec1a16d704,2026-04-13 00:46:05.000,Feed,de_ks
8581d13d-cfe8-4181-b09e-b9ec1a16d704,2026-04-13 00:46:08.000,Settings Overview,de_ks
8581d13d-cfe8-4181-b09e-b9ec1a16d704,2026-04-13 00:46:05.000,Setup Loading,de_ks
1e7364fb-5db2-42ad-acbf-6821a8302a5e,2026-04-13 00:46:06.000,Calendar Day View,de_upb
1e7364fb-5db2-42ad-acbf-6821a8302a5e,2026-04-13 00:46:09.000,Feed,de_upb
5b2b8952-8aca-4d29-9200-c5769160b2f7,2026-04-13 00:46:03.000,Schedule Detail,de_hgo
57dcb46a-183c-451a-9dc5-1947b51212bc,2026-04-13 00:46:13.000,Mail Detail,de_phlb
57dcb46a-183c-451a-9dc5-1947b51212bc,2026-04-13 00:46:11.000,Mail Overview,de_phlb
714dad1b-c0c1-484f-a656-9b155acef6b0,2026-04-13 00:46:15.000,Mail Overview,de_pum
aefc4237-04cc-4817-8725-5c86372a0125,2026-04-13 00:46:18.000,Setup Role Selection,""
8dbf3af2-10e0-41a4-816b-c4f576f6387d,2026-04-13 00:46:11.000,Mail Detail,de_bt
8581d13d-cfe8-4181-b09e-b9ec1a16d704,2026-04-13 00:46:14.000,Feed,de_ks
8dbf3af2-10e0-41a4-816b-c4f576f6387d,2026-04-13 00:46:20.000,Mail Detail,de_bt
8dbf3af2-10e0-41a4-816b-c4f576f6387d,2026-04-13 00:46:13.000,Mail Overview,de_bt
8dbf3af2-10e0-41a4-816b-c4f576f6387d,2026-04-13 00:46:07.000,Feed,de_bt
8dbf3af2-10e0-41a4-816b-c4f576f6387d,2026-04-13 00:46:09.000,Mail Overview,de_bt
8dbf3af2-10e0-41a4-816b-c4f576f6387d,2026-04-13 00:46:08.000,Studie Modules,de_bt
8581d13d-cfe8-4181-b09e-b9ec1a16d704,2026-04-13 00:46:20.000,Mail Setup Manual,de_ks
8581d13d-cfe8-4181-b09e-b9ec1a16d704,2026-04-13 00:46:16.000,Studie Modules,de_ks
8581d13d-cfe8-4181-b09e-b9ec1a16d704,2026-04-13 00:46:12.000,Mail Setup Manual,de_ks
8581d13d-cfe8-4181-b09e-b9ec1a16d704,2026-04-13 00:46:19.000,Feed,de_ks
bddcbb06-ad74-49b3-88fa-9016c67e3784,2026-04-13 00:46:20.000,Authenticator,de_pum
bddcbb06-ad74-49b3-88fa-9016c67e3784,2026-04-13 00:46:17.000,Studie Modules,de_pum
1e7364fb-5db2-42ad-acbf-6821a8302a5e,2026-04-13 00:46:16.000,Links,de_upb
1e7364fb-5db2-42ad-acbf-6821a8302a5e,2026-04-13 00:46:14.000,Studie Modules,de_upb
9baedcdb-6a4a-4cfd-93d3-4a38e03f7a50,2026-04-13 00:46:17.000,Studie Modules,de_ush
9baedcdb-6a4a-4cfd-93d3-4a38e03f7a50,2026-04-13 00:46:18.000,Grades Overview,de_ush
714dad1b-c0c1-484f-a656-9b155acef6b0,2026-04-13 00:46:24.000,Mail Detail,de_pum
8c5e33ed-ac0c-46c6-b809-52801bdad1fa,2026-04-12 22:09:04.000,Studie Modules,de_jlug
aefc4237-04cc-4817-8725-5c86372a0125,2026-04-13 00:46:20.000,Setup Welcome,""
d4c04833-9507-47e4-ade3-da1cf2a78c2b,2026-04-13 00:46:30.000,Mail Setup Manual,de_upb
cd1076f7-d39e-4234-b138-ba0f04eb8066,2026-04-13 00:46:30.000,Generic Links Overview,de_thm
cd1076f7-d39e-4234-b138-ba0f04eb8066,2026-04-13 00:23:27.000,Studie Modules,de_thm
cd1076f7-d39e-4234-b138-ba0f04eb8066,2026-04-13 00:23:28.000,Mail Overview,de_thm
cd1076f7-d39e-4234-b138-ba0f04eb8066,2026-04-13 00:46:28.000,Studie Modules,de_thm
89de2688-258a-41ca-96a0-ef8209dc2c53,2026-04-13 00:46:40.000,Mail Detail,de_si
a8c3ef59-5767-45e2-883f-7744813815c2,2026-04-13 00:46:39.000,Generic Links Overview,de_pum
89de2688-258a-41ca-96a0-ef8209dc2c53,2026-04-13 00:46:38.000,Mail Overview,de_si
a8c3ef59-5767-45e2-883f-7744813815c2,2026-04-13 00:46:37.000,Studie Modules,de_pum
5be43baa-779a-403a-bd18-e3ef82aabae9,2026-04-12 21:20:31.000,Mail Overview,de_hsm
89de2688-258a-41ca-96a0-ef8209dc2c53,2026-04-13 00:46:37.000,Studie Modules,de_si
5be43baa-779a-403a-bd18-e3ef82aabae9,2026-04-12 21:20:33.000,Mail Detail,de_hsm
c2bfed38-1688-4bdb-98a3-69cf299caec7,2026-04-13 00:46:39.000,Mail Write,de_tuda
8581d13d-cfe8-4181-b09e-b9ec1a16d704,2026-04-13 00:46:36.000,Mail FolderSelection,de_ks
2d1c685c-1ee5-4245-affa-8b3b489e2bf1,2026-04-13 00:46:36.000,Mail Overview,de_hdm
23471789-36b3-44b8-b953-997c9ae05804,2026-04-12 12:27:41.000,Grades Overview,de_hsko
23471789-36b3-44b8-b953-997c9ae05804,2026-04-12 12:27:42.000,Studie Modules,de_hsko
df9fd998-27ab-4f2a-a2bf-09762eadca38,2026-04-13 00:46:49.000,Mail Overview,de_si
f39bc7f8-af86-411e-aba8-5bc97e3b3a24,2026-04-10 09:27:32.000,Feed Detail,de_hshb
595d86d1-3a91-41d4-8dfb-9fc899be1dc1,2026-04-12 10:42:00.000,Generic Links Overview,de_hsko
a8c3ef59-5767-45e2-883f-7744813815c2,2026-04-13 00:46:46.000,Generic Links Overview,de_pum
89de2688-258a-41ca-96a0-ef8209dc2c53,2026-04-13 00:46:44.000,Mail Detail,de_si
89de2688-258a-41ca-96a0-ef8209dc2c53,2026-04-13 00:46:42.000,Mail Overview,de_si
a8c3ef59-5767-45e2-883f-7744813815c2,2026-04-13 00:46:44.000,Studie Modules,de_pum
c2bfed38-1688-4bdb-98a3-69cf299caec7,2026-04-13 00:46:45.000,Mail Detail,de_tuda
d57667b6-250d-480f-a708-0ae5b6ce3b02,2026-04-13 00:46:50.000,Mail Overview,de_jmu
c2bfed38-1688-4bdb-98a3-69cf299caec7,2026-04-13 00:46:46.000,Mail Write,de_tuda
d57667b6-250d-480f-a708-0ae5b6ce3b02,2026-04-13 00:46:49.000,Studie Modules,de_jmu
aefc4237-04cc-4817-8725-5c86372a0125,2026-04-13 00:46:51.000,Setup Role Selection,""
ddc4d386-34da-4d0c-a56e-18956f738722,2026-04-12 19:32:47.000,Studie Modules,de_hshz
c20a3945-bccf-47ed-8a87-b000edf23921,2026-04-13 00:46:49.000,Mail Overview,de_hsko
d2def86e-b833-4dbb-aeb4-ccb343d072e9,2026-04-13 00:46:47.000,Global Ory Login,de_hszg
c20a3945-bccf-47ed-8a87-b000edf23921,2026-04-13 00:46:52.000,Mail Detail,de_hsko
df9fd998-27ab-4f2a-a2bf-09762eadca38,2026-04-13 00:46:50.000,Mail Detail,de_si
df9fd998-27ab-4f2a-a2bf-09762eadca38,2026-04-13 00:46:55.000,Mail Detail,de_si
df9fd998-27ab-4f2a-a2bf-09762eadca38,2026-04-13 00:46:54.000,Mail Overview,de_si
4dad3a6f-f3d1-44d8-8b1a-c3e4155a898d,2026-04-12 18:07:07.000,Cafeteria Detail,de_hfr
045ceef7-8074-4af3-bea3-c134282c4eb6,2026-04-13 00:47:00.000,Studie Modules,de_hsfd
045ceef7-8074-4af3-bea3-c134282c4eb6,2026-04-13 00:47:00.000,Mail Overview,de_hsfd
ba313925-44a9-40ea-8c9a-86e30f8a922a,2026-04-13 00:46:51.000,Studie Modules,de_upb
1c62e138-c385-4137-b2da-26e837a687cf,2026-04-13 00:46:57.000,Mail Overview,de_pum
1c62e138-c385-4137-b2da-26e837a687cf,2026-04-13 00:47:01.000,Mail Detail,de_pum
ba313925-44a9-40ea-8c9a-86e30f8a922a,2026-04-13 00:46:54.000,Mail Detail,de_upb
ba313925-44a9-40ea-8c9a-86e30f8a922a,2026-04-13 00:46:56.000,Mail Detail,de_upb
ba313925-44a9-40ea-8c9a-86e30f8a922a,2026-04-13 00:46:53.000,Mail Overview,de_upb
1c62e138-c385-4137-b2da-26e837a687cf,2026-04-13 00:46:55.000,Studie Modules,de_pum
ba313925-44a9-40ea-8c9a-86e30f8a922a,2026-04-13 00:46:55.000,Mail Overview,de_upb
177da2a3-1161-431c-915c-21cb8904ec04,2026-04-12 10:50:11.000,Feed,de_fhja
177da2a3-1161-431c-915c-21cb8904ec04,2026-04-12 10:50:11.000,Study Field Onboarding,de_fhja
177da2a3-1161-431c-915c-21cb8904ec04,2026-04-12 10:50:13.000,Info Overview,de_fhja
177da2a3-1161-431c-915c-21cb8904ec04,2026-04-12 10:50:13.000,Studie Modules,de_fhja
177da2a3-1161-431c-915c-21cb8904ec04,2026-04-12 10:50:10.000,Info Overview,de_fhja
308de670-ddc0-4e51-a9d7-0dcd7ddcf82d,2026-04-12 22:07:58.000,Study Field Onboarding,de_hszg
308de670-ddc0-4e51-a9d7-0dcd7ddcf82d,2026-04-13 00:44:34.000,Study Field Onboarding,de_hszg
2091c437-014a-4e06-b9b9-578b2708941b,2026-04-12 20:13:27.000,Cafeteria Detail,de_fhef
2091c437-014a-4e06-b9b9-578b2708941b,2026-04-12 20:13:24.000,Cafeteria Detail,de_fhef
2091c437-014a-4e06-b9b9-578b2708941b,2026-04-12 20:13:26.000,Cafeteria Detail,de_fhef
2091c437-014a-4e06-b9b9-578b2708941b,2026-04-12 20:13:27.000,Cafeteria Overview,de_fhef
2091c437-014a-4e06-b9b9-578b2708941b,2026-04-12 20:13:25.000,Cafeteria Overview,de_fhef
2091c437-014a-4e06-b9b9-578b2708941b,2026-04-12 20:13:29.000,Studie Modules,de_fhef
2091c437-014a-4e06-b9b9-578b2708941b,2026-04-12 20:13:29.000,Cafeteria Overview,de_fhef
1ecf58bd-b10c-45f9-8776-4fc3378f0944,2026-04-12 09:27:42.000,Studie Modules,de_pum
d57667b6-250d-480f-a708-0ae5b6ce3b02,2026-04-13 00:46:57.000,Studie Modules,de_jmu
d57667b6-250d-480f-a708-0ae5b6ce3b02,2026-04-13 00:46:59.000,Generic Links Overview,de_jmu
ce7a480d-aded-4c01-940b-b12bdda25e99,2026-04-13 00:47:04.000,Studie Modules,de_pum
1ecf58bd-b10c-45f9-8776-4fc3378f0944,2026-04-12 09:27:42.000,Mail Overview,de_pum
aefc4237-04cc-4817-8725-5c86372a0125,2026-04-13 00:46:57.000,Setup Welcome,""
21e0cc2d-e7aa-46fa-81b9-38fe55dd0d30,2026-04-12 15:45:46.000,Mail Overview,de_hsfd
9bd17ed7-a544-4f73-af5b-bf9e460c0acf,2026-04-13 00:47:07.000,Authenticator,de_pum
9bd17ed7-a544-4f73-af5b-bf9e460c0acf,2026-04-13 00:47:02.000,Feed,de_pum
9bd17ed7-a544-4f73-af5b-bf9e460c0acf,2026-04-13 00:47:01.000,Mail Setup Manual,de_pum
9bd17ed7-a544-4f73-af5b-bf9e460c0acf,2026-04-13 00:47:07.000,Studie Modules,de_pum
1c62e138-c385-4137-b2da-26e837a687cf,2026-04-13 00:47:03.000,Mail Overview,de_pum
1c62e138-c385-4137-b2da-26e837a687cf,2026-04-13 00:47:06.000,Mail Detail,de_pum
045ceef7-8074-4af3-bea3-c134282c4eb6,2026-04-13 00:47:08.000,Mail Detail,de_hsfd
5ac938ce-136b-4648-82c8-d7b6510e3195,2026-04-13 00:47:06.000,Studie Modules,de_phw
ce7a480d-aded-4c01-940b-b12bdda25e99,2026-04-13 00:47:08.000,Mail Detail,de_pum
ce7a480d-aded-4c01-940b-b12bdda25e99,2026-04-13 00:47:05.000,Mail Overview,de_pum
5ac938ce-136b-4648-82c8-d7b6510e3195,2026-04-13 00:47:06.000,Mail Overview,de_phw
df9fd998-27ab-4f2a-a2bf-09762eadca38,2026-04-13 00:47:17.000,Mail Overview,de_si
71a3c0b7-1e38-45d3-b03d-dd11a836988f,2026-04-12 13:33:49.000,wallet,de_hsge
df9fd998-27ab-4f2a-a2bf-09762eadca38,2026-04-13 00:47:23.000,Mail Detail,de_si
07c4156a-f6a3-4536-8e7a-f6401653170f,2026-04-12 21:14:13.000,Mail Overview,de_ovgu
acbb6ef4-a051-4438-bf7e-08ef4ba72f1c,2026-04-08 05:47:28.000,Mail Overview,de_pum
80433c09-1d5d-4070-9e42-542d861dc148,2026-04-12 15:44:49.000,Mail Overview,de_pum
022f53c3-07d3-4fa2-8893-73772fd4efcf,2026-04-13 00:47:23.000,Global Ory Login,de_si
acbb6ef4-a051-4438-bf7e-08ef4ba72f1c,2026-04-09 09:38:24.000,Mail Detail,de_pum
acbb6ef4-a051-4438-bf7e-08ef4ba72f1c,2026-04-09 09:38:37.000,Mail Overview,de_pum
df9fd998-27ab-4f2a-a2bf-09762eadca38,2026-04-13 00:47:30.000,Feed,de_si
2225b4b5-f3c4-49f9-a8b9-6cea2565595d,2026-04-12 21:02:21.000,Feed,de_hsda
2225b4b5-f3c4-49f9-a8b9-6cea2565595d,2026-04-12 21:02:26.000,Mail Detail,de_hsda
df9fd998-27ab-4f2a-a2bf-09762eadca38,2026-04-13 00:47:28.000,Mail Overview,de_si
9bd17ed7-a544-4f73-af5b-bf9e460c0acf,2026-04-13 00:47:28.000,Schedule Setup,de_pum
9bd17ed7-a544-4f73-af5b-bf9e460c0acf,2026-04-13 00:47:28.000,Calendar Day View,de_pum
2225b4b5-f3c4-49f9-a8b9-6cea2565595d,2026-04-12 21:02:23.000,Mail Overview,de_hsda
2225b4b5-f3c4-49f9-a8b9-6cea2565595d,2026-04-12 21:02:22.000,Studie Modules,de_hsda
9bd17ed7-a544-4f73-af5b-bf9e460c0acf,2026-04-13 00:47:33.000,Calendar Week View,de_pum
1e99096d-b6bc-42a0-9ccd-853f5d8bea28,2026-04-13 00:47:29.000,Feed,de_fhki
ce7a480d-aded-4c01-940b-b12bdda25e99,2026-04-13 00:47:35.000,Mail Overview,de_pum
ce7a480d-aded-4c01-940b-b12bdda25e99,2026-04-13 00:47:41.000,Mail Overview,de_pum
ce7a480d-aded-4c01-940b-b12bdda25e99,2026-04-13 00:47:38.000,Authenticator,de_pum
ce7a480d-aded-4c01-940b-b12bdda25e99,2026-04-13 00:47:36.000,Studie Modules,de_pum
ce7a480d-aded-4c01-940b-b12bdda25e99,2026-04-13 00:47:40.000,Studie Modules,de_pum
e9254175-7cbc-4cd7-9689-28159e590b07,2026-04-13 00:47:33.000,Studie Modules,de_upb
e9254175-7cbc-4cd7-9689-28159e590b07,2026-04-13 00:47:34.000,Feed,de_upb
540c86ad-6e3c-4b96-ab4d-5810ee955e5f,2026-04-13 00:47:45.000,Generic Links Overview,de_si
5ac938ce-136b-4648-82c8-d7b6510e3195,2026-04-13 00:47:45.000,Mail Detail,de_phw
540c86ad-6e3c-4b96-ab4d-5810ee955e5f,2026-04-13 00:47:40.000,Studie Modules,de_si
9bd17ed7-a544-4f73-af5b-bf9e460c0acf,2026-04-13 00:47:43.000,Feed,de_pum
9bd17ed7-a544-4f73-af5b-bf9e460c0acf,2026-04-13 00:47:47.000,Studie Modules,de_pum
9bd17ed7-a544-4f73-af5b-bf9e460c0acf,2026-04-13 00:47:40.000,Calendar Week View,de_pum
989c9473-590e-45b8-8955-3895940458a4,2026-04-11 11:13:07.000,Feed,de_hsfd
022f53c3-07d3-4fa2-8893-73772fd4efcf,2026-04-13 00:47:50.000,Feed,de_si
8a63c205-7138-4be7-8353-4a58c65daa8c,2026-04-13 00:17:35.000,External Login Expired,de_tuda
e4f29b3c-a6fa-4778-92f0-298d45608044,2026-04-13 00:47:42.000,Studie Modules,de_si
e4f29b3c-a6fa-4778-92f0-298d45608044,2026-04-13 00:47:46.000,Generic Links Overview,de_si
53e97b46-50d3-41f1-a6bc-3869687c9348,2026-04-12 16:50:43.000,Mail Overview,de_jlug
53e97b46-50d3-41f1-a6bc-3869687c9348,2026-04-12 16:50:42.000,Studie Modules,de_jlug
53e97b46-50d3-41f1-a6bc-3869687c9348,2026-04-12 16:50:46.000,Mail Detail,de_jlug
53e97b46-50d3-41f1-a6bc-3869687c9348,2026-04-12 08:45:45.000,Studie Modules,de_jlug
53e97b46-50d3-41f1-a6bc-3869687c9348,2026-04-12 08:45:46.000,Mail Overview,de_jlug
5ac938ce-136b-4648-82c8-d7b6510e3195,2026-04-13 00:47:55.000,Mail Detail,de_phw
5ac938ce-136b-4648-82c8-d7b6510e3195,2026-04-13 00:47:47.000,Mail Overview,de_phw
9bd17ed7-a544-4f73-af5b-bf9e460c0acf,2026-04-13 00:47:51.000,Generic Links Overview,de_pum
022f53c3-07d3-4fa2-8893-73772fd4efcf,2026-04-13 00:47:57.000,Studie Modules,de_si
022f53c3-07d3-4fa2-8893-73772fd4efcf,2026-04-13 00:47:56.000,Calendar Day View,de_si
022f53c3-07d3-4fa2-8893-73772fd4efcf,2026-04-13 00:47:54.000,Studie Modules,de_si
022f53c3-07d3-4fa2-8893-73772fd4efcf,2026-04-13 00:47:59.000,Calendar Day View,de_si
c2bfed38-1688-4bdb-98a3-69cf299caec7,2026-04-13 00:48:00.000,Mail Detail,de_tuda
1c62e138-c385-4137-b2da-26e837a687cf,2026-04-13 00:48:00.000,Mail Overview,de_pum
c2adf759-7853-4bc9-b876-d554213dd2f1,2026-04-12 21:01:58.000,Calendar Week View,de_hslu
c2adf759-7853-4bc9-b876-d554213dd2f1,2026-04-12 21:01:55.000,Schedule Detail,de_hslu
8022d8ec-4a9f-40d8-8038-123588d3fdfa,2026-04-12 22:21:09.000,Grades Overview,de_ush
c2adf759-7853-4bc9-b876-d554213dd2f1,2026-04-12 21:01:55.000,Calendar Week View,de_hslu
cd36bddb-a284-4f95-8e45-b53290ee055d,2026-04-12 20:55:11.000,Schedule Detail,de_pum
cd36bddb-a284-4f95-8e45-b53290ee055d,2026-04-12 20:55:05.000,Calendar Week View,de_pum
cd36bddb-a284-4f95-8e45-b53290ee055d,2026-04-12 20:55:29.000,Calendar Week View,de_pum
cd36bddb-a284-4f95-8e45-b53290ee055d,2026-04-12 20:54:48.000,Schedule Color Chooser,de_pum
cd36bddb-a284-4f95-8e45-b53290ee055d,2026-04-12 20:54:49.000,Schedule Create,de_pum
cd36bddb-a284-4f95-8e45-b53290ee055d,2026-04-12 20:55:15.000,Schedule Modify,de_pum
cd36bddb-a284-4f95-8e45-b53290ee055d,2026-04-12 20:54:47.000,Schedule Create,de_pum
5ac938ce-136b-4648-82c8-d7b6510e3195,2026-04-13 00:47:58.000,Mail Overview,de_phw
5ac938ce-136b-4648-82c8-d7b6510e3195,2026-04-13 00:47:59.000,Mail Detail,de_phw
1c62e138-c385-4137-b2da-26e837a687cf,2026-04-13 00:48:01.000,Mail Detail,de_pum
312ee136-759f-45d5-9624-1aae96a784a7,2026-04-13 00:48:03.000,Mail Overview,de_hsda
ec2cdfc2-0471-4426-af7b-bef7c2d30041,2026-04-11 14:40:57.000,Wallet Login,de_hshb
e47d025c-8bdb-4244-a0de-a5a7b2c0fdc7,2026-04-12 13:55:21.000,Grades Overview,de_thm
1a3c3280-c586-4427-a409-6bbcbe9b6344,2026-04-12 12:38:56.000,Grades Overview,de_hsnd
5ac938ce-136b-4648-82c8-d7b6510e3195,2026-04-13 00:48:14.000,Mail Overview,de_phw
e47d025c-8bdb-4244-a0de-a5a7b2c0fdc7,2026-04-12 13:55:18.000,Studie Modules,de_thm
1a3c3280-c586-4427-a409-6bbcbe9b6344,2026-04-12 12:38:55.000,Settings Overview,de_hsnd
1a3c3280-c586-4427-a409-6bbcbe9b6344,2026-04-12 12:38:55.000,Studie Modules,de_hsnd
9c42772c-c0f8-483f-9473-b49799177ebc,2026-04-12 17:16:08.000,Calendar Week View,de_ubm
9c42772c-c0f8-483f-9473-b49799177ebc,2026-04-12 17:16:06.000,Schedule Detail,de_ubm
9c42772c-c0f8-483f-9473-b49799177ebc,2026-04-12 17:15:34.000,Calendar Week View,de_ubm
3522e03d-5c83-4e72-b926-294717161ebb,2026-04-13 00:48:09.000,Mail Overview,de_si
9c42772c-c0f8-483f-9473-b49799177ebc,2026-04-12 17:16:03.000,Schedule Detail,de_ubm
9c42772c-c0f8-483f-9473-b49799177ebc,2026-04-12 17:16:05.000,Calendar Week View,de_ubm
3522e03d-5c83-4e72-b926-294717161ebb,2026-04-13 00:48:08.000,Studie Modules,de_si
cd1076f7-d39e-4234-b138-ba0f04eb8066,2026-04-13 00:48:17.000,Studie Modules,de_thm
ce7a480d-aded-4c01-940b-b12bdda25e99,2026-04-13 00:47:42.000,Mail Detail,de_pum
9bd17ed7-a544-4f73-af5b-bf9e460c0acf,2026-04-13 00:48:19.000,Studie Modules,de_pum
28792a84-f6b1-4b88-b6d7-607eddfcd508,2026-04-13 00:48:15.000,Studie Modules,de_pum
28792a84-f6b1-4b88-b6d7-607eddfcd508,2026-04-13 00:48:19.000,Studie Modules,de_pum
1c62e138-c385-4137-b2da-26e837a687cf,2026-04-13 00:48:18.000,Mail Detail,de_pum
1c62e138-c385-4137-b2da-26e837a687cf,2026-04-13 00:48:12.000,Mail Overview,de_pum
1c62e138-c385-4137-b2da-26e837a687cf,2026-04-13 00:48:20.000,Mail Overview,de_pum
28792a84-f6b1-4b88-b6d7-607eddfcd508,2026-04-13 00:48:16.000,wallet,de_pum
28792a84-f6b1-4b88-b6d7-607eddfcd508,2026-04-13 00:48:21.000,Authenticator,de_pum
bf30b8d0-7709-4383-9b71-3d9eb51ee98c,2026-04-13 00:48:18.000,Mail Overview,de_ush
3522e03d-5c83-4e72-b926-294717161ebb,2026-04-13 00:48:17.000,Mail Detail,de_si
cd1076f7-d39e-4234-b138-ba0f04eb8066,2026-04-13 00:48:20.000,Generic Links Overview,de_thm
9bd17ed7-a544-4f73-af5b-bf9e460c0acf,2026-04-13 00:48:20.000,Authenticator,de_pum
ce7a480d-aded-4c01-940b-b12bdda25e99,2026-04-13 00:48:20.000,Mail Overview,de_pum
df9fd998-27ab-4f2a-a2bf-09762eadca38,2026-04-13 00:48:25.000,wallet,de_si
b322e9f6-646f-4edc-98a1-47db18206176,2026-04-12 23:40:36.000,Studie Modules,de_pum
b322e9f6-646f-4edc-98a1-47db18206176,2026-04-12 23:40:37.000,Mail Overview,de_pum
31a9a44b-5b00-4f16-b8f0-11dfd9cb5519,2026-04-12 21:01:28.000,Mail Overview,de_phlb
31a9a44b-5b00-4f16-b8f0-11dfd9cb5519,2026-04-12 21:01:34.000,Mail Overview,de_phlb
31a9a44b-5b00-4f16-b8f0-11dfd9cb5519,2026-04-12 20:04:52.000,Mail Overview,de_phlb
31a9a44b-5b00-4f16-b8f0-11dfd9cb5519,2026-04-12 21:01:31.000,Mail Detail,de_phlb
bf30b8d0-7709-4383-9b71-3d9eb51ee98c,2026-04-13 00:48:33.000,Mail Detail,de_ush
3522e03d-5c83-4e72-b926-294717161ebb,2026-04-13 00:48:33.000,Mail Detail,de_si
3522e03d-5c83-4e72-b926-294717161ebb,2026-04-13 00:48:29.000,Mail Overview,de_si
fb8525f3-6df7-43a1-b108-29dd0754a15f,2026-04-13 00:48:34.000,Mail Overview,de_tuda
c637eca7-a5d9-4620-849c-5c51525ef577,2026-04-13 00:09:37.000,Study Field Onboarding,de_hszg
ccbf61a9-7b6f-4ddb-9e13-edcc509eb68f,2026-04-13 00:48:38.000,Mail Overview,de_ks
ccbf61a9-7b6f-4ddb-9e13-edcc509eb68f,2026-04-13 00:48:40.000,Studie Modules,de_ks
ccbf61a9-7b6f-4ddb-9e13-edcc509eb68f,2026-04-13 00:48:41.000,Cafeteria Overview,de_ks
ccbf61a9-7b6f-4ddb-9e13-edcc509eb68f,2026-04-13 00:48:37.000,Studie Modules,de_ks
3522e03d-5c83-4e72-b926-294717161ebb,2026-04-13 00:48:48.000,Mail Write,de_si
d57667b6-250d-480f-a708-0ae5b6ce3b02,2026-04-13 00:48:46.000,Generic Links Overview,de_jmu
d57667b6-250d-480f-a708-0ae5b6ce3b02,2026-04-13 00:48:44.000,Studie Modules,de_jmu
46ccd1cc-7548-414f-b3ea-7e76d8a61d87,2026-04-13 00:18:39.000,Study Field Onboarding,de_evhb
29728b49-fb07-4d27-be28-a877b8e9b1f0,2026-04-12 14:56:33.000,Study Field Onboarding,de_hsge
29728b49-fb07-4d27-be28-a877b8e9b1f0,2026-04-12 11:35:11.000,Study Field Onboarding,de_hsge
c2bfed38-1688-4bdb-98a3-69cf299caec7,2026-04-13 00:48:50.000,Mail Write,de_tuda
ccbf61a9-7b6f-4ddb-9e13-edcc509eb68f,2026-04-13 00:48:48.000,Cafeteria Detail,de_ks
3522e03d-5c83-4e72-b926-294717161ebb,2026-04-13 00:48:50.000,Mail Detail,de_si
9e01c0e1-ef44-4acc-86ca-f29b956f684e,2026-04-13 00:48:53.000,Calendar Day View,de_upb
9e01c0e1-ef44-4acc-86ca-f29b956f684e,2026-04-13 00:49:00.000,Schedule Detail,de_upb
89de2688-258a-41ca-96a0-ef8209dc2c53,2026-04-13 00:49:01.000,Studie Modules,de_si
89de2688-258a-41ca-96a0-ef8209dc2c53,2026-04-13 00:48:56.000,Mail Overview,de_si
89de2688-258a-41ca-96a0-ef8209dc2c53,2026-04-13 00:48:57.000,Studie Modules,de_si
89de2688-258a-41ca-96a0-ef8209dc2c53,2026-04-13 00:48:59.000,Feed,de_si
63310688-64d0-4bf8-9079-4d5f50145595,2026-04-13 00:49:01.000,Mail Overview,de_lg
63310688-64d0-4bf8-9079-4d5f50145595,2026-04-13 00:49:04.000,Mail Detail,de_lg
3522e03d-5c83-4e72-b926-294717161ebb,2026-04-13 00:49:01.000,Mail Write,de_si
4349d263-6d62-4887-89f8-45dc73f27337,2026-04-13 00:49:01.000,Generic Links Overview,de_bt
4349d263-6d62-4887-89f8-45dc73f27337,2026-04-13 00:48:58.000,Studie Modules,de_bt
5ecb7c5f-ce91-4b03-ae70-69e9f6bad0e0,2026-04-13 00:49:04.000,Mail Overview,de_hspf
9e01c0e1-ef44-4acc-86ca-f29b956f684e,2026-04-13 00:49:03.000,Calendar Day View,de_upb
9e01c0e1-ef44-4acc-86ca-f29b956f684e,2026-04-13 00:49:05.000,Schedule Detail,de_upb
9e01c0e1-ef44-4acc-86ca-f29b956f684e,2026-04-13 00:49:06.000,Calendar Day View,de_upb
ea9f4603-2baa-44f9-94a4-4175f1739fb3,2026-04-12 10:56:44.000,Feed Detail,de_hshb
ea9f4603-2baa-44f9-94a4-4175f1739fb3,2026-04-11 10:52:45.000,Feed Detail,de_hshb
a8c3ef59-5767-45e2-883f-7744813815c2,2026-04-13 00:49:16.000,Studie Modules,de_pum
5ecb7c5f-ce91-4b03-ae70-69e9f6bad0e0,2026-04-13 00:49:13.000,Mail Write,de_hspf
5ecb7c5f-ce91-4b03-ae70-69e9f6bad0e0,2026-04-13 00:49:18.000,Mail Overview,de_hspf
a7e458b0-a1b4-43a7-bca2-b6716f8c24ff,2026-04-12 23:29:46.000,Mail Overview,de_thm
a7e458b0-a1b4-43a7-bca2-b6716f8c24ff,2026-04-12 23:29:45.000,Feed,de_thm
2e5555fc-726c-4695-9b4e-9cfad8704bf2,2026-04-13 00:17:37.000,Studie Modules,de_jlug
2e5555fc-726c-4695-9b4e-9cfad8704bf2,2026-04-13 00:17:37.000,Mail Overview,de_jlug
a8c3ef59-5767-45e2-883f-7744813815c2,2026-04-13 00:49:17.000,Generic Links Overview,de_pum
5e6a314c-3125-43e7-a822-631920cddd9d,2026-04-12 23:31:00.000,Calendar Week View,de_phlb
57dcb46a-183c-451a-9dc5-1947b51212bc,2026-04-13 00:49:24.000,Mail Overview,de_phlb
df9fd998-27ab-4f2a-a2bf-09762eadca38,2026-04-13 00:49:23.000,Wallet Select Image,de_si
73ef9c3c-396a-49fa-a7fb-9d89cbcc1426,2026-04-13 00:49:21.000,Schedule Overview,de_hba
73ef9c3c-396a-49fa-a7fb-9d89cbcc1426,2026-04-13 00:49:22.000,Calendar Week View,de_hba
73ef9c3c-396a-49fa-a7fb-9d89cbcc1426,2026-04-13 00:49:28.000,Schedule Detail,de_hba
591cedba-5267-44f8-924e-a70cbe6de11e,2026-04-13 00:49:22.000,Feed Detail,de_hsan
591cedba-5267-44f8-924e-a70cbe6de11e,2026-04-13 00:49:26.000,Feed,de_hsan
3d5707f3-880b-4be0-96a0-f94c25b6dd98,2026-04-13 00:49:24.000,calendar_overview,de_cbs
50417d3a-39b3-452e-849f-0a1abee2ce2d,2026-04-12 16:50:34.000,Feed Detail,de_hsfd
5e6a314c-3125-43e7-a822-631920cddd9d,2026-04-13 00:49:37.000,Calendar Week View,de_phlb
5e6a314c-3125-43e7-a822-631920cddd9d,2026-04-13 00:49:30.000,Calendar Week View,de_phlb
5e6a314c-3125-43e7-a822-631920cddd9d,2026-04-13 00:49:28.000,Schedule Detail,de_phlb
5e6a314c-3125-43e7-a822-631920cddd9d,2026-04-13 00:49:35.000,Schedule Detail,de_phlb
57dcb46a-183c-451a-9dc5-1947b51212bc,2026-04-13 00:49:36.000,Mail Detail,de_phlb
d57667b6-250d-480f-a708-0ae5b6ce3b02,2026-04-13 00:49:33.000,Studie Modules,de_jmu
d57667b6-250d-480f-a708-0ae5b6ce3b02,2026-04-13 00:49:35.000,Generic Links Overview,de_jmu
ccbf61a9-7b6f-4ddb-9e13-edcc509eb68f,2026-04-13 00:49:39.000,Cafeteria Overview,de_ks
c85c07f1-d440-44bf-88f3-601e2c8e9671,2025-09-04 09:24:11.000,Settings Loading,de_upb
ce7a480d-aded-4c01-940b-b12bdda25e99,2026-04-13 00:49:35.000,Mail Overview,de_pum
ce7a480d-aded-4c01-940b-b12bdda25e99,2026-04-13 00:49:38.000,Mail Detail,de_pum
591cedba-5267-44f8-924e-a70cbe6de11e,2026-04-13 00:49:42.000,Studie Modules,de_hsan
591cedba-5267-44f8-924e-a70cbe6de11e,2026-04-13 00:49:44.000,Mail Overview,de_hsan
4c79581c-b25c-4e57-ab9f-b09b692ef6e7,2026-04-12 16:56:23.000,Mail Overview,de_tuda
4c79581c-b25c-4e57-ab9f-b09b692ef6e7,2026-04-13 00:49:39.000,Mail Detail,de_tuda
4c79581c-b25c-4e57-ab9f-b09b692ef6e7,2026-04-13 00:49:35.000,Mail Overview,de_tuda
165e9604-9ed0-4332-8c4f-301f0c1a3908,2026-04-13 00:49:42.000,Calendar Day View,de_hsfd
d0758e70-2414-42e6-b971-6ccb943cc615,2026-04-13 00:49:38.000,Grades Overview,de_hsko
d78a77cb-27f9-40ee-a0b1-122eab8bd2d4,2026-04-12 18:03:19.000,Studie Modules,de_thk
ccbf61a9-7b6f-4ddb-9e13-edcc509eb68f,2026-04-13 00:49:40.000,Cafeteria Detail,de_ks
a6f51c6b-8bdf-4927-abca-27bdf01024b1,2026-04-12 15:32:51.000,Studie Modules,de_hshb
a6f51c6b-8bdf-4927-abca-27bdf01024b1,2026-04-12 15:32:52.000,wallet,de_hshb
c9979848-4c10-4d75-b898-43d44b5d722c,2026-04-13 00:49:45.000,Feed,de_uff
c9979848-4c10-4d75-b898-43d44b5d722c,2026-04-13 00:49:46.000,Cafeteria Overview,de_uff
c9979848-4c10-4d75-b898-43d44b5d722c,2026-04-13 00:49:43.000,Cafeteria Detail,de_uff
8d5bd2d3-c728-4bfb-9403-a8b4a6a9a618,2026-04-13 00:49:53.000,Mail Overview,de_tubf
ec780c37-d384-4911-b243-a43ad931b255,2026-04-12 14:40:16.000,wallet,de_pum
ec780c37-d384-4911-b243-a43ad931b255,2026-04-12 14:40:10.000,WALLET,de_pum
461d2333-a21e-4b13-9f61-f5b3e0e92cf5,2026-04-12 16:44:08.000,Feed,de_upb
461d2333-a21e-4b13-9f61-f5b3e0e92cf5,2026-04-12 20:05:52.000,Mail Overview,de_upb
461d2333-a21e-4b13-9f61-f5b3e0e92cf5,2026-04-12 20:05:51.000,Studie Modules,de_upb
ec780c37-d384-4911-b243-a43ad931b255,2026-04-12 14:40:09.000,Studie Modules,de_pum
5e6a314c-3125-43e7-a822-631920cddd9d,2026-04-13 00:49:38.000,Feed,de_phlb
5e6a314c-3125-43e7-a822-631920cddd9d,2026-04-13 00:49:51.000,Calendar Week View,de_phlb
c9979848-4c10-4d75-b898-43d44b5d722c,2026-04-13 00:49:53.000,Feed,de_uff
591cedba-5267-44f8-924e-a70cbe6de11e,2026-04-13 00:49:59.000,Studie Modules,de_hsan
591cedba-5267-44f8-924e-a70cbe6de11e,2026-04-13 00:50:03.000,Career Main,de_hsan
8d5bd2d3-c728-4bfb-9403-a8b4a6a9a618,2026-04-13 00:50:00.000,Mail Detail,de_tubf
5e6a314c-3125-43e7-a822-631920cddd9d,2026-04-13 00:50:01.000,Schedule Detail,de_phlb
57dcb46a-183c-451a-9dc5-1947b51212bc,2026-04-13 00:50:05.000,Mail Overview,de_phlb
c9979848-4c10-4d75-b898-43d44b5d722c,2026-04-13 00:50:09.000,Cafeteria Detail,de_uff
5e6a314c-3125-43e7-a822-631920cddd9d,2026-04-13 00:50:09.000,Schedule Detail,de_phlb
5e6a314c-3125-43e7-a822-631920cddd9d,2026-04-13 00:50:08.000,Calendar Week View,de_phlb
3bad6b39-b55d-4f51-a7c9-9b0cde9bb7cd,2026-04-12 15:25:05.000,Study Field Onboarding,de_fhog
3bad6b39-b55d-4f51-a7c9-9b0cde9bb7cd,2026-04-12 23:50:04.000,Study Field Onboarding,de_fhog
3bad6b39-b55d-4f51-a7c9-9b0cde9bb7cd,2026-04-12 22:41:20.000,Study Field Onboarding,de_fhog
3bad6b39-b55d-4f51-a7c9-9b0cde9bb7cd,2026-04-12 16:56:18.000,Study Field Onboarding,de_fhog
57dcb46a-183c-451a-9dc5-1947b51212bc,2026-04-13 00:50:11.000,Mail Detail,de_phlb
eb3d4a98-7c7a-4731-9d0b-38a0fc0f2aae,2026-04-12 21:57:58.000,Calendar Detail,de_thdeg
87e75bdb-cbe1-4ee6-96b6-0e63dcd785e0,2026-04-13 00:50:23.000,Mail Overview,de_hsge
87e75bdb-cbe1-4ee6-96b6-0e63dcd785e0,2026-04-13 00:50:20.000,Mail Detail,de_hsge
87e75bdb-cbe1-4ee6-96b6-0e63dcd785e0,2026-04-13 00:50:20.000,Mail Overview,de_hsge
87e75bdb-cbe1-4ee6-96b6-0e63dcd785e0,2026-04-13 00:50:18.000,Mail Detail,de_hsge
87e75bdb-cbe1-4ee6-96b6-0e63dcd785e0,2026-04-13 00:50:15.000,Mail Overview,de_hsge
591cedba-5267-44f8-924e-a70cbe6de11e,2026-04-13 00:50:19.000,Career Job V2,de_hsan
5e6a314c-3125-43e7-a822-631920cddd9d,2026-04-13 00:50:22.000,Calendar Week View,de_phlb
dde81ad3-8f10-4a21-9e0b-909baf7f2e26,2026-04-12 20:28:09.000,Mail Overview,de_jlug
dde81ad3-8f10-4a21-9e0b-909baf7f2e26,2026-04-12 22:40:51.000,Mail Overview,de_jlug
e11ac264-d2d2-453d-afd8-1db2225726e4,2026-04-11 08:20:53.000,Feed,de_bt
e11ac264-d2d2-453d-afd8-1db2225726e4,2026-04-11 08:20:52.000,Mail Overview,de_bt
89de2688-258a-41ca-96a0-ef8209dc2c53,2026-04-13 00:50:30.000,Mail Overview,de_si
438899a2-8183-4933-bc8c-134b2f7a1196,2026-04-12 21:58:11.000,Studie Modules,de_bt
438899a2-8183-4933-bc8c-134b2f7a1196,2026-04-12 21:58:11.000,Mail Overview,de_bt
438899a2-8183-4933-bc8c-134b2f7a1196,2026-04-12 21:55:46.000,Studie Modules,de_bt
dc4274ff-e8be-48b4-bd91-ed60ed0d0eb1,2026-04-12 07:53:16.000,Studie Modules,de_ua
438899a2-8183-4933-bc8c-134b2f7a1196,2026-04-12 21:55:46.000,Mail Overview,de_bt
57dcb46a-183c-451a-9dc5-1947b51212bc,2026-04-13 00:50:24.000,Mail Overview,de_phlb
87e75bdb-cbe1-4ee6-96b6-0e63dcd785e0,2026-04-13 00:50:31.000,Mail Overview,de_hsge
4ca75a6b-d842-4089-9d88-8a443ebf3e70,2026-04-13 00:50:23.000,Studie Modules,de_hsmz
87e75bdb-cbe1-4ee6-96b6-0e63dcd785e0,2026-04-13 00:50:25.000,Mail Overview,de_hsge
87e75bdb-cbe1-4ee6-96b6-0e63dcd785e0,2026-04-13 00:50:32.000,Mail Detail,de_hsge
4ca75a6b-d842-4089-9d88-8a443ebf3e70,2026-04-13 00:50:25.000,Mail Overview,de_hsmz
87e75bdb-cbe1-4ee6-96b6-0e63dcd785e0,2026-04-13 00:50:33.000,Mail Overview,de_hsge
87e75bdb-cbe1-4ee6-96b6-0e63dcd785e0,2026-04-13 00:50:24.000,Mail Detail,de_hsge
4ca75a6b-d842-4089-9d88-8a443ebf3e70,2026-04-13 00:50:27.000,Mail Detail,de_hsmz
87e75bdb-cbe1-4ee6-96b6-0e63dcd785e0,2026-04-13 00:50:29.000,Mail Detail,de_hsge
8626ba20-56b5-422c-9ba7-9a56b272d2cc,2026-04-12 16:38:06.000,wallet,de_pum
8626ba20-56b5-422c-9ba7-9a56b272d2cc,2026-04-12 16:38:01.000,WALLET,de_pum
8626ba20-56b5-422c-9ba7-9a56b272d2cc,2026-04-12 16:38:00.000,Studie Modules,de_pum
8626ba20-56b5-422c-9ba7-9a56b272d2cc,2026-04-12 16:37:51.000,WALLET,de_pum
8626ba20-56b5-422c-9ba7-9a56b272d2cc,2026-04-12 16:37:50.000,Studie Modules,de_pum
e39cd1d9-1d71-4b94-b518-4787274ee3e4,2026-04-13 00:50:32.000,Cafeteria Overview,de_thdeg
df9fd998-27ab-4f2a-a2bf-09762eadca38,2026-04-13 00:50:33.000,wallet,de_si
ad4782ea-67d3-4b33-a0d2-fea52c48b485,2026-04-13 00:50:31.000,Cafeteria Overview,de_hsaa
57dcb46a-183c-451a-9dc5-1947b51212bc,2026-04-13 00:50:35.000,Mail Detail,de_phlb
87e75bdb-cbe1-4ee6-96b6-0e63dcd785e0,2026-04-13 00:50:34.000,Mail Detail,de_hsge
4ca75a6b-d842-4089-9d88-8a443ebf3e70,2026-04-13 00:50:40.000,Mail Overview,de_hsmz
87e75bdb-cbe1-4ee6-96b6-0e63dcd785e0,2026-04-13 00:50:37.000,Mail Overview,de_hsge
87e75bdb-cbe1-4ee6-96b6-0e63dcd785e0,2026-04-13 00:50:38.000,Mail Detail,de_hsge
8cb6dbe6-d760-4afe-9e59-fc96f8765b7a,2026-04-11 06:58:15.000,Mail Overview,de_hsge
8cb6dbe6-d760-4afe-9e59-fc96f8765b7a,2026-04-13 00:50:37.000,wallet,de_hsge
8cb6dbe6-d760-4afe-9e59-fc96f8765b7a,2026-04-11 06:58:16.000,Studie Modules,de_hsge
8cb6dbe6-d760-4afe-9e59-fc96f8765b7a,2026-04-11 06:58:13.000,Studie Modules,de_hsge
1cf60ee4-4749-433a-8fd8-2f7da85eac88,2026-04-12 17:58:51.000,Mail Overview,de_jlug
1cf60ee4-4749-433a-8fd8-2f7da85eac88,2026-04-12 18:53:38.000,Mail Overview,de_jlug
4ca75a6b-d842-4089-9d88-8a443ebf3e70,2026-04-13 00:50:52.000,Studie Modules,de_hsmz
1cf60ee4-4749-433a-8fd8-2f7da85eac88,2026-04-12 17:58:50.000,Studie Modules,de_jlug
1cf60ee4-4749-433a-8fd8-2f7da85eac88,2026-04-13 00:50:52.000,Studie Modules,de_jlug
1cf60ee4-4749-433a-8fd8-2f7da85eac88,2026-04-12 18:53:37.000,Studie Modules,de_jlug
4ca75a6b-d842-4089-9d88-8a443ebf3e70,2026-04-13 00:50:54.000,Generic Links Overview,de_hsmz
1cf60ee4-4749-433a-8fd8-2f7da85eac88,2026-04-13 00:50:53.000,Mail Overview,de_jlug
ca15fa6b-ec10-48a7-a456-988fb8a2e67f,2026-04-12 23:19:17.000,Study Field Onboarding,de_hspf
57dcb46a-183c-451a-9dc5-1947b51212bc,2026-04-13 00:50:57.000,Feed,de_phlb
57dcb46a-183c-451a-9dc5-1947b51212bc,2026-04-13 00:50:57.000,Mail Overview,de_phlb
e33fd3d6-db1d-42a1-969e-57027565b5ef,2026-04-13 00:50:49.000,Mail Overview,de_lg
e33fd3d6-db1d-42a1-969e-57027565b5ef,2026-04-13 00:50:48.000,Feed,de_lg
e33fd3d6-db1d-42a1-969e-57027565b5ef,2026-04-13 00:50:53.000,Mail Detail,de_lg
591cedba-5267-44f8-924e-a70cbe6de11e,2026-04-13 00:50:59.000,Career Main,de_hsan
6f4d6302-a91d-4773-961b-9e530d4903c3,2026-04-13 00:34:06.000,Mail Overview,de_hslu
9290ffa8-f0b3-459a-b065-16d569f76686,2026-04-12 17:39:57.000,External Login Expired,de_hm
6f4d6302-a91d-4773-961b-9e530d4903c3,2026-04-13 00:34:05.000,Studie Modules,de_hslu
9290ffa8-f0b3-459a-b065-16d569f76686,2026-04-13 00:40:58.000,External Login Expired,de_hm
c9979848-4c10-4d75-b898-43d44b5d722c,2026-04-13 00:51:03.000,Feed,de_uff
87e75bdb-cbe1-4ee6-96b6-0e63dcd785e0,2026-04-13 00:51:04.000,Mail Overview,de_hsge
8cb6dbe6-d760-4afe-9e59-fc96f8765b7a,2026-04-13 00:51:00.000,Feed,de_hsge
57dcb46a-183c-451a-9dc5-1947b51212bc,2026-04-13 00:50:58.000,Calendar Day View,de_phlb
8cb6dbe6-d760-4afe-9e59-fc96f8765b7a,2026-04-13 00:51:01.000,Mail Overview,de_hsge
8cb6dbe6-d760-4afe-9e59-fc96f8765b7a,2026-04-13 00:51:07.000,Mail Detail,de_hsge
591cedba-5267-44f8-924e-a70cbe6de11e,2026-04-13 00:51:06.000,Career Job V2,de_hsan
4ca75a6b-d842-4089-9d88-8a443ebf3e70,2026-04-13 00:51:13.000,Generic Links Overview,de_hsmz
4ca75a6b-d842-4089-9d88-8a443ebf3e70,2026-04-13 00:51:12.000,Studie Modules,de_hsmz
87e75bdb-cbe1-4ee6-96b6-0e63dcd785e0,2026-04-13 00:51:08.000,Mail Detail,de_hsge
e33fd3d6-db1d-42a1-969e-57027565b5ef,2026-04-13 00:51:15.000,Mail Overview,de_lg
38fea7a3-2123-435c-b195-c6f9598ac9b7,2026-04-13 00:51:15.000,Mail Overview,de_hm
38fea7a3-2123-435c-b195-c6f9598ac9b7,2026-04-13 00:51:06.000,Studie Modules,de_hm
38fea7a3-2123-435c-b195-c6f9598ac9b7,2026-04-13 00:51:12.000,Mail Overview,de_hm
38fea7a3-2123-435c-b195-c6f9598ac9b7,2026-04-13 00:51:14.000,Mail Detail,de_hm
38fea7a3-2123-435c-b195-c6f9598ac9b7,2026-04-13 00:51:08.000,Mail Detail,de_hm
38fea7a3-2123-435c-b195-c6f9598ac9b7,2026-04-13 00:51:07.000,Mail Overview,de_hm
f96b9aeb-2841-4b36-8544-bc1e62d85b29,2026-04-13 00:51:11.000,wallet,de_tuda
8cb6dbe6-d760-4afe-9e59-fc96f8765b7a,2026-04-13 00:51:13.000,Cafeteria Overview,de_hsge
8cb6dbe6-d760-4afe-9e59-fc96f8765b7a,2026-04-13 00:51:09.000,Mail Overview,de_hsge
8cb6dbe6-d760-4afe-9e59-fc96f8765b7a,2026-04-13 00:51:10.000,Feed,de_hsge
ffe4f035-8ac2-4900-a953-98edcc2a655d,2026-04-08 08:02:08.000,Studie Modules,de_hsco
ffe4f035-8ac2-4900-a953-98edcc2a655d,2026-04-08 08:02:07.000,Feed,de_hsco
ffe4f035-8ac2-4900-a953-98edcc2a655d,2026-04-08 08:02:10.000,Generic Links Overview,de_hsco
591cedba-5267-44f8-924e-a70cbe6de11e,2026-04-13 00:51:15.000,Career Main,de_hsan
5f10a1ef-8d00-4a92-88b9-8919a5302648,2026-04-13 00:51:09.000,Feed,de_fhms
5f10a1ef-8d00-4a92-88b9-8919a5302648,2026-04-13 00:51:15.000,Feed,de_fhms
5f10a1ef-8d00-4a92-88b9-8919a5302648,2026-04-13 00:51:07.000,Study Field Onboarding,de_fhms
5f10a1ef-8d00-4a92-88b9-8919a5302648,2026-04-13 00:51:13.000,Cafeteria Selection,de_fhms
5f10a1ef-8d00-4a92-88b9-8919a5302648,2026-04-13 00:51:16.000,Cafeteria Detail,de_fhms
0dae917c-0301-4afe-8c1f-81a6c17b68e0,2026-04-13 00:51:18.000,Mail Detail,de_hsda
0dae917c-0301-4afe-8c1f-81a6c17b68e0,2026-04-13 00:51:11.000,Mail Overview,de_hsda
263625aa-c7a8-43f5-89f2-5f3aab2ab2d5,2026-04-13 00:20:09.000,Global Ory Login,ch_phz
d57667b6-250d-480f-a708-0ae5b6ce3b02,2026-04-13 00:51:16.000,Generic Links Overview,de_jmu
d57667b6-250d-480f-a708-0ae5b6ce3b02,2026-04-13 00:51:14.000,Studie Modules,de_jmu
38fea7a3-2123-435c-b195-c6f9598ac9b7,2026-04-13 00:51:22.000,Feed,de_hm
38fea7a3-2123-435c-b195-c6f9598ac9b7,2026-04-13 00:51:25.000,Feed Detail,de_hm
38fea7a3-2123-435c-b195-c6f9598ac9b7,2026-04-13 00:51:21.000,Studie Modules,de_hm
c42d9d64-e6df-4b8b-928c-11d40ecc26b7,2026-04-12 12:54:30.000,Feed,de_pum
e33fd3d6-db1d-42a1-969e-57027565b5ef,2026-04-13 00:51:16.000,Mail Detail,de_lg
8cb6dbe6-d760-4afe-9e59-fc96f8765b7a,2026-04-13 00:51:23.000,Studie Modules,de_hsge
f96b9aeb-2841-4b36-8544-bc1e62d85b29,2026-04-13 00:51:21.000,Wallet Disclaimer,de_tuda
f96b9aeb-2841-4b36-8544-bc1e62d85b29,2026-04-13 00:51:25.000,Wallet Disclaimer,de_tuda
8cb6dbe6-d760-4afe-9e59-fc96f8765b7a,2026-04-13 00:51:24.000,Feed,de_hsge
57dcb46a-183c-451a-9dc5-1947b51212bc,2026-04-13 00:51:27.000,Feed,de_phlb
8cb6dbe6-d760-4afe-9e59-fc96f8765b7a,2026-04-13 00:51:17.000,Feed,de_hsge
f96b9aeb-2841-4b36-8544-bc1e62d85b29,2026-04-13 00:51:22.000,wallet,de_tuda
0dae917c-0301-4afe-8c1f-81a6c17b68e0,2026-04-13 00:51:25.000,Mail Overview,de_hsda
ade1d6bc-90e3-4fd6-94fd-3cb4504cd0f1,2026-04-13 00:51:25.000,Mail Overview,de_fhlb
df9fd998-27ab-4f2a-a2bf-09762eadca38,2026-04-13 00:51:39.000,Wallet Disclaimer,de_si
a39e59cb-1cca-4d26-a08d-1e8dad1fcebe,2026-04-12 23:10:33.000,Grades Overview,de_ks
0313e42a-9351-4371-a173-1e61ad1c13ac,2026-04-12 21:48:58.000,External Login Expired,de_tuda
0313e42a-9351-4371-a173-1e61ad1c13ac,2026-04-12 21:19:03.000,External Login Expired,de_tuda
fe36d877-c2c3-4546-9432-e6caf830d60b,2026-04-13 00:51:42.000,Cafeteria Detail,de_pum
398d66f1-ab45-4b6e-bb13-18d5818da456,2026-04-13 00:51:43.000,Mail Overview,de_rkuh
398d66f1-ab45-4b6e-bb13-18d5818da456,2026-04-13 00:51:41.000,Feed,de_rkuh
f96b9aeb-2841-4b36-8544-bc1e62d85b29,2026-04-13 00:51:38.000,wallet,de_tuda
de9731bf-2106-4129-8847-fe8eabce4a08,2026-04-13 00:51:45.000,Mail Overview,de_hsko
398d66f1-ab45-4b6e-bb13-18d5818da456,2026-04-13 00:51:42.000,Studie Modules,de_rkuh
398d66f1-ab45-4b6e-bb13-18d5818da456,2026-04-13 00:51:45.000,Studie Modules,de_rkuh
df9fd998-27ab-4f2a-a2bf-09762eadca38,2026-04-13 00:51:41.000,wallet,de_si
2a12f3f0-f9ef-404d-9a75-08e2776e8d51,2026-04-13 00:51:42.000,Calendar Week View,de_ovgu
87e75bdb-cbe1-4ee6-96b6-0e63dcd785e0,2026-04-13 00:51:50.000,Mail Overview,de_hsge
2a12f3f0-f9ef-404d-9a75-08e2776e8d51,2026-04-12 22:21:39.000,Calendar Day View,de_ovgu
df9fd998-27ab-4f2a-a2bf-09762eadca38,2026-04-13 00:51:43.000,Wallet Disclaimer,de_si
df9fd998-27ab-4f2a-a2bf-09762eadca38,2026-04-13 00:51:46.000,wallet,de_si
e33fd3d6-db1d-42a1-969e-57027565b5ef,2026-04-13 00:51:42.000,Mail Overview,de_lg
e33fd3d6-db1d-42a1-969e-57027565b5ef,2026-04-13 00:51:46.000,Feed,de_lg
54c61226-d61c-4528-83eb-e7dd18228a22,2026-04-13 00:51:53.000,Mail Overview,de_ovgu
54c61226-d61c-4528-83eb-e7dd18228a22,2026-04-13 00:51:47.000,Studie Modules,de_ovgu
d60e0c59-1f1a-49f6-af27-1de73af4fcf2,2026-04-12 17:28:47.000,Study Field Onboarding,de_hsge
d60e0c59-1f1a-49f6-af27-1de73af4fcf2,2026-04-12 23:51:43.000,Study Field Onboarding,de_hsge
d60e0c59-1f1a-49f6-af27-1de73af4fcf2,2026-04-12 23:21:50.000,Study Field Onboarding,de_hsge
54c61226-d61c-4528-83eb-e7dd18228a22,2026-04-13 00:51:51.000,Mail Detail,de_ovgu
54c61226-d61c-4528-83eb-e7dd18228a22,2026-04-13 00:51:49.000,Mail Overview,de_ovgu
db89b608-b91a-46df-9c71-68b4023bd997,2026-04-12 22:05:29.000,Calendar Day View,de_hszg
db89b608-b91a-46df-9c71-68b4023bd997,2026-04-12 22:05:27.000,Schedule Detail,de_hszg
db89b608-b91a-46df-9c71-68b4023bd997,2026-04-12 22:05:30.000,Feed,de_hszg
db89b608-b91a-46df-9c71-68b4023bd997,2026-04-12 22:05:24.000,Calendar Day View,de_hszg
55081a5c-7f7a-4e8a-a55d-1cd15e178e1f,2026-04-12 14:25:58.000,wallet,de_pum
ed80c86d-4f77-414d-bae6-0c9bc8a51368,2026-04-13 00:51:48.000,Studie Modules,de_pum
ed80c86d-4f77-414d-bae6-0c9bc8a51368,2026-04-13 00:51:51.000,Calendar Day View,de_pum
ed80c86d-4f77-414d-bae6-0c9bc8a51368,2026-04-13 00:51:56.000,Schedule Login,de_pum
9fe27164-c481-4ab0-9b4a-7085636d41f0,2026-04-13 00:51:50.000,Mail Overview,de_ks
de9731bf-2106-4129-8847-fe8eabce4a08,2026-04-13 00:51:54.000,Mail Detail,de_hsko
df9fd998-27ab-4f2a-a2bf-09762eadca38,2026-04-13 00:51:58.000,Feed,de_si
591cedba-5267-44f8-924e-a70cbe6de11e,2026-04-13 00:51:57.000,Career Job V2,de_hsan
df9fd998-27ab-4f2a-a2bf-09762eadca38,2026-04-13 00:51:59.000,wallet,de_si
87e75bdb-cbe1-4ee6-96b6-0e63dcd785e0,2026-04-13 00:51:51.000,Mail Detail,de_hsge
e33fd3d6-db1d-42a1-969e-57027565b5ef,2026-04-13 00:51:54.000,Cafeteria Overview,de_lg
5c2b59e4-ff3c-47bb-b68d-6eafd88fa633,2026-04-13 00:51:54.000,Mail Overview,de_si
54c61226-d61c-4528-83eb-e7dd18228a22,2026-04-13 00:51:56.000,Mail Detail,de_ovgu
e6193807-c5ed-46dc-958a-a4bf36988441,2026-04-13 00:51:55.000,Mail Detail,de_pum
473eeb56-cd43-4400-b7bc-97c5a7424d01,2026-04-13 00:48:19.000,Mail Overview,de_hsab
9fe27164-c481-4ab0-9b4a-7085636d41f0,2026-04-13 00:52:03.000,Studie Modules,de_ks
df9fd998-27ab-4f2a-a2bf-09762eadca38,2026-04-13 00:52:03.000,Courses Login,de_si
591cedba-5267-44f8-924e-a70cbe6de11e,2026-04-13 00:52:07.000,Career Main,de_hsan
df9fd998-27ab-4f2a-a2bf-09762eadca38,2026-04-13 00:52:02.000,Feed,de_si
5e6a314c-3125-43e7-a822-631920cddd9d,2026-04-13 00:51:56.000,Schedule Detail,de_phlb
5e6a314c-3125-43e7-a822-631920cddd9d,2026-04-13 00:51:53.000,Calendar Week View,de_phlb
5e6a314c-3125-43e7-a822-631920cddd9d,2026-04-13 00:51:59.000,Calendar Week View,de_phlb
9fe27164-c481-4ab0-9b4a-7085636d41f0,2026-04-13 00:52:14.000,Mail Overview,de_ks
5b97b9fb-96f2-4864-9c4b-1eb174ffa9f2,2026-04-13 00:48:16.000,Mail Overview,de_phlb
5b97b9fb-96f2-4864-9c4b-1eb174ffa9f2,2026-04-13 00:48:15.000,Studie Modules,de_phlb
d6f4f2aa-50e4-427f-a4de-246075ac9c56,2026-04-13 00:52:14.000,Mail Detail,de_thm
d6f4f2aa-50e4-427f-a4de-246075ac9c56,2026-04-13 00:52:08.000,Mail Overview,de_thm
e6193807-c5ed-46dc-958a-a4bf36988441,2026-04-13 00:52:19.000,Mail Overview,de_pum
8d5bd2d3-c728-4bfb-9403-a8b4a6a9a618,2026-04-13 00:52:18.000,Mail Overview,de_tubf
74fc78f7-8da3-4c9e-a77e-23499fe231d8,2026-04-12 23:59:04.000,Mail Detail,de_hm
4e5f32ec-c4b8-473d-87eb-a5b26428757e,2026-04-13 00:52:13.000,Global Ory Login,de_fhms
e33fd3d6-db1d-42a1-969e-57027565b5ef,2026-04-13 00:52:23.000,Cafeteria Detail,de_lg
e33fd3d6-db1d-42a1-969e-57027565b5ef,2026-04-13 00:52:21.000,Cafeteria Overview,de_lg
80899571-a859-420f-8125-812f6123ab74,2026-04-13 00:52:20.000,Mail Overview,de_jlug
e33fd3d6-db1d-42a1-969e-57027565b5ef,2026-04-13 00:52:22.000,Cafeteria Detail,de_lg
e33fd3d6-db1d-42a1-969e-57027565b5ef,2026-04-13 00:52:14.000,Cafeteria Detail,de_lg
e33fd3d6-db1d-42a1-969e-57027565b5ef,2026-04-13 00:52:23.000,Cafeteria Overview,de_lg
80899571-a859-420f-8125-812f6123ab74,2026-04-13 00:52:19.000,Studie Modules,de_jlug
d4c04833-9507-47e4-ade3-da1cf2a78c2b,2026-04-13 00:52:16.000,Feed,de_upb
47aecb0e-4474-4f99-a857-7f6f4f75ccf4,2026-04-13 00:52:17.000,Grades Overview,de_hszg
47aecb0e-4474-4f99-a857-7f6f4f75ccf4,2026-04-13 00:52:15.000,Feed,de_hszg
47aecb0e-4474-4f99-a857-7f6f4f75ccf4,2026-04-13 00:52:23.000,Feed,de_hszg
47aecb0e-4474-4f99-a857-7f6f4f75ccf4,2026-04-13 00:52:25.000,Calendar Day View,de_hszg
5e6a314c-3125-43e7-a822-631920cddd9d,2026-04-13 00:52:17.000,Feed,de_phlb
47aecb0e-4474-4f99-a857-7f6f4f75ccf4,2026-04-13 00:52:14.000,Study Field Onboarding,de_hszg
c6a5e82a-71b4-42c7-bffa-c9579a9a24bc,2026-04-12 22:06:54.000,Mail Overview,de_phlb
c6a5e82a-71b4-42c7-bffa-c9579a9a24bc,2026-04-12 22:06:54.000,Studie Modules,de_phlb
5b97b9fb-96f2-4864-9c4b-1eb174ffa9f2,2026-04-13 00:52:22.000,Mail Detail,de_phlb
fe36d877-c2c3-4546-9432-e6caf830d60b,2026-04-13 00:52:27.000,Feed,de_pum
ffb88f10-ec92-4db4-b04a-37c9b3d18500,2026-04-13 00:52:27.000,Calendar Week View,de_si
ffb88f10-ec92-4db4-b04a-37c9b3d18500,2026-04-13 00:52:21.000,Calendar Week View,de_si
82867cd6-f163-48ca-bdd8-935227a467f0,2026-04-12 21:16:05.000,Mail Overview,de_ush
ffb88f10-ec92-4db4-b04a-37c9b3d18500,2026-04-13 00:52:26.000,Schedule Detail,de_si
82867cd6-f163-48ca-bdd8-935227a467f0,2026-04-12 19:40:05.000,Mail Overview,de_ush
82867cd6-f163-48ca-bdd8-935227a467f0,2026-04-12 21:16:04.000,Studie Modules,de_ush
a8c3ef59-5767-45e2-883f-7744813815c2,2026-04-13 00:52:31.000,Studie Modules,de_pum
e33fd3d6-db1d-42a1-969e-57027565b5ef,2026-04-13 00:52:33.000,Cafeteria Overview,de_lg
9fe27164-c481-4ab0-9b4a-7085636d41f0,2026-04-13 00:52:33.000,Studie Modules,de_ks
5e6a314c-3125-43e7-a822-631920cddd9d,2026-04-13 00:52:33.000,Cafeteria Detail,de_phlb
5e6a314c-3125-43e7-a822-631920cddd9d,2026-04-13 00:52:35.000,Feed,de_phlb
ffb88f10-ec92-4db4-b04a-37c9b3d18500,2026-04-13 00:52:34.000,Schedule Detail,de_si
fe36d877-c2c3-4546-9432-e6caf830d60b,2026-04-13 00:52:30.000,Cafeteria Selection,de_pum
87e75bdb-cbe1-4ee6-96b6-0e63dcd785e0,2026-04-13 00:52:37.000,Mail Overview,de_hsge
df9fd998-27ab-4f2a-a2bf-09762eadca38,2026-04-13 00:52:39.000,Courses Overview,de_si
cb854963-accf-47c5-89ae-9435d1177846,2026-04-13 00:52:33.000,Mail Overview,de_pum
cb854963-accf-47c5-89ae-9435d1177846,2026-04-12 15:29:39.000,Mail Detail,de_pum
cec095d6-e8cd-4f61-b4c8-21469257668c,2026-04-13 00:52:42.000,Feed,de_fhms
cec095d6-e8cd-4f61-b4c8-21469257668c,2026-04-13 00:52:37.000,Settings Overview,de_fhms
6e107113-21a7-45d0-87e0-5d4453f5ba55,2026-04-12 18:54:04.000,Mail Overview,de_hfts
cec095d6-e8cd-4f61-b4c8-21469257668c,2026-04-13 00:52:38.000,Studie Modules,de_fhms
cec095d6-e8cd-4f61-b4c8-21469257668c,2026-04-13 00:52:39.000,Career Main,de_fhms
cec095d6-e8cd-4f61-b4c8-21469257668c,2026-04-13 00:52:36.000,Studie Modules,de_fhms
b380e6b9-166e-44ff-89a3-57404a3a36d1,2026-04-10 10:15:04.000,Mail Detail,de_bt
b380e6b9-166e-44ff-89a3-57404a3a36d1,2026-04-13 00:52:34.000,Mail Overview,de_bt
afc3433c-d313-41b5-b6e8-8251bf745871,2026-04-13 00:52:32.000,External Login Expired,de_hm
b380e6b9-166e-44ff-89a3-57404a3a36d1,2026-04-13 00:52:32.000,Studie Modules,de_bt
a8c3ef59-5767-45e2-883f-7744813815c2,2026-04-13 00:52:44.000,Mail Overview,de_pum
5e6a314c-3125-43e7-a822-631920cddd9d,2026-04-13 00:52:37.000,Cafeteria Overview,de_phlb
5e6a314c-3125-43e7-a822-631920cddd9d,2026-04-13 00:52:41.000,Cafeteria Detail,de_phlb
ffb88f10-ec92-4db4-b04a-37c9b3d18500,2026-04-13 00:52:42.000,Schedule Detail,de_si
ffb88f10-ec92-4db4-b04a-37c9b3d18500,2026-04-13 00:52:45.000,Calendar Week View,de_si
ffb88f10-ec92-4db4-b04a-37c9b3d18500,2026-04-13 00:52:40.000,Calendar Week View,de_si
39d0cd2e-ed7a-47b9-8db9-8e109a767df0,2026-04-12 18:14:38.000,Studie Modules,de_pum
39d0cd2e-ed7a-47b9-8db9-8e109a767df0,2026-04-12 18:14:39.000,Authenticator,de_pum
9fe27164-c481-4ab0-9b4a-7085636d41f0,2026-04-13 00:52:50.000,Links,de_ks
cb854963-accf-47c5-89ae-9435d1177846,2026-04-13 00:52:44.000,Mail Detail,de_pum
f13d1eaf-66a0-4bfc-8693-6f2cf2bf0103,2026-04-13 00:52:44.000,Mail Overview,de_hwrb
f13d1eaf-66a0-4bfc-8693-6f2cf2bf0103,2026-04-13 00:52:51.000,Mail Detail,de_hwrb
f13d1eaf-66a0-4bfc-8693-6f2cf2bf0103,2026-04-13 00:52:44.000,Studie Modules,de_hwrb
a8c3ef59-5767-45e2-883f-7744813815c2,2026-04-13 00:52:46.000,Mail Detail,de_pum
fe36d877-c2c3-4546-9432-e6caf830d60b,2026-04-13 00:52:53.000,Cafeteria Overview,de_pum
fe36d877-c2c3-4546-9432-e6caf830d60b,2026-04-13 00:52:51.000,Studie Modules,de_pum
fe36d877-c2c3-4546-9432-e6caf830d60b,2026-04-13 00:52:57.000,Cafeteria Detail,de_pum
fe36d877-c2c3-4546-9432-e6caf830d60b,2026-04-13 00:52:50.000,Feed,de_pum
cb854963-accf-47c5-89ae-9435d1177846,2026-04-13 00:52:58.000,Mail Overview,de_pum
ed80c86d-4f77-414d-bae6-0c9bc8a51368,2026-04-13 00:53:02.000,Schedule Permission,de_pum
8020c436-808c-43ed-bdd8-af4ddbb54cd9,2026-04-13 00:52:57.000,Mail Overview,de_hm
e810a50c-d517-4d8b-b984-2ebb817c4116,2026-04-13 00:52:58.000,Calendar Week View,de_hslu
8020c436-808c-43ed-bdd8-af4ddbb54cd9,2026-04-13 00:52:55.000,Studie Modules,de_hm
1a97683c-206d-4cca-9d87-e88873c13025,2026-04-13 00:52:59.000,Studie Modules,de_pum
ffb88f10-ec92-4db4-b04a-37c9b3d18500,2026-04-13 00:53:00.000,Schedule Detail,de_si
1a97683c-206d-4cca-9d87-e88873c13025,2026-04-13 00:53:00.000,Mail Overview,de_pum
ffb88f10-ec92-4db4-b04a-37c9b3d18500,2026-04-13 00:53:02.000,Calendar Week View,de_si
ffb88f10-ec92-4db4-b04a-37c9b3d18500,2026-04-13 00:52:57.000,Schedule Detail,de_si
ffb88f10-ec92-4db4-b04a-37c9b3d18500,2026-04-13 00:52:59.000,Calendar Week View,de_si
03a792f6-c650-453d-9827-cadcd5c3851c,2026-04-13 00:52:24.000,Mail Overview,de_ush
03a792f6-c650-453d-9827-cadcd5c3851c,2026-04-13 00:52:59.000,Mail Overview,de_ush
03a792f6-c650-453d-9827-cadcd5c3851c,2026-04-13 00:52:58.000,Studie Modules,de_ush
03a792f6-c650-453d-9827-cadcd5c3851c,2026-04-13 00:53:01.000,Studie Modules,de_ush
fe36d877-c2c3-4546-9432-e6caf830d60b,2026-04-13 00:53:00.000,Cafeteria Overview,de_pum
03a792f6-c650-453d-9827-cadcd5c3851c,2026-04-13 00:53:08.000,Auditories Detail,de_ush
03a792f6-c650-453d-9827-cadcd5c3851c,2026-04-13 00:53:02.000,Auditories,de_ush
e810a50c-d517-4d8b-b984-2ebb817c4116,2026-04-13 00:53:06.000,Feed,de_hslu
e810a50c-d517-4d8b-b984-2ebb817c4116,2026-04-13 00:53:12.000,Studie Modules,de_hslu
ed80c86d-4f77-414d-bae6-0c9bc8a51368,2026-04-13 00:53:08.000,Calendar Day View,de_pum
9494715f-d355-45ee-bf9a-b2ddee86bcec,2026-04-13 00:53:10.000,Mail Overview,de_hm
33c376e3-00b9-4f3a-8390-fafb7a770e3e,2026-04-13 00:53:06.000,wallet,de_tuda
8020c436-808c-43ed-bdd8-af4ddbb54cd9,2026-04-13 00:53:16.000,Mail Detail,de_hm
87d3beaf-0023-4495-90ba-9aa4bea00c46,2026-04-13 00:53:14.000,Feed,de_pum
b9a488bb-c282-4161-81ab-7ca729c23003,2026-04-12 22:13:21.000,Mail Overview,de_pum
87d3beaf-0023-4495-90ba-9aa4bea00c46,2026-04-13 00:53:17.000,Authenticator,de_pum
591cedba-5267-44f8-924e-a70cbe6de11e,2026-04-13 00:53:20.000,Career Main,de_hsan
591cedba-5267-44f8-924e-a70cbe6de11e,2026-04-13 00:53:16.000,Career Job V2,de_hsan
e810a50c-d517-4d8b-b984-2ebb817c4116,2026-04-13 00:53:14.000,Mail Overview,de_hslu
ed80c86d-4f77-414d-bae6-0c9bc8a51368,2026-04-13 00:53:15.000,Studie Modules,de_pum
ed80c86d-4f77-414d-bae6-0c9bc8a51368,2026-04-13 00:53:17.000,Calendar Day View,de_pum
89de2688-258a-41ca-96a0-ef8209dc2c53,2026-04-13 00:50:34.000,Calendar Week View,de_si
89de2688-258a-41ca-96a0-ef8209dc2c53,2026-04-13 00:50:31.000,Mail Detail,de_si
89de2688-258a-41ca-96a0-ef8209dc2c53,2026-04-13 00:50:33.000,Studie Modules,de_si
89de2688-258a-41ca-96a0-ef8209dc2c53,2026-04-13 00:50:32.000,Mail Overview,de_si
5e6a314c-3125-43e7-a822-631920cddd9d,2026-04-13 00:53:27.000,Cafeteria Overview,de_phlb
2ae44758-3034-4257-93d2-ab5e3183a21f,2026-04-13 00:53:24.000,Career Main,de_hspf
78bc2f39-8b82-483d-888d-aa2c7608b0b4,2026-04-12 22:23:44.000,Studie Modules,de_pum
78bc2f39-8b82-483d-888d-aa2c7608b0b4,2026-04-12 22:23:45.000,Feed,de_pum
78bc2f39-8b82-483d-888d-aa2c7608b0b4,2026-04-12 22:23:46.000,Studie Modules,de_pum
78bc2f39-8b82-483d-888d-aa2c7608b0b4,2026-04-13 00:53:22.000,Authenticator,de_pum
ed80c86d-4f77-414d-bae6-0c9bc8a51368,2026-04-13 00:53:24.000,Schedule Create,de_pum
ed80c86d-4f77-414d-bae6-0c9bc8a51368,2026-04-13 00:53:28.000,Calendar Day View,de_pum
e810a50c-d517-4d8b-b984-2ebb817c4116,2026-04-13 00:53:33.000,Studie Modules,de_hslu
c59cdabf-fb72-40ce-a4c0-b124a7f1be6b,2026-04-13 00:53:27.000,Mail Overview,de_pum
2ae44758-3034-4257-93d2-ab5e3183a21f,2026-04-13 00:53:27.000,Studie Modules,de_hspf
2ae44758-3034-4257-93d2-ab5e3183a21f,2026-04-13 00:53:29.000,Generic Links Overview,de_hspf
9ed319b2-dc0c-4128-bbc8-afd9816cd519,2026-04-12 22:32:31.000,Cafeteria Overview,de_hsge
1161b81a-c6a7-42c5-aab5-38b2d524576a,2026-04-13 00:53:28.000,calendar_overview,de_thdeg
38fea7a3-2123-435c-b195-c6f9598ac9b7,2026-04-13 00:53:35.000,Mail Overview,de_hm
38fea7a3-2123-435c-b195-c6f9598ac9b7,2026-04-13 00:53:32.000,Studie Modules,de_hm
9ed319b2-dc0c-4128-bbc8-afd9816cd519,2026-04-12 22:32:33.000,Feed,de_hsge
3e467b61-4dc7-4cdf-ac7b-a70ae2722162,2026-04-12 16:32:03.000,Feed,de_cbs
71ff00b7-f954-4f27-8040-05e498b27fa5,2026-04-12 18:39:03.000,Studie Modules,de_hspf
38fea7a3-2123-435c-b195-c6f9598ac9b7,2026-04-13 00:53:34.000,Mail Detail,de_hm
71ff00b7-f954-4f27-8040-05e498b27fa5,2026-04-12 18:39:34.000,Mail Overview,de_hspf
71ff00b7-f954-4f27-8040-05e498b27fa5,2026-04-12 18:39:04.000,Mail Overview,de_hspf
3e467b61-4dc7-4cdf-ac7b-a70ae2722162,2026-04-12 16:32:02.000,Studie Modules,de_cbs
71ff00b7-f954-4f27-8040-05e498b27fa5,2026-04-12 18:39:06.000,Mail Detail,de_hspf
38fea7a3-2123-435c-b195-c6f9598ac9b7,2026-04-13 00:53:32.000,Mail Overview,de_hm
38fea7a3-2123-435c-b195-c6f9598ac9b7,2026-04-13 00:53:31.000,Feed,de_hm
e2391cff-278e-43f8-bca4-efa887c28659,2026-04-13 00:53:37.000,Grades Overview,de_hsab
ea3e0903-dbdf-46f8-ac13-f18d0320c170,2026-04-12 14:52:11.000,Mail Overview,de_hbc
78bc2f39-8b82-483d-888d-aa2c7608b0b4,2026-04-13 00:53:44.000,Feed,de_pum
c59cdabf-fb72-40ce-a4c0-b124a7f1be6b,2026-04-13 00:53:43.000,Mail Detail,de_pum
65c9c06d-6452-44e0-ba72-6bcf220555fa,2026-04-12 20:09:20.000,Mail Overview,de_hsko
65c9c06d-6452-44e0-ba72-6bcf220555fa,2026-04-12 21:46:04.000,Studie Modules,de_hsko
65c9c06d-6452-44e0-ba72-6bcf220555fa,2026-04-12 20:09:19.000,Studie Modules,de_hsko
65c9c06d-6452-44e0-ba72-6bcf220555fa,2026-04-12 21:46:04.000,Mail Overview,de_hsko
2ae44758-3034-4257-93d2-ab5e3183a21f,2026-04-13 00:53:48.000,Studie Modules,de_hspf
ff2fc7da-15ca-47b1-ad87-f05c98765fc0,2026-04-13 00:53:46.000,Settings Overview,de_pum
ff2fc7da-15ca-47b1-ad87-f05c98765fc0,2026-04-13 00:53:42.000,Setup Loading,de_pum
ff2fc7da-15ca-47b1-ad87-f05c98765fc0,2026-04-13 00:53:49.000,Settings Pincode,de_pum
ff2fc7da-15ca-47b1-ad87-f05c98765fc0,2026-04-13 00:53:43.000,Feed,de_pum
ff2fc7da-15ca-47b1-ad87-f05c98765fc0,2026-04-13 00:53:52.000,Settings Overview,de_pum
ff2fc7da-15ca-47b1-ad87-f05c98765fc0,2026-04-13 00:53:42.000,Setup Study Field Selection,de_pum
ed80c86d-4f77-414d-bae6-0c9bc8a51368,2026-04-13 00:53:47.000,Studie Modules,de_pum
ed80c86d-4f77-414d-bae6-0c9bc8a51368,2026-04-13 00:53:49.000,Generic Links Overview,de_pum
bd608e6c-9860-451f-b68f-8a7bc5a22680,2026-04-13 00:53:49.000,Mail Overview,de_hslu
2ae44758-3034-4257-93d2-ab5e3183a21f,2026-04-13 00:53:50.000,Generic Links Overview,de_hspf
ff2fc7da-15ca-47b1-ad87-f05c98765fc0,2026-04-13 00:53:56.000,Studie Modules,de_pum
03a792f6-c650-453d-9827-cadcd5c3851c,2026-04-13 00:53:58.000,Auditories,de_ush
38fea7a3-2123-435c-b195-c6f9598ac9b7,2026-04-13 00:54:00.000,Mail Overview,de_hm
38fea7a3-2123-435c-b195-c6f9598ac9b7,2026-04-13 00:53:39.000,Mail Detail,de_hm
ed80c86d-4f77-414d-bae6-0c9bc8a51368,2026-04-13 00:54:06.000,Studie Modules,de_pum
03a792f6-c650-453d-9827-cadcd5c3851c,2026-04-13 00:54:08.000,Campus,de_ush
03a792f6-c650-453d-9827-cadcd5c3851c,2026-04-13 00:54:06.000,Studie Modules,de_ush
03a792f6-c650-453d-9827-cadcd5c3851c,2026-04-13 00:54:12.000,Campus Detail,de_ush
d57667b6-250d-480f-a708-0ae5b6ce3b02,2026-04-13 00:54:14.000,Studie Modules,de_jmu
7e3435aa-269e-4b99-9c48-ac0a1eb2bdb2,2026-04-13 00:54:05.000,Cafeteria Overview,de_thm
ed80c86d-4f77-414d-bae6-0c9bc8a51368,2026-04-13 00:54:11.000,Generic Links Overview,de_pum
ed80c86d-4f77-414d-bae6-0c9bc8a51368,2026-04-13 00:54:08.000,Authenticator,de_pum
eca01bf8-a4c1-4ac5-adc8-5eae7daf4e64,2026-04-13 00:54:09.000,Studie Modules,de_tuda
eca01bf8-a4c1-4ac5-adc8-5eae7daf4e64,2026-04-13 00:54:10.000,Mail Overview,de_tuda
ed80c86d-4f77-414d-bae6-0c9bc8a51368,2026-04-13 00:54:10.000,Studie Modules,de_pum
eca01bf8-a4c1-4ac5-adc8-5eae7daf4e64,2026-04-13 00:54:17.000,Mail Detail,de_tuda
cb0dc87f-2407-477d-af5f-752df5f28328,2026-04-12 20:27:05.000,Studie Modules,de_hsab
cb0dc87f-2407-477d-af5f-752df5f28328,2026-04-12 20:27:04.000,Mail Overview,de_hsab
cb0dc87f-2407-477d-af5f-752df5f28328,2026-04-12 20:27:06.000,Feed,de_hsab
9d4b45be-9f19-4d72-a411-1c0822160517,2026-04-13 00:54:14.000,Studie Modules,de_pum
33ae4010-793c-4f88-8682-7e8573b911ce,2026-04-13 00:33:45.000,Mail Overview,de_kuei
9d4b45be-9f19-4d72-a411-1c0822160517,2026-04-13 00:54:16.000,Authenticator,de_pum
4164f243-24aa-4af5-a9cf-e75ab69fd2a1,2026-04-10 11:38:30.000,Cafeteria Overview,de_lg
d57667b6-250d-480f-a708-0ae5b6ce3b02,2026-04-13 00:54:15.000,Generic Links Overview,de_jmu
1ffc25e4-e99d-488a-a9e3-391b8817deae,2026-04-12 17:06:02.000,Mail Overview,de_jlug
e6c0f59a-7e0f-4133-9982-7a01fef88817,2026-04-13 00:54:21.000,Studie Modules,de_fhms
e6c0f59a-7e0f-4133-9982-7a01fef88817,2026-04-13 00:54:24.000,Studie Modules,de_fhms
e6c0f59a-7e0f-4133-9982-7a01fef88817,2026-04-13 00:54:22.000,Library Login,de_fhms
b27307dd-3c23-4902-977f-594aeedbc370,2026-04-13 00:54:21.000,Cafeteria Overview,de_pum
7c1f7958-d1b8-4067-a978-eb8e81412087,2026-04-13 00:54:19.000,Study Field Onboarding,de_hsge
5146e77d-93d5-4b8b-8a0e-4b710cd1633f,2026-04-13 00:21:23.000,Calendar Day View,de_ovgu
c59cdabf-fb72-40ce-a4c0-b124a7f1be6b,2026-04-13 00:54:34.000,Mail Overview,de_pum
eca01bf8-a4c1-4ac5-adc8-5eae7daf4e64,2026-04-13 00:54:31.000,Mail Overview,de_tuda
eca01bf8-a4c1-4ac5-adc8-5eae7daf4e64,2026-04-13 00:54:32.000,Mail Detail,de_tuda
c59cdabf-fb72-40ce-a4c0-b124a7f1be6b,2026-04-13 00:54:42.000,Mail Overview,de_pum
c59cdabf-fb72-40ce-a4c0-b124a7f1be6b,2026-04-13 00:54:36.000,Mail Detail,de_pum
c59cdabf-fb72-40ce-a4c0-b124a7f1be6b,2026-04-13 00:54:43.000,Mail Detail,de_pum
7e9d66f4-82ee-4a52-a4f2-d8030cbe859f,2026-04-12 19:47:04.000,Feed,de_pum
74881fd3-f889-4323-a845-eca800fa3cd8,2026-04-12 11:21:46.000,Mail Overview,de_hsda
74881fd3-f889-4323-a845-eca800fa3cd8,2026-04-12 11:21:46.000,Studie Modules,de_hsda
74881fd3-f889-4323-a845-eca800fa3cd8,2026-04-12 11:21:52.000,Studie Modules,de_hsda
c59cdabf-fb72-40ce-a4c0-b124a7f1be6b,2026-04-13 00:54:49.000,Mail Overview,de_pum
c59cdabf-fb72-40ce-a4c0-b124a7f1be6b,2026-04-13 00:54:51.000,Mail Detail,de_pum
29c236d1-fa16-479f-957a-5b7925d41285,2026-04-12 14:22:19.000,Studie Modules,de_bt
a8dabe8f-30b4-4ead-ac0e-89e043c66fa6,2026-04-12 22:20:00.000,Schedule Overview,de_hslu
a8dabe8f-30b4-4ead-ac0e-89e043c66fa6,2026-04-12 22:19:55.000,Studie Modules,de_hslu
a8dabe8f-30b4-4ead-ac0e-89e043c66fa6,2026-04-12 22:19:57.000,Mail Overview,de_hslu
a8dabe8f-30b4-4ead-ac0e-89e043c66fa6,2026-04-12 22:19:58.000,Studie Modules,de_hslu
8ed2562c-b624-4a4d-bb59-247ae22d532d,2026-04-12 21:17:38.000,Studie Modules,de_ua
5016f27c-38f8-4a3c-b34a-4353537d3562,2026-04-13 00:22:07.000,Mail Overview,de_tuda
5016f27c-38f8-4a3c-b34a-4353537d3562,2026-04-13 00:22:08.000,Studie Modules,de_tuda
5016f27c-38f8-4a3c-b34a-4353537d3562,2026-04-13 00:22:06.000,Studie Modules,de_tuda
133774b3-ea81-4e49-9c9a-79c38cb9c433,2026-04-13 00:54:55.000,Study Field Onboarding,de_si
10165216-5601-4ec3-8737-ed43362fb306,2026-04-13 00:55:03.000,Mail Overview,de_hfts
ff2fc7da-15ca-47b1-ad87-f05c98765fc0,2026-04-13 00:54:05.000,Authenticator,de_pum
f834b20d-0249-42fd-8501-c8f7c841e020,2026-04-13 00:55:02.000,Mail Overview,de_pum
f834b20d-0249-42fd-8501-c8f7c841e020,2026-04-13 00:55:01.000,Studie Modules,de_pum
c59cdabf-fb72-40ce-a4c0-b124a7f1be6b,2026-04-13 00:55:12.000,Mail Overview,de_pum
e71032be-7fe0-4092-b9a4-b66b6878df1f,2026-04-13 00:55:08.000,Mail Overview,de_jlug
e71032be-7fe0-4092-b9a4-b66b6878df1f,2026-04-13 00:55:11.000,Mail Detail,de_jlug
e71032be-7fe0-4092-b9a4-b66b6878df1f,2026-04-13 00:55:16.000,Mail Overview,de_jlug
f0031ded-51c2-4d4e-8fd7-27601d018e94,2026-04-11 22:32:47.000,Mail Overview,de_thm
2ae44758-3034-4257-93d2-ab5e3183a21f,2026-04-13 00:55:17.000,Studie Modules,de_hspf
11660f6a-9e1c-4f1d-ba04-ab1769102612,2026-04-13 00:55:13.000,Mail Overview,de_pum
11660f6a-9e1c-4f1d-ba04-ab1769102612,2026-04-13 00:55:06.000,Mail Overview,de_pum
11660f6a-9e1c-4f1d-ba04-ab1769102612,2026-04-13 00:55:09.000,Mail Detail,de_pum
99108c45-8539-4489-bb03-69f89d8f26a5,2026-04-13 00:55:12.000,Generic Links Overview,de_ua
99108c45-8539-4489-bb03-69f89d8f26a5,2026-04-13 00:55:10.000,Studie Modules,de_ua
c59cdabf-fb72-40ce-a4c0-b124a7f1be6b,2026-04-13 00:55:19.000,Mail Detail,de_pum
f834b20d-0249-42fd-8501-c8f7c841e020,2026-04-13 00:55:23.000,Mail Detail,de_pum
69d8c59c-b366-43e7-b2af-b30fff632c1b,2026-04-13 00:55:21.000,Mail Overview,de_thm
1eea8951-7ddf-4454-9032-af7f74004991,2026-04-13 00:55:16.000,Studie Modules,de_hsah
1eea8951-7ddf-4454-9032-af7f74004991,2026-04-13 00:55:17.000,Grades Overview,de_hsah
2ae44758-3034-4257-93d2-ab5e3183a21f,2026-04-13 00:55:22.000,Grades Overview,de_hspf
637cbe20-3351-4941-b9de-f2dcf7ab9cdf,2026-04-13 00:03:40.000,Studie Modules,de_jlug
637cbe20-3351-4941-b9de-f2dcf7ab9cdf,2026-04-13 00:03:40.000,Mail Overview,de_jlug
ee041c9e-98f0-4c3f-915f-230fcc574b08,2026-04-13 00:55:17.000,Mail Overview,de_fhki
a30eae0c-efa1-455f-8532-c0fe87891cfd,2026-04-12 19:12:00.000,Mail Overview,de_ks
a30eae0c-efa1-455f-8532-c0fe87891cfd,2026-04-12 19:12:01.000,Feed,de_ks
de9731bf-2106-4129-8847-fe8eabce4a08,2026-04-13 00:55:22.000,Mail Overview,de_hsko
c0443daa-02ae-442f-acc2-489e318cfb50,2026-04-13 00:55:20.000,wallet,de_hsm
de9731bf-2106-4129-8847-fe8eabce4a08,2026-04-13 00:55:23.000,Mail Detail,de_hsko
c0443daa-02ae-442f-acc2-489e318cfb50,2026-04-13 00:55:19.000,WALLET,de_hsm
11660f6a-9e1c-4f1d-ba04-ab1769102612,2026-04-13 00:55:31.000,Mail Detail,de_pum
a93ad3f8-8732-491f-ab39-da7caad236d8,2026-04-13 00:55:26.000,Mail Overview,de_pum
a93ad3f8-8732-491f-ab39-da7caad236d8,2026-04-13 00:55:24.000,Studie Modules,de_pum
c59cdabf-fb72-40ce-a4c0-b124a7f1be6b,2026-04-13 00:55:27.000,Mail Detail,de_pum
a706b176-6779-4783-9293-49ab0e1dc038,2026-04-12 07:58:37.000,Grades Overview,de_hba
c59cdabf-fb72-40ce-a4c0-b124a7f1be6b,2026-04-13 00:55:31.000,Mail Overview,de_pum
c59cdabf-fb72-40ce-a4c0-b124a7f1be6b,2026-04-13 00:55:25.000,Mail Overview,de_pum
69d8c59c-b366-43e7-b2af-b30fff632c1b,2026-04-13 00:55:25.000,Feed,de_thm
69d8c59c-b366-43e7-b2af-b30fff632c1b,2026-04-13 00:55:26.000,Studie Modules,de_thm
69d8c59c-b366-43e7-b2af-b30fff632c1b,2026-04-13 00:55:28.000,Mail Overview,de_thm
f834b20d-0249-42fd-8501-c8f7c841e020,2026-04-13 00:55:34.000,Mail Overview,de_pum
acd23389-be97-4b56-8c0c-1f0d596056ee,2026-04-13 00:55:31.000,Calendar Day View,de_pum
bb44c7d6-d6bb-4c06-bc49-cc941688961e,2026-04-13 00:55:38.000,Calendar Day View,de_pum
bb44c7d6-d6bb-4c06-bc49-cc941688961e,2026-04-13 00:55:32.000,Studie Modules,de_pum
bb44c7d6-d6bb-4c06-bc49-cc941688961e,2026-04-13 00:55:36.000,Studie Modules,de_pum
bb44c7d6-d6bb-4c06-bc49-cc941688961e,2026-04-13 00:55:33.000,Mail Overview,de_pum
a93ad3f8-8732-491f-ab39-da7caad236d8,2026-04-13 00:55:33.000,Studie Modules,de_pum
c59cdabf-fb72-40ce-a4c0-b124a7f1be6b,2026-04-13 00:55:37.000,Mail Detail,de_pum
69d8c59c-b366-43e7-b2af-b30fff632c1b,2026-04-13 00:55:40.000,Mail Detail,de_thm
acd23389-be97-4b56-8c0c-1f0d596056ee,2026-04-13 00:55:48.000,Schedule Create,de_pum
eca01bf8-a4c1-4ac5-adc8-5eae7daf4e64,2026-04-13 00:55:45.000,Mail Overview,de_tuda
d10d3bd2-e736-4cd5-bbeb-43af5742e7dc,2026-04-13 00:55:38.000,Feed,de_hdm
eca01bf8-a4c1-4ac5-adc8-5eae7daf4e64,2026-04-13 00:55:43.000,Studie Modules,de_tuda
d10d3bd2-e736-4cd5-bbeb-43af5742e7dc,2026-04-13 00:55:39.000,Mail Overview,de_hdm
d36debe4-61d7-4438-b6c9-1e6fbb769acc,2026-04-13 00:55:40.000,Mail Overview,de_fhja
d36debe4-61d7-4438-b6c9-1e6fbb769acc,2026-04-13 00:55:49.000,Mail Detail,de_fhja
bb44c7d6-d6bb-4c06-bc49-cc941688961e,2026-04-13 00:55:45.000,Calendar Week View,de_pum
c59cdabf-fb72-40ce-a4c0-b124a7f1be6b,2026-04-13 00:55:50.000,Mail Overview,de_pum
cfd29c03-5508-4f07-a5c1-bfd2f3e9f994,2026-04-13 00:23:55.000,External Login Expired,de_tuda
cfd29c03-5508-4f07-a5c1-bfd2f3e9f994,2026-04-12 19:01:55.000,External Login Expired,de_tuda
69d8c59c-b366-43e7-b2af-b30fff632c1b,2026-04-13 00:55:54.000,Mail Overview,de_thm
c8e9b8a8-0d56-4700-ac55-a3e2fcd75d80,2026-04-13 00:55:48.000,Mail Overview,de_jlug
c8e9b8a8-0d56-4700-ac55-a3e2fcd75d80,2026-04-13 00:55:50.000,Mail Detail,de_jlug
acd23389-be97-4b56-8c0c-1f0d596056ee,2026-04-13 00:55:50.000,Calendar Day View,de_pum
eca01bf8-a4c1-4ac5-adc8-5eae7daf4e64,2026-04-13 00:55:50.000,Mail Detail,de_tuda
d72cc545-b007-47fa-86f9-2a7ba2430d76,2026-04-13 00:55:49.000,Mail Overview,de_tuda
4183f39f-21ac-4461-8256-74f8e538e6e0,2026-04-13 00:16:09.000,Grades Overview,de_thm
4183f39f-21ac-4461-8256-74f8e538e6e0,2026-04-13 00:16:08.000,Feed,de_thm
c59cdabf-fb72-40ce-a4c0-b124a7f1be6b,2026-04-13 00:56:00.000,Mail Detail,de_pum
be1fe1f7-cb6f-405e-9621-78ce7340f5d2,2026-04-12 18:57:37.000,Studie Modules,de_tuda
69d8c59c-b366-43e7-b2af-b30fff632c1b,2026-04-13 00:55:54.000,Studie Modules,de_thm
be1fe1f7-cb6f-405e-9621-78ce7340f5d2,2026-04-12 18:57:37.000,Mail Overview,de_tuda
69d8c59c-b366-43e7-b2af-b30fff632c1b,2026-04-13 00:55:56.000,Grades Overview,de_thm
d36debe4-61d7-4438-b6c9-1e6fbb769acc,2026-04-13 00:56:05.000,Mail Overview,de_fhja
d36debe4-61d7-4438-b6c9-1e6fbb769acc,2026-04-13 00:56:07.000,Mail Detail,de_fhja
c8e9b8a8-0d56-4700-ac55-a3e2fcd75d80,2026-04-13 00:56:09.000,Mail Overview,de_jlug
75032a04-6fe6-4767-9d3c-56b66e7f3ced,2026-04-13 00:56:01.000,Grades Overview,de_hsge
bb44c7d6-d6bb-4c06-bc49-cc941688961e,2026-04-13 00:56:05.000,Calendar Month View,de_pum
c59cdabf-fb72-40ce-a4c0-b124a7f1be6b,2026-04-13 00:56:08.000,Mail Overview,de_pum
cff3d342-8eb0-4ef3-9d7b-38744afc613f,2026-04-13 00:56:13.000,Generic Links Overview,de_hsfb
cff3d342-8eb0-4ef3-9d7b-38744afc613f,2026-04-13 00:56:11.000,Studie Modules,de_hsfb
8760f0f9-6e64-4bdb-9783-67ab2f93cfed,2026-04-03 20:17:52.000,Studie Modules,de_ks
d10d3bd2-e736-4cd5-bbeb-43af5742e7dc,2026-04-13 00:56:13.000,Feed,de_hdm
942130d3-5e6d-4ac1-8ae6-075ef152c556,2026-04-12 21:07:49.000,Studie Modules,de_pum
942130d3-5e6d-4ac1-8ae6-075ef152c556,2026-04-12 21:07:50.000,Authenticator,de_pum
942130d3-5e6d-4ac1-8ae6-075ef152c556,2026-04-12 21:07:16.000,Generic Links Overview,de_pum
942130d3-5e6d-4ac1-8ae6-075ef152c556,2026-04-12 21:07:24.000,Studie Modules,de_pum
8f86e325-0f80-41cb-99cd-d9ae818148c4,2026-04-11 11:45:22.000,Feed,de_hsnd
8f86e325-0f80-41cb-99cd-d9ae818148c4,2026-04-11 11:45:21.000,Mail Overview,de_hsnd
1b1d6416-a73c-4c3e-be26-c0935e275213,2026-04-13 00:56:07.000,Studie Modules,de_eufb
8f86e325-0f80-41cb-99cd-d9ae818148c4,2026-04-11 11:45:24.000,Feed,de_hsnd
1b1d6416-a73c-4c3e-be26-c0935e275213,2026-04-13 00:56:11.000,Mail Detail,de_eufb
1b1d6416-a73c-4c3e-be26-c0935e275213,2026-04-12 20:31:23.000,Mail Overview,de_eufb
1b1d6416-a73c-4c3e-be26-c0935e275213,2026-04-13 00:56:08.000,Mail Overview,de_eufb
8f86e325-0f80-41cb-99cd-d9ae818148c4,2026-04-11 11:45:23.000,Grades Overview,de_hsnd
7173571c-897d-43c1-bea3-42fb6b6d9b3f,2026-04-12 11:22:54.000,Feed Detail,de_thm
74ffb311-4e07-4497-8d48-893704a0e426,2026-04-12 21:27:04.000,Mail Overview,de_ush
c8e9b8a8-0d56-4700-ac55-a3e2fcd75d80,2026-04-13 00:56:10.000,Feed,de_jlug
eca01bf8-a4c1-4ac5-adc8-5eae7daf4e64,2026-04-13 00:56:21.000,Mail Overview,de_tuda
d36debe4-61d7-4438-b6c9-1e6fbb769acc,2026-04-13 00:56:21.000,Mail Overview,de_fhja
d10d3bd2-e736-4cd5-bbeb-43af5742e7dc,2026-04-13 00:56:14.000,Mail Overview,de_hdm
aa0fbe3e-1833-4dd5-aa85-9ee94a31a83a,2026-04-12 17:31:37.000,Cafeteria Overview,de_ukl
d36debe4-61d7-4438-b6c9-1e6fbb769acc,2026-04-13 00:56:30.000,Mail Overview,de_fhja
d36debe4-61d7-4438-b6c9-1e6fbb769acc,2026-04-13 00:56:22.000,Mail Detail,de_fhja
234ab8d3-40be-4938-a5a6-5b8cd853fc9a,2026-04-13 00:26:25.000,Global Ory Login,de_fhms
bb2a292f-960b-4074-a4cd-a7b579a97cec,2026-04-13 00:56:30.000,Cafeteria Overview,de_hsmz
da623eef-3568-455a-a58f-6c8c073946bd,2026-04-13 00:56:35.000,Studie Modules,de_hsa
fee5894e-b2ed-4b3f-a82f-f7927faadec8,2026-04-13 00:56:31.000,Studie Modules,de_pum
fee5894e-b2ed-4b3f-a82f-f7927faadec8,2026-04-13 00:56:38.000,Authenticator,de_pum
bb44c7d6-d6bb-4c06-bc49-cc941688961e,2026-04-13 00:56:37.000,Calendar Day View,de_pum
bb44c7d6-d6bb-4c06-bc49-cc941688961e,2026-04-13 00:56:40.000,Calendar Month View,de_pum
bb44c7d6-d6bb-4c06-bc49-cc941688961e,2026-04-13 00:56:41.000,Schedule Create,de_pum
6852c4c6-72e6-40d5-9b5a-17010265c7be,2026-04-12 10:37:19.000,Mail Overview,de_hspf
72a5dc6a-8965-4469-8f75-1c2b3f20466f,2026-04-12 23:49:23.000,Mail Overview,de_fhja
72a5dc6a-8965-4469-8f75-1c2b3f20466f,2026-04-12 23:49:23.000,Studie Modules,de_fhja
72a5dc6a-8965-4469-8f75-1c2b3f20466f,2026-04-12 23:49:21.000,Studie Modules,de_fhja
72a5dc6a-8965-4469-8f75-1c2b3f20466f,2026-04-12 23:49:22.000,Library Login,de_fhja
6852c4c6-72e6-40d5-9b5a-17010265c7be,2026-04-12 10:37:19.000,Studie Modules,de_hspf
da623eef-3568-455a-a58f-6c8c073946bd,2026-04-13 00:56:38.000,Mail Overview,de_hsa
da623eef-3568-455a-a58f-6c8c073946bd,2026-04-13 00:56:47.000,Mail Detail,de_hsa
da623eef-3568-455a-a58f-6c8c073946bd,2026-04-13 00:56:45.000,Mail Overview,de_hsa
da623eef-3568-455a-a58f-6c8c073946bd,2026-04-13 00:56:41.000,Mail Detail,de_hsa
da623eef-3568-455a-a58f-6c8c073946bd,2026-04-13 00:56:43.000,Mail Overview,de_hsa
da623eef-3568-455a-a58f-6c8c073946bd,2026-04-13 00:56:44.000,Mail Detail,de_hsa
bb44c7d6-d6bb-4c06-bc49-cc941688961e,2026-04-13 00:56:51.000,Studie Modules,de_pum
9ec47b56-1084-4624-8a9b-e7600145e8e7,2026-04-13 00:56:46.000,Studie Modules,de_hsda
bb44c7d6-d6bb-4c06-bc49-cc941688961e,2026-04-13 00:56:47.000,Studie Modules,de_pum
bb44c7d6-d6bb-4c06-bc49-cc941688961e,2026-04-13 00:56:43.000,Calendar Month View,de_pum
9ec47b56-1084-4624-8a9b-e7600145e8e7,2026-04-13 00:56:47.000,Mail Overview,de_hsda
bb44c7d6-d6bb-4c06-bc49-cc941688961e,2026-04-13 00:56:48.000,Calendar Month View,de_pum
bb44c7d6-d6bb-4c06-bc49-cc941688961e,2026-04-13 00:56:44.000,Studie Modules,de_pum
bb44c7d6-d6bb-4c06-bc49-cc941688961e,2026-04-13 00:56:45.000,wallet,de_pum
29518094-4502-4f45-b3ad-aa0e51e47cc4,2026-04-13 00:56:50.000,Studie Modules,de_pum
99108c45-8539-4489-bb03-69f89d8f26a5,2026-04-13 00:56:53.000,Studie Modules,de_ua
99108c45-8539-4489-bb03-69f89d8f26a5,2026-04-13 00:56:54.000,Generic Links Overview,de_ua
29518094-4502-4f45-b3ad-aa0e51e47cc4,2026-04-13 00:56:53.000,Authenticator,de_pum
0f8a9e51-a1a6-42ad-b0a5-ac81e579e5b8,2026-04-13 00:56:43.000,Global Ory Login,de_hsge
99108c45-8539-4489-bb03-69f89d8f26a5,2026-04-13 00:57:05.000,Studie Modules,de_ua
1b2be5ca-2390-4543-9713-a61ea7478eaa,2026-04-12 16:13:29.000,Mail Overview,de_ush
1b2be5ca-2390-4543-9713-a61ea7478eaa,2026-04-12 16:13:27.000,Feed,de_ush
1b2be5ca-2390-4543-9713-a61ea7478eaa,2026-04-12 16:13:27.000,Studie Modules,de_ush
b6e03d2c-6983-4382-9606-118cb7617d0c,2026-04-12 19:23:41.000,Authenticator Scan,de_pum
b6e03d2c-6983-4382-9606-118cb7617d0c,2026-04-12 19:23:40.000,Authenticator,de_pum
b6e03d2c-6983-4382-9606-118cb7617d0c,2026-04-12 19:23:39.000,Studie Modules,de_pum
a6405b34-32a6-44b6-b49b-25e677afd883,2026-04-12 19:54:23.000,Mail Overview,de_phw
0603c794-6fce-4358-ac26-248c0f28705a,2026-04-13 00:57:05.000,Mail Overview,de_pum
0603c794-6fce-4358-ac26-248c0f28705a,2026-04-13 00:57:09.000,Mail Detail,de_pum
0603c794-6fce-4358-ac26-248c0f28705a,2026-04-13 00:57:01.000,Studie Modules,de_pum
da623eef-3568-455a-a58f-6c8c073946bd,2026-04-13 00:57:11.000,Mail Overview,de_hsa
c8ddb6b4-1551-4a10-b0dd-19e0362e90f4,2026-04-13 00:57:03.000,Feed,de_hsan
01d49d96-d4ac-45a0-9890-4ee53c1cf97e,2026-04-12 16:35:23.000,Studie Modules,de_ukl
01d49d96-d4ac-45a0-9890-4ee53c1cf97e,2026-04-12 16:35:23.000,Mail Overview,de_ukl
a2630611-b17c-4ab6-8356-3eeec7c1cd1e,2026-04-13 00:57:15.000,Mail Detail,de_ks
a2630611-b17c-4ab6-8356-3eeec7c1cd1e,2026-04-13 00:57:11.000,Mail Overview,de_ks
1ab9d63d-86d6-4a16-9591-c024d9b9394d,2026-04-12 14:05:45.000,Studie Modules,de_thm
72dc64b4-2336-403c-bedd-97f868d33399,2026-04-13 00:27:10.000,External Login Expired,de_tuda
72dc64b4-2336-403c-bedd-97f868d33399,2026-04-12 19:20:45.000,External Login Expired,de_tuda
1ab9d63d-86d6-4a16-9591-c024d9b9394d,2026-04-09 18:13:18.000,Grades Overview,de_thm
1ab9d63d-86d6-4a16-9591-c024d9b9394d,2026-04-09 18:13:17.000,Studie Modules,de_thm
1ab9d63d-86d6-4a16-9591-c024d9b9394d,2026-04-12 14:05:47.000,Grades Overview,de_thm
0603c794-6fce-4358-ac26-248c0f28705a,2026-04-13 00:57:34.000,Mail Overview,de_pum
3b2f7405-f5b8-49d0-bd63-a19e58edb44f,2026-04-13 00:57:34.000,Feed Detail,de_upb
d0f91c9c-2930-4ac1-ba8f-7e2289aa6830,2026-04-13 00:57:28.000,Mail Overview,de_thk
d0f91c9c-2930-4ac1-ba8f-7e2289aa6830,2026-04-13 00:57:27.000,Studie Modules,de_thk
0603c794-6fce-4358-ac26-248c0f28705a,2026-04-13 00:57:41.000,Generic Links Overview,de_pum
0603c794-6fce-4358-ac26-248c0f28705a,2026-04-13 00:57:35.000,Studie Modules,de_pum
0603c794-6fce-4358-ac26-248c0f28705a,2026-04-13 00:57:38.000,Authenticator,de_pum
0603c794-6fce-4358-ac26-248c0f28705a,2026-04-13 00:57:40.000,Studie Modules,de_pum
bf4cb0cb-75b7-4de2-8667-9b4ee206d6ac,2026-04-12 08:41:54.000,Feed,de_si
d0f91c9c-2930-4ac1-ba8f-7e2289aa6830,2026-04-13 00:57:41.000,Mail Detail,de_thk
d0f91c9c-2930-4ac1-ba8f-7e2289aa6830,2026-04-13 00:57:42.000,Mail Overview,de_thk
d0f91c9c-2930-4ac1-ba8f-7e2289aa6830,2026-04-13 00:57:43.000,Studie Modules,de_thk
d0f91c9c-2930-4ac1-ba8f-7e2289aa6830,2026-04-13 00:57:44.000,Links,de_thk
6e0cea1c-7165-4972-b86c-47b91f9586e7,2026-04-13 00:57:43.000,Schedule Detail,de_ehl
6e0cea1c-7165-4972-b86c-47b91f9586e7,2026-04-13 00:55:59.000,Calendar Week View,de_ehl
6e0cea1c-7165-4972-b86c-47b91f9586e7,2026-04-13 00:57:45.000,Calendar Week View,de_ehl
97d35fd8-6441-4154-a56b-30932e5af3c4,2026-04-13 00:57:42.000,Mail Overview,de_hsge
161dd7da-d5d7-43e7-a91e-97bdc2874659,2026-04-13 00:57:45.000,Mail Overview,de_ush
364af91c-a63a-4a50-89d1-6c39b3be49e2,2026-04-12 21:22:39.000,Studie Modules,de_jlug
364af91c-a63a-4a50-89d1-6c39b3be49e2,2026-04-12 21:22:38.000,Mail Overview,de_jlug
2d9a6f57-fc09-4401-b1f8-384c17e02191,2026-04-12 17:25:09.000,Feed Detail,de_hsfd
3b2f7405-f5b8-49d0-bd63-a19e58edb44f,2026-04-13 00:57:56.000,Feed,de_upb
1ab9d63d-86d6-4a16-9591-c024d9b9394d,2026-04-12 14:05:39.000,Studie Modules,de_thm
1ab9d63d-86d6-4a16-9591-c024d9b9394d,2026-04-09 18:13:12.000,Grades Overview,de_thm
1ab9d63d-86d6-4a16-9591-c024d9b9394d,2026-04-09 18:13:11.000,Studie Modules,de_thm
1ab9d63d-86d6-4a16-9591-c024d9b9394d,2026-04-12 14:05:40.000,Grades Overview,de_thm
880d3a31-9e6c-4c72-a5d7-98b064915683,2026-04-10 09:24:32.000,Mail Overview,de_hsan
880d3a31-9e6c-4c72-a5d7-98b064915683,2026-04-11 12:45:20.000,Mail Overview,de_hsan
880d3a31-9e6c-4c72-a5d7-98b064915683,2026-04-13 00:57:58.000,Mail Overview,de_hsan
6e0cea1c-7165-4972-b86c-47b91f9586e7,2026-04-13 00:57:50.000,Schedule Detail,de_ehl
edfa6ad2-c3b7-4b98-8400-c235a84f21b7,2026-04-12 19:27:33.000,Studie Modules,de_cbs
e5e84b31-bf85-47ed-a28d-ecd8d6a97559,2026-04-12 20:55:19.000,Mail Overview,de_bt
e5e84b31-bf85-47ed-a28d-ecd8d6a97559,2026-04-12 20:55:17.000,Studie Modules,de_bt
df9fd998-27ab-4f2a-a2bf-09762eadca38,2026-04-13 00:58:08.000,Feed,de_si
2bbbfc1c-cb23-42d4-b2a6-75c95ff25981,2026-04-13 00:00:34.000,Mail Overview,de_jlug
2bbbfc1c-cb23-42d4-b2a6-75c95ff25981,2026-04-13 00:00:30.000,Mail Detail,de_jlug
2bbbfc1c-cb23-42d4-b2a6-75c95ff25981,2026-04-13 00:00:26.000,Studie Modules,de_jlug
2bbbfc1c-cb23-42d4-b2a6-75c95ff25981,2026-04-13 00:00:28.000,Mail Overview,de_jlug
e7156aab-a3be-403e-9e1f-11b2b7d59e62,2026-04-12 10:49:58.000,Mail Overview,de_pum
6e0cea1c-7165-4972-b86c-47b91f9586e7,2026-04-13 00:58:12.000,Calendar Week View,de_ehl
6e0cea1c-7165-4972-b86c-47b91f9586e7,2026-04-13 00:58:09.000,Schedule Detail,de_ehl
6e0cea1c-7165-4972-b86c-47b91f9586e7,2026-04-13 00:58:09.000,Calendar Week View,de_ehl
6e0cea1c-7165-4972-b86c-47b91f9586e7,2026-04-13 00:58:07.000,Schedule Detail,de_ehl
6e0cea1c-7165-4972-b86c-47b91f9586e7,2026-04-13 00:58:06.000,Calendar Week View,de_ehl
0142295b-cc1f-434d-bd09-c6d1e2f9e213,2026-04-12 22:46:29.000,Mail Detail,de_hsfd
0142295b-cc1f-434d-bd09-c6d1e2f9e213,2026-04-12 22:46:24.000,Mail Overview,de_hsfd
0142295b-cc1f-434d-bd09-c6d1e2f9e213,2026-04-12 22:46:12.000,Mail Detail,de_hsfd
0142295b-cc1f-434d-bd09-c6d1e2f9e213,2026-04-12 22:46:14.000,Mail Detail,de_hsfd
0142295b-cc1f-434d-bd09-c6d1e2f9e213,2026-04-12 22:46:18.000,Mail Overview,de_hsfd
0142295b-cc1f-434d-bd09-c6d1e2f9e213,2026-04-12 22:46:13.000,Mail Overview,de_hsfd
0142295b-cc1f-434d-bd09-c6d1e2f9e213,2026-04-12 22:46:20.000,Mail Overview,de_hsfd
0142295b-cc1f-434d-bd09-c6d1e2f9e213,2026-04-12 22:46:17.000,Mail Detail,de_hsfd
0142295b-cc1f-434d-bd09-c6d1e2f9e213,2026-04-12 22:46:22.000,Mail Detail,de_hsfd
0142295b-cc1f-434d-bd09-c6d1e2f9e213,2026-04-12 22:46:11.000,Mail Overview,de_hsfd
0142295b-cc1f-434d-bd09-c6d1e2f9e213,2026-04-12 22:46:10.000,Mail Detail,de_hsfd
0142295b-cc1f-434d-bd09-c6d1e2f9e213,2026-04-12 22:46:21.000,Mail Detail,de_hsfd
0142295b-cc1f-434d-bd09-c6d1e2f9e213,2026-04-12 22:31:07.000,Mail Overview,de_hsfd
0142295b-cc1f-434d-bd09-c6d1e2f9e213,2026-04-12 22:46:28.000,Mail Overview,de_hsfd
0142295b-cc1f-434d-bd09-c6d1e2f9e213,2026-04-12 22:46:19.000,Mail Detail,de_hsfd
0142295b-cc1f-434d-bd09-c6d1e2f9e213,2026-04-12 22:46:22.000,Mail Overview,de_hsfd
0142295b-cc1f-434d-bd09-c6d1e2f9e213,2026-04-12 22:46:30.000,Mail Overview,de_hsfd
0142295b-cc1f-434d-bd09-c6d1e2f9e213,2026-04-12 22:46:25.000,Mail Detail,de_hsfd
0142295b-cc1f-434d-bd09-c6d1e2f9e213,2026-04-12 22:46:16.000,Mail Overview,de_hsfd
0142295b-cc1f-434d-bd09-c6d1e2f9e213,2026-04-12 22:47:08.000,Mail Overview,de_hsfd
0142295b-cc1f-434d-bd09-c6d1e2f9e213,2026-04-12 22:47:06.000,Mail Overview,de_hsfd
0142295b-cc1f-434d-bd09-c6d1e2f9e213,2026-04-12 22:46:54.000,Mail Overview,de_hsfd
df9fd998-27ab-4f2a-a2bf-09762eadca38,2026-04-13 00:58:15.000,Feed,de_si
0142295b-cc1f-434d-bd09-c6d1e2f9e213,2026-04-12 22:47:05.000,Mail Detail,de_hsfd
0142295b-cc1f-434d-bd09-c6d1e2f9e213,2026-04-12 22:47:02.000,Mail Overview,de_hsfd
0142295b-cc1f-434d-bd09-c6d1e2f9e213,2026-04-12 22:47:01.000,Mail Detail,de_hsfd
0142295b-cc1f-434d-bd09-c6d1e2f9e213,2026-04-12 22:47:00.000,Mail Overview,de_hsfd
0142295b-cc1f-434d-bd09-c6d1e2f9e213,2026-04-12 22:47:04.000,Mail Overview,de_hsfd
0142295b-cc1f-434d-bd09-c6d1e2f9e213,2026-04-12 22:46:52.000,Mail Detail,de_hsfd
0142295b-cc1f-434d-bd09-c6d1e2f9e213,2026-04-12 22:47:07.000,Mail Detail,de_hsfd
0142295b-cc1f-434d-bd09-c6d1e2f9e213,2026-04-12 22:46:57.000,Mail Overview,de_hsfd
0142295b-cc1f-434d-bd09-c6d1e2f9e213,2026-04-12 22:46:58.000,Mail Overview,de_hsfd
df9fd998-27ab-4f2a-a2bf-09762eadca38,2026-04-13 00:58:11.000,Mail Overview,de_si
0142295b-cc1f-434d-bd09-c6d1e2f9e213,2026-04-12 22:47:03.000,Mail Detail,de_hsfd
0142295b-cc1f-434d-bd09-c6d1e2f9e213,2026-04-12 22:46:59.000,Mail Detail,de_hsfd
0142295b-cc1f-434d-bd09-c6d1e2f9e213,2026-04-12 22:46:57.000,Mail Detail,de_hsfd
0142295b-cc1f-434d-bd09-c6d1e2f9e213,2026-04-12 22:46:56.000,Mail Detail,de_hsfd
df9fd998-27ab-4f2a-a2bf-09762eadca38,2026-04-13 00:58:16.000,Cafeteria Overview,de_si
0142295b-cc1f-434d-bd09-c6d1e2f9e213,2026-04-12 22:47:09.000,Mail Detail,de_hsfd
0142295b-cc1f-434d-bd09-c6d1e2f9e213,2026-04-12 22:47:29.000,Mail Detail,de_hsfd
0142295b-cc1f-434d-bd09-c6d1e2f9e213,2026-04-12 22:47:21.000,Mail Overview,de_hsfd
0142295b-cc1f-434d-bd09-c6d1e2f9e213,2026-04-12 22:47:10.000,Mail Overview,de_hsfd
0142295b-cc1f-434d-bd09-c6d1e2f9e213,2026-04-12 22:47:11.000,Mail Detail,de_hsfd
0142295b-cc1f-434d-bd09-c6d1e2f9e213,2026-04-12 22:47:22.000,Mail Detail,de_hsfd
0142295b-cc1f-434d-bd09-c6d1e2f9e213,2026-04-12 22:47:14.000,Mail Overview,de_hsfd
0142295b-cc1f-434d-bd09-c6d1e2f9e213,2026-04-12 22:47:20.000,Mail Detail,de_hsfd
0142295b-cc1f-434d-bd09-c6d1e2f9e213,2026-04-12 22:47:16.000,Mail Overview,de_hsfd
0142295b-cc1f-434d-bd09-c6d1e2f9e213,2026-04-12 22:47:23.000,Mail Detail,de_hsfd
0142295b-cc1f-434d-bd09-c6d1e2f9e213,2026-04-12 22:47:12.000,Mail Overview,de_hsfd
0142295b-cc1f-434d-bd09-c6d1e2f9e213,2026-04-12 22:47:18.000,Mail Detail,de_hsfd
0142295b-cc1f-434d-bd09-c6d1e2f9e213,2026-04-12 22:47:32.000,Mail Detail,de_hsfd
0142295b-cc1f-434d-bd09-c6d1e2f9e213,2026-04-12 22:47:15.000,Mail Detail,de_hsfd
0142295b-cc1f-434d-bd09-c6d1e2f9e213,2026-04-12 22:47:23.000,Mail Overview,de_hsfd
0142295b-cc1f-434d-bd09-c6d1e2f9e213,2026-04-12 22:47:31.000,Mail Overview,de_hsfd
ab77bd4d-a0df-4ae1-b34a-101b1752f40b,2026-04-12 09:03:27.000,Studie Modules,de_pum
0142295b-cc1f-434d-bd09-c6d1e2f9e213,2026-04-12 22:47:27.000,Mail Overview,de_hsfd
0142295b-cc1f-434d-bd09-c6d1e2f9e213,2026-04-12 22:47:13.000,Mail Detail,de_hsfd
ab77bd4d-a0df-4ae1-b34a-101b1752f40b,2026-04-12 09:03:28.000,Mail Overview,de_pum
0142295b-cc1f-434d-bd09-c6d1e2f9e213,2026-04-12 22:47:19.000,Mail Overview,de_hsfd
01de95e5-6539-4256-89d2-24d42850e0ae,2026-04-13 00:58:11.000,External Login Expired,de_hm
a70674f7-a267-431d-bb2d-24e263e23f21,2026-04-13 00:57:19.000,Calendar Week View,de_ehl
161dd7da-d5d7-43e7-a91e-97bdc2874659,2026-04-13 00:58:18.000,Mail Overview,de_ush
161dd7da-d5d7-43e7-a91e-97bdc2874659,2026-04-13 00:58:23.000,Mail Detail,de_ush
3bd3584d-dee8-4d6e-8d4f-6307de58c8f6,2026-04-12 16:31:24.000,Mail Overview,de_fhwo
3bd3584d-dee8-4d6e-8d4f-6307de58c8f6,2026-04-12 16:31:22.000,Mail Detail,de_fhwo
fee5894e-b2ed-4b3f-a82f-f7927faadec8,2026-04-13 00:58:26.000,Cafeteria Overview,de_pum
fee5894e-b2ed-4b3f-a82f-f7927faadec8,2026-04-13 00:58:27.000,Cafeteria Detail,de_pum
fee5894e-b2ed-4b3f-a82f-f7927faadec8,2026-04-13 00:58:24.000,Studie Modules,de_pum
0142295b-cc1f-434d-bd09-c6d1e2f9e213,2026-04-13 00:58:18.000,Studie Modules,de_hsfd
0142295b-cc1f-434d-bd09-c6d1e2f9e213,2026-04-13 00:58:20.000,Mail Overview,de_hsfd
0142295b-cc1f-434d-bd09-c6d1e2f9e213,2026-04-13 00:58:25.000,Studie Modules,de_hsfd
0142295b-cc1f-434d-bd09-c6d1e2f9e213,2026-04-12 22:47:34.000,Mail Overview,de_hsfd
a70674f7-a267-431d-bb2d-24e263e23f21,2026-04-13 00:58:34.000,Schedule Detail,de_ehl
a70674f7-a267-431d-bb2d-24e263e23f21,2026-04-13 00:58:37.000,Calendar Week View,de_ehl
a2597ab0-6c19-42c2-aec6-b51cf28bbceb,2026-04-12 20:48:05.000,Mail Overview,de_hsko
0384e170-ec96-4a05-80f3-7e712a307fdd,2026-04-13 00:58:44.000,Calendar Day View,de_hslu
6dc1923e-fb67-4c8e-a499-1b7bc5acda49,2026-04-12 16:30:08.000,Mail Overview,de_tuda
c47a8151-ff6e-4ac8-a027-338fa31ec348,2026-04-12 20:31:08.000,Studie Modules,de_eufb
a70674f7-a267-431d-bb2d-24e263e23f21,2026-04-13 00:58:40.000,Calendar Week View,de_ehl
a70674f7-a267-431d-bb2d-24e263e23f21,2026-04-13 00:58:38.000,Schedule Detail,de_ehl
a70674f7-a267-431d-bb2d-24e263e23f21,2026-04-13 00:58:57.000,Calendar Week View,de_ehl
a70674f7-a267-431d-bb2d-24e263e23f21,2026-04-13 00:58:59.000,Schedule Detail,de_ehl
a70674f7-a267-431d-bb2d-24e263e23f21,2026-04-13 00:58:43.000,Schedule Detail,de_ehl
ec2fe5fa-c7ec-49c2-91df-fca2fa4847d5,2026-04-12 17:00:23.000,Feed,de_hsfd
ec2fe5fa-c7ec-49c2-91df-fca2fa4847d5,2026-04-12 17:00:30.000,Feed Detail,de_hsfd
943382e0-33d8-462e-82c6-63288173af79,2026-04-13 00:59:05.000,Studie Modules,de_hslu
943382e0-33d8-462e-82c6-63288173af79,2026-04-13 00:59:06.000,Mail Overview,de_hslu
0384e170-ec96-4a05-80f3-7e712a307fdd,2026-04-13 00:59:06.000,Feed,de_hslu
0384e170-ec96-4a05-80f3-7e712a307fdd,2026-04-13 00:59:06.000,Mail Setup Manual,de_hslu
c96575c6-b00f-4e7d-b89c-005288d892a3,2026-04-13 00:59:04.000,Mail Overview,de_tuda
c96575c6-b00f-4e7d-b89c-005288d892a3,2026-04-13 00:59:09.000,Mail Detail,de_tuda
321a133b-0c5f-4145-bbcd-8631bbb49bcd,2026-04-13 00:59:05.000,Mail Overview,de_upb
0384e170-ec96-4a05-80f3-7e712a307fdd,2026-04-13 00:59:14.000,Mail FolderSelection,de_hslu
a70674f7-a267-431d-bb2d-24e263e23f21,2026-04-13 00:59:19.000,Schedule Detail,de_ehl
a70674f7-a267-431d-bb2d-24e263e23f21,2026-04-13 00:59:17.000,Calendar Week View,de_ehl
a70674f7-a267-431d-bb2d-24e263e23f21,2026-04-13 00:59:15.000,Schedule Detail,de_ehl
243daf4d-97f3-463e-be40-6f342c8e5a86,2026-04-12 22:29:16.000,Mail Overview,de_hspf
a70674f7-a267-431d-bb2d-24e263e23f21,2026-04-13 00:59:01.000,Calendar Week View,de_ehl
d2cdcff3-aa88-4265-8094-e5bc79e09c70,2026-04-12 22:34:16.000,Mail Overview,de_jlug
f5e48ae3-33ac-466a-8b6e-fcb4cf152702,2026-04-13 00:59:17.000,Mail Overview,de_hsab
f5e48ae3-33ac-466a-8b6e-fcb4cf152702,2026-04-13 00:59:22.000,Mail Detail,de_hsab
3f2e634f-5111-44ca-ae6f-0f2ac10ed6ed,2026-04-12 22:26:54.000,Calendar Day View,de_hba
3f2e634f-5111-44ca-ae6f-0f2ac10ed6ed,2026-04-12 22:26:59.000,Calendar Day View,de_hba
3f2e634f-5111-44ca-ae6f-0f2ac10ed6ed,2026-04-12 17:51:03.000,Feed,de_hba
3f2e634f-5111-44ca-ae6f-0f2ac10ed6ed,2026-04-12 22:26:57.000,Schedule Detail,de_hba
0384e170-ec96-4a05-80f3-7e712a307fdd,2026-04-13 00:59:19.000,Mail Permission,de_hslu
0384e170-ec96-4a05-80f3-7e712a307fdd,2026-04-13 00:59:27.000,Mail Detail,de_hslu
0384e170-ec96-4a05-80f3-7e712a307fdd,2026-04-13 00:59:21.000,Mail Overview,de_hslu
97d35fd8-6441-4154-a56b-30932e5af3c4,2026-04-13 00:58:13.000,Feed,de_hsge
97d35fd8-6441-4154-a56b-30932e5af3c4,2026-04-13 00:59:25.000,Mail Overview,de_hsge
a70674f7-a267-431d-bb2d-24e263e23f21,2026-04-13 00:59:26.000,Calendar Week View,de_ehl
9ba3cd61-0ee6-49b6-aec9-374865853df6,2026-04-13 00:59:20.000,External Login Expired,de_hm
df9fd998-27ab-4f2a-a2bf-09762eadca38,2026-04-13 00:59:32.000,Feed,de_si
161dd7da-d5d7-43e7-a91e-97bdc2874659,2026-04-13 00:59:35.000,Mail Overview,de_ush
842e4ddb-5fd8-4fe7-b4a4-a523ad70c99e,2026-04-12 23:50:39.000,Mail Overview,de_si
842e4ddb-5fd8-4fe7-b4a4-a523ad70c99e,2026-04-13 00:59:29.000,Generic Links Overview,de_si
842e4ddb-5fd8-4fe7-b4a4-a523ad70c99e,2026-04-12 23:50:39.000,Studie Modules,de_si
842e4ddb-5fd8-4fe7-b4a4-a523ad70c99e,2026-04-13 00:59:25.000,Studie Modules,de_si
c96575c6-b00f-4e7d-b89c-005288d892a3,2026-04-13 00:59:34.000,Mail Detail,de_tuda
c96575c6-b00f-4e7d-b89c-005288d892a3,2026-04-13 00:59:33.000,Mail Overview,de_tuda
0384e170-ec96-4a05-80f3-7e712a307fdd,2026-04-13 00:59:36.000,Mail Detail,de_hslu
0384e170-ec96-4a05-80f3-7e712a307fdd,2026-04-13 00:59:29.000,Mail Overview,de_hslu
321a133b-0c5f-4145-bbcd-8631bbb49bcd,2026-04-13 00:59:36.000,Mail Overview,de_upb
321a133b-0c5f-4145-bbcd-8631bbb49bcd,2026-04-13 00:59:32.000,Mail Overview,de_upb
321a133b-0c5f-4145-bbcd-8631bbb49bcd,2026-04-13 00:59:38.000,Feed,de_upb
c696ac06-ec5e-446a-9adb-ea8ebe36178a,2026-04-13 00:59:37.000,Mail Overview,de_ua
df9fd998-27ab-4f2a-a2bf-09762eadca38,2026-04-13 00:59:38.000,Calendar Day View,de_si
df9fd998-27ab-4f2a-a2bf-09762eadca38,2026-04-13 00:59:36.000,Feed,de_si
df9fd998-27ab-4f2a-a2bf-09762eadca38,2026-04-13 00:59:34.000,Calendar Day View,de_si
df9fd998-27ab-4f2a-a2bf-09762eadca38,2026-04-13 00:59:34.000,Schedule Setup,de_si
4f39a6e2-9d27-42ce-be4f-e90dc8ccac74,2026-04-12 21:14:26.000,Calendar Week View,de_phsg
4f39a6e2-9d27-42ce-be4f-e90dc8ccac74,2026-04-12 21:14:25.000,Calendar Day View,de_phsg
4f39a6e2-9d27-42ce-be4f-e90dc8ccac74,2026-04-12 21:14:21.000,Calendar Day View,de_phsg
0384e170-ec96-4a05-80f3-7e712a307fdd,2026-04-13 00:59:46.000,Mail Detail,de_hslu
0384e170-ec96-4a05-80f3-7e712a307fdd,2026-04-13 00:59:41.000,Mail Overview,de_hslu
321a133b-0c5f-4145-bbcd-8631bbb49bcd,2026-04-13 00:59:44.000,Mail Overview,de_upb
c696ac06-ec5e-446a-9adb-ea8ebe36178a,2026-04-13 00:59:42.000,Mail Detail,de_ua
321a133b-0c5f-4145-bbcd-8631bbb49bcd,2026-04-13 00:59:47.000,Mail Overview,de_upb
321a133b-0c5f-4145-bbcd-8631bbb49bcd,2026-04-13 00:59:48.000,Feed,de_upb
321a133b-0c5f-4145-bbcd-8631bbb49bcd,2026-04-13 00:59:40.000,Studie Modules,de_upb
c96575c6-b00f-4e7d-b89c-005288d892a3,2026-04-13 00:59:51.000,Mail Overview,de_tuda
05ef08fa-3b94-4575-a1fa-0cfb16458456,2026-04-12 17:42:55.000,Mail Overview,de_eufb
05ef08fa-3b94-4575-a1fa-0cfb16458456,2026-04-12 20:07:28.000,Mail Overview,de_eufb
05ef08fa-3b94-4575-a1fa-0cfb16458456,2026-04-12 20:07:28.000,Studie Modules,de_eufb
05ef08fa-3b94-4575-a1fa-0cfb16458456,2026-04-12 17:42:54.000,Studie Modules,de_eufb
df9fd998-27ab-4f2a-a2bf-09762eadca38,2026-04-13 00:59:46.000,Freshman Setup,de_si
db8c05ea-0ee4-438b-88a6-d6c1fc9f2646,2026-04-13 00:59:53.000,Cafeteria Selection,de_lg
df9fd998-27ab-4f2a-a2bf-09762eadca38,2026-04-13 00:59:43.000,Feed,de_si
db8c05ea-0ee4-438b-88a6-d6c1fc9f2646,2026-04-12 13:00:10.000,Mail Overview,de_lg
bab2e656-644a-42cd-8d02-79195a26906c,2026-04-12 20:07:36.000,Cafeteria Detail,de_fhwo
161dd7da-d5d7-43e7-a91e-97bdc2874659,2026-04-13 00:59:47.000,Mail Detail,de_ush
161dd7da-d5d7-43e7-a91e-97bdc2874659,2026-04-13 00:59:52.000,Mail Overview,de_ush
321a133b-0c5f-4145-bbcd-8631bbb49bcd,2026-04-13 00:59:56.000,Calendar Week View,de_upb
321a133b-0c5f-4145-bbcd-8631bbb49bcd,2026-04-13 00:59:57.000,Calendar List View,de_upb
2c4b0b02-69e3-4f0b-bb2d-5e93fa423125,2026-04-13 00:59:56.000,Feed,de_hm
2c4b0b02-69e3-4f0b-bb2d-5e93fa423125,2026-04-13 00:59:59.000,Studie Modules,de_hm
2c4b0b02-69e3-4f0b-bb2d-5e93fa423125,2026-04-13 00:59:55.000,Feed Detail,de_hm
321a133b-0c5f-4145-bbcd-8631bbb49bcd,2026-04-13 00:59:56.000,Calendar Month View,de_upb
321a133b-0c5f-4145-bbcd-8631bbb49bcd,2026-04-13 00:59:58.000,Calendar Day View,de_upb
321a133b-0c5f-4145-bbcd-8631bbb49bcd,2026-04-13 00:59:50.000,Calendar Day View,de_upb
c96575c6-b00f-4e7d-b89c-005288d892a3,2026-04-13 00:59:51.000,Mail Detail,de_tuda
f5e48ae3-33ac-466a-8b6e-fcb4cf152702,2026-04-13 00:59:55.000,Mail Overview,de_hsab
5e904104-ef94-4359-9aa0-46289c42a0b3,2026-04-13 00:59:57.000,Mail Overview,de_hsfb
5e904104-ef94-4359-9aa0-46289c42a0b3,2026-04-13 00:59:54.000,Studie Modules,de_hsfb
df9fd998-27ab-4f2a-a2bf-09762eadca38,2026-04-13 00:59:58.000,Freshman Setup,de_si
5e904104-ef94-4359-9aa0-46289c42a0b3,2026-04-13 00:59:59.000,Generic Links Overview,de_hsfb
df9fd998-27ab-4f2a-a2bf-09762eadca38,2026-04-13 00:59:54.000,Freshman Login,de_si
5e904104-ef94-4359-9aa0-46289c42a0b3,2026-04-13 00:59:58.000,Studie Modules,de_hsfb
df9fd998-27ab-4f2a-a2bf-09762eadca38,2026-04-13 00:59:59.000,Freshman Overview,de_si
df9fd998-27ab-4f2a-a2bf-09762eadca38,2026-04-13 01:00:02.000,Feed,de_si
76533ada-98ee-448f-b0be-5b7deebbba9d,2026-04-13 00:59:56.000,Studie Modules,de_jmu
76533ada-98ee-448f-b0be-5b7deebbba9d,2026-04-13 00:59:57.000,Mail Overview,de_jmu
321a133b-0c5f-4145-bbcd-8631bbb49bcd,2026-04-13 01:00:07.000,Feed,de_upb
321a133b-0c5f-4145-bbcd-8631bbb49bcd,2026-04-13 01:00:05.000,Mail Overview,de_upb
f5e48ae3-33ac-466a-8b6e-fcb4cf152702,2026-04-13 01:00:06.000,Mail Detail,de_hsab
df9fd998-27ab-4f2a-a2bf-09762eadca38,2026-04-13 01:00:06.000,Feed,de_si
df9fd998-27ab-4f2a-a2bf-09762eadca38,2026-04-13 01:00:08.000,Freshman Overview,de_si
df9fd998-27ab-4f2a-a2bf-09762eadca38,2026-04-13 01:00:13.000,Freshman Setup,de_si
df9fd998-27ab-4f2a-a2bf-09762eadca38,2026-04-13 01:00:11.000,Feed,de_si
df9fd998-27ab-4f2a-a2bf-09762eadca38,2026-04-13 01:00:04.000,Freshman Overview,de_si
2c4b0b02-69e3-4f0b-bb2d-5e93fa423125,2026-04-13 01:00:14.000,Mail Overview,de_hm
2c4b0b02-69e3-4f0b-bb2d-5e93fa423125,2026-04-13 01:00:03.000,Studie Modules,de_hm
2c4b0b02-69e3-4f0b-bb2d-5e93fa423125,2026-04-13 01:00:07.000,Mail Detail,de_hm
2c4b0b02-69e3-4f0b-bb2d-5e93fa423125,2026-04-13 01:00:04.000,Mail Overview,de_hm
2c4b0b02-69e3-4f0b-bb2d-5e93fa423125,2026-04-13 00:59:59.000,Mail Overview,de_hm
2c4b0b02-69e3-4f0b-bb2d-5e93fa423125,2026-04-13 01:00:10.000,Mail Detail,de_hm
2c4b0b02-69e3-4f0b-bb2d-5e93fa423125,2026-04-13 01:00:09.000,Mail Overview,de_hm
695911c0-53e7-4df7-84e1-9697b848bce4,2026-04-12 15:43:18.000,Mail Overview,de_hsaa
642b61b2-2ca0-4407-9852-580b8d9f1855,2026-04-13 00:15:16.000,Studie Modules,de_hm
642b61b2-2ca0-4407-9852-580b8d9f1855,2026-04-13 00:15:17.000,Mail Overview,de_hm
642b61b2-2ca0-4407-9852-580b8d9f1855,2026-04-13 01:00:08.000,Studie Modules,de_hm
321a133b-0c5f-4145-bbcd-8631bbb49bcd,2026-04-13 01:00:16.000,Cafeteria Overview,de_upb
642b61b2-2ca0-4407-9852-580b8d9f1855,2026-04-13 01:00:08.000,Mail Overview,de_hm
642b61b2-2ca0-4407-9852-580b8d9f1855,2026-04-13 01:00:15.000,Mail Detail,de_hm
f5e48ae3-33ac-466a-8b6e-fcb4cf152702,2026-04-13 01:00:14.000,Mail Overview,de_hsab
df9fd998-27ab-4f2a-a2bf-09762eadca38,2026-04-13 01:00:18.000,Freshman Overview,de_si
df9fd998-27ab-4f2a-a2bf-09762eadca38,2026-04-13 01:00:15.000,Freshman Login,de_si
df9fd998-27ab-4f2a-a2bf-09762eadca38,2026-04-13 01:00:16.000,Freshman Setup,de_si
df9fd998-27ab-4f2a-a2bf-09762eadca38,2026-04-13 01:00:22.000,Feed,de_si
2c4b0b02-69e3-4f0b-bb2d-5e93fa423125,2026-04-13 01:00:16.000,Mail Detail,de_hm
2c4b0b02-69e3-4f0b-bb2d-5e93fa423125,2026-04-13 01:00:24.000,Mail Detail,de_hm
2c4b0b02-69e3-4f0b-bb2d-5e93fa423125,2026-04-13 01:00:19.000,Mail Overview,de_hm
86307019-e0ed-4cc7-9869-47c9d2ef8de2,2026-04-13 01:00:22.000,Mail Overview,de_ks
86307019-e0ed-4cc7-9869-47c9d2ef8de2,2026-04-13 01:00:20.000,Studie Modules,de_ks
e7c8f449-182b-4b1b-8f28-e68c917a4369,2026-04-13 00:57:10.000,Mail Overview,de_jlug
e7c8f449-182b-4b1b-8f28-e68c917a4369,2026-04-13 01:00:25.000,Mail Detail,de_jlug
73f1d885-e42c-4975-9342-65cb88d63e5d,2026-04-13 01:00:27.000,Feed,de_pum
73f1d885-e42c-4975-9342-65cb88d63e5d,2026-04-13 01:00:27.000,Studie Modules,de_pum
321a133b-0c5f-4145-bbcd-8631bbb49bcd,2026-04-13 01:00:26.000,Feed,de_upb
5aaf3966-c124-4e6c-838a-e33ae322e35c,2026-04-13 01:00:30.000,Studie Modules,de_pum
642b61b2-2ca0-4407-9852-580b8d9f1855,2026-04-13 01:00:31.000,Mail Overview,de_hm
c96575c6-b00f-4e7d-b89c-005288d892a3,2026-04-13 01:00:33.000,Mail Overview,de_tuda
df9fd998-27ab-4f2a-a2bf-09762eadca38,2026-04-13 01:00:28.000,Support Chat,de_si
7243ee3a-859a-494b-a27b-ff25269ad7bd,2026-04-13 00:29:39.000,Feed,de_ks
86307019-e0ed-4cc7-9869-47c9d2ef8de2,2026-04-13 01:00:29.000,Mail Detail,de_ks
2c4b0b02-69e3-4f0b-bb2d-5e93fa423125,2026-04-13 01:00:27.000,Mail Detail,de_hm
2c4b0b02-69e3-4f0b-bb2d-5e93fa423125,2026-04-13 01:00:25.000,Mail Overview,de_hm
334545e3-14cf-4995-9a5f-7fc7b1f6a4fb,2026-04-13 01:00:32.000,Feed,de_hm
334545e3-14cf-4995-9a5f-7fc7b1f6a4fb,2026-04-13 01:00:33.000,Mail Overview,de_hm
334545e3-14cf-4995-9a5f-7fc7b1f6a4fb,2026-04-13 01:00:34.000,Mail Detail,de_hm
321a133b-0c5f-4145-bbcd-8631bbb49bcd,2026-04-13 01:00:37.000,Career Main,de_upb
73f1d885-e42c-4975-9342-65cb88d63e5d,2026-04-13 01:00:28.000,Authenticator,de_pum
0958edac-f3e5-4268-9f90-68bfbe809312,2026-04-12 23:32:12.000,Mail Overview,de_phw
c96575c6-b00f-4e7d-b89c-005288d892a3,2026-04-13 01:00:43.000,Feed,de_tuda
c96575c6-b00f-4e7d-b89c-005288d892a3,2026-04-13 01:00:37.000,Mail Detail,de_tuda
c96575c6-b00f-4e7d-b89c-005288d892a3,2026-04-13 01:00:42.000,Mail Overview,de_tuda
c2adf759-7853-4bc9-b876-d554213dd2f1,2026-04-13 01:00:41.000,Studie Modules,de_hslu
c2adf759-7853-4bc9-b876-d554213dd2f1,2026-04-13 01:00:42.000,Calendar Week View,de_hslu
1a20c9de-bcdd-4dbc-a65e-4154d989176f,2026-04-13 01:00:44.000,Mail Detail,de_pum
1a20c9de-bcdd-4dbc-a65e-4154d989176f,2026-04-13 01:00:41.000,Mail Overview,de_pum
1a20c9de-bcdd-4dbc-a65e-4154d989176f,2026-04-13 01:00:41.000,Studie Modules,de_pum
321a133b-0c5f-4145-bbcd-8631bbb49bcd,2026-04-13 01:00:46.000,Career Job V2,de_upb
59792a0b-5412-4cac-974e-0d58c18af46d,2026-04-13 00:58:47.000,Mail Overview,de_upb
c96575c6-b00f-4e7d-b89c-005288d892a3,2026-04-13 01:00:45.000,Studie Modules,de_tuda
df9fd998-27ab-4f2a-a2bf-09762eadca38,2026-04-13 01:00:54.000,Feed,de_si
c96575c6-b00f-4e7d-b89c-005288d892a3,2026-04-13 01:00:48.000,Authenticator,de_tuda
2deb606b-7115-49e5-b662-b5efad728c94,2026-04-13 01:00:46.000,Mail Overview,de_ush
2deb606b-7115-49e5-b662-b5efad728c94,2026-04-13 01:00:45.000,Studie Modules,de_ush
e7c8f449-182b-4b1b-8f28-e68c917a4369,2026-04-13 01:00:57.000,Mail Overview,de_jlug
cfc20283-7de9-4899-9bf8-acb2a62c63c0,2026-04-13 01:00:53.000,Generic Links Overview,de_jlug
cfc20283-7de9-4899-9bf8-acb2a62c63c0,2026-04-13 01:00:52.000,Studie Modules,de_jlug
f5e48ae3-33ac-466a-8b6e-fcb4cf152702,2026-04-13 01:00:49.000,Grades Overview,de_hsab
59792a0b-5412-4cac-974e-0d58c18af46d,2026-04-13 01:00:59.000,Mail Overview,de_upb
59792a0b-5412-4cac-974e-0d58c18af46d,2026-04-13 01:00:54.000,Mail Overview,de_upb
2c4b0b02-69e3-4f0b-bb2d-5e93fa423125,2026-04-13 01:00:56.000,Mail Overview,de_hm
59792a0b-5412-4cac-974e-0d58c18af46d,2026-04-13 01:00:57.000,Mail Detail,de_upb
2c4b0b02-69e3-4f0b-bb2d-5e93fa423125,2026-04-13 01:00:57.000,Mail Detail,de_hm
59792a0b-5412-4cac-974e-0d58c18af46d,2026-04-13 01:00:54.000,Feed,de_upb
c113aae3-07ba-4694-98da-41a8015f88d3,2026-04-12 22:20:02.000,Grades Overview,de_fhef
c113aae3-07ba-4694-98da-41a8015f88d3,2026-04-12 22:20:06.000,Studie Modules,de_fhef
c113aae3-07ba-4694-98da-41a8015f88d3,2026-04-13 01:01:02.000,Mail Overview,de_fhef
63310688-64d0-4bf8-9079-4d5f50145595,2026-04-13 01:01:02.000,Mail Detail,de_lg
df9fd998-27ab-4f2a-a2bf-09762eadca38,2026-04-13 01:01:04.000,Feed,de_si
df9fd998-27ab-4f2a-a2bf-09762eadca38,2026-04-13 01:00:55.000,Support Chat,de_si
63310688-64d0-4bf8-9079-4d5f50145595,2026-04-13 01:00:58.000,Mail Overview,de_lg
03779c1e-2c21-40f3-b6e7-2cba34e397fa,2026-04-12 20:04:12.000,Studie Modules,de_ush
e7c8f449-182b-4b1b-8f28-e68c917a4369,2026-04-13 01:01:00.000,Mail Detail,de_jlug
c96575c6-b00f-4e7d-b89c-005288d892a3,2026-04-13 01:01:07.000,Studie Modules,de_tuda
0f635b3c-10df-4398-9354-ad7b402aee6f,2026-04-13 01:01:05.000,Studie Modules,de_ks
0f635b3c-10df-4398-9354-ad7b402aee6f,2026-04-13 01:01:07.000,Cafeteria Detail,de_ks
0f635b3c-10df-4398-9354-ad7b402aee6f,2026-04-13 01:00:58.000,Mail Overview,de_ks
0f635b3c-10df-4398-9354-ad7b402aee6f,2026-04-13 01:01:06.000,Cafeteria Overview,de_ks
0f635b3c-10df-4398-9354-ad7b402aee6f,2026-04-13 01:00:58.000,Studie Modules,de_ks
0f635b3c-10df-4398-9354-ad7b402aee6f,2026-04-13 01:01:00.000,Career Main,de_ks
0f635b3c-10df-4398-9354-ad7b402aee6f,2026-04-13 01:00:59.000,Studie Modules,de_ks
0f635b3c-10df-4398-9354-ad7b402aee6f,2026-04-13 01:01:02.000,Feed,de_ks
8f86e325-0f80-41cb-99cd-d9ae818148c4,2026-04-12 15:51:39.000,Mail Overview,de_hsnd
8f86e325-0f80-41cb-99cd-d9ae818148c4,2026-04-13 00:07:42.000,Grades Overview,de_hsnd
8f86e325-0f80-41cb-99cd-d9ae818148c4,2026-04-12 15:51:40.000,Grades Overview,de_hsnd
8f86e325-0f80-41cb-99cd-d9ae818148c4,2026-04-13 00:07:40.000,Mail Overview,de_hsnd
8f86e325-0f80-41cb-99cd-d9ae818148c4,2026-04-13 00:07:41.000,Feed,de_hsnd
8f86e325-0f80-41cb-99cd-d9ae818148c4,2026-04-12 15:51:40.000,Feed,de_hsnd
2c4b0b02-69e3-4f0b-bb2d-5e93fa423125,2026-04-13 01:01:04.000,Mail Overview,de_hm
2c4b0b02-69e3-4f0b-bb2d-5e93fa423125,2026-04-13 01:01:05.000,Mail Detail,de_hm
090f0f8a-62c6-4e07-a198-6a7b9f4bdf69,2026-04-12 20:42:21.000,Auditories,de_ush
090f0f8a-62c6-4e07-a198-6a7b9f4bdf69,2026-04-12 20:40:44.000,Grades Overview,de_ush
090f0f8a-62c6-4e07-a198-6a7b9f4bdf69,2026-04-12 20:40:43.000,Studie Modules,de_ush
090f0f8a-62c6-4e07-a198-6a7b9f4bdf69,2026-04-12 20:40:59.000,Studie Modules,de_ush
090f0f8a-62c6-4e07-a198-6a7b9f4bdf69,2026-04-12 20:41:02.000,Auditories,de_ush
090f0f8a-62c6-4e07-a198-6a7b9f4bdf69,2026-04-12 20:42:27.000,Auditories Detail,de_ush
090f0f8a-62c6-4e07-a198-6a7b9f4bdf69,2026-04-12 20:41:16.000,Auditories Detail,de_ush
c1cf6822-ed6e-4b90-9605-087ca53c11bd,2026-04-13 01:01:08.000,Mail Overview,de_thm
c1cf6822-ed6e-4b90-9605-087ca53c11bd,2026-04-13 01:01:07.000,Studie Modules,de_thm
6d80e8d6-dae0-410c-8942-2efb19f5af2d,2026-04-12 15:21:41.000,Cafeteria Detail,de_lg
8dbf3af2-10e0-41a4-816b-c4f576f6387d,2026-04-13 00:46:22.000,Mail Overview,de_bt
c96575c6-b00f-4e7d-b89c-005288d892a3,2026-04-13 01:01:10.000,Mail Overview,de_tuda
c96575c6-b00f-4e7d-b89c-005288d892a3,2026-04-13 01:01:16.000,Mail Detail,de_tuda
c96575c6-b00f-4e7d-b89c-005288d892a3,2026-04-13 01:01:09.000,Feed,de_tuda
77146cb5-3839-4bad-8306-6d4689c3a7c6,2026-04-13 00:06:05.000,Mail Overview,de_ks
842e4ddb-5fd8-4fe7-b4a4-a523ad70c99e,2026-04-13 01:01:11.000,Generic Links Overview,de_si
842e4ddb-5fd8-4fe7-b4a4-a523ad70c99e,2026-04-13 01:01:08.000,Studie Modules,de_si
2c4b0b02-69e3-4f0b-bb2d-5e93fa423125,2026-04-13 01:01:19.000,Mail Detail,de_hm
2c4b0b02-69e3-4f0b-bb2d-5e93fa423125,2026-04-13 01:01:18.000,Mail Overview,de_hm
2c4b0b02-69e3-4f0b-bb2d-5e93fa423125,2026-04-13 01:01:17.000,Mail Detail,de_hm
2c4b0b02-69e3-4f0b-bb2d-5e93fa423125,2026-04-13 01:01:16.000,Mail Overview,de_hm
df9fd998-27ab-4f2a-a2bf-09762eadca38,2026-04-13 01:01:24.000,Studie Modules,de_si
a774b381-9dba-44fa-bcb8-07b78cb93467,2026-04-12 09:10:18.000,Feed Detail,de_pum
73af0de6-34b2-40c8-b473-4a8869da5d72,2026-04-13 01:01:24.000,Mail Detail,de_hsa
73af0de6-34b2-40c8-b473-4a8869da5d72,2026-04-13 01:01:16.000,Mail Overview,de_hsa
334545e3-14cf-4995-9a5f-7fc7b1f6a4fb,2026-04-13 01:01:30.000,Mail Overview,de_hm
2c4b0b02-69e3-4f0b-bb2d-5e93fa423125,2026-04-13 01:01:33.000,Mail Overview,de_hm
2aabb622-a255-46bd-8331-6a33a057121a,2026-04-13 01:01:32.000,Mail Overview,de_si
df9fd998-27ab-4f2a-a2bf-09762eadca38,2026-04-13 01:01:30.000,Studie Modules,de_si
df9fd998-27ab-4f2a-a2bf-09762eadca38,2026-04-13 01:01:26.000,wallet,de_si
df9fd998-27ab-4f2a-a2bf-09762eadca38,2026-04-13 01:01:32.000,Mail Overview,de_si
df9fd998-27ab-4f2a-a2bf-09762eadca38,2026-04-13 01:01:34.000,Studie Modules,de_si
8e740d13-c2f3-4912-b76a-b84fbf8a342c,2026-04-13 01:01:33.000,Studie Modules,de_pum
8e740d13-c2f3-4912-b76a-b84fbf8a342c,2026-04-13 01:01:35.000,Authenticator,de_pum
c96575c6-b00f-4e7d-b89c-005288d892a3,2026-04-13 01:01:35.000,Mail Overview,de_tuda
2aabb622-a255-46bd-8331-6a33a057121a,2026-04-13 01:01:34.000,Feed,de_si
c96575c6-b00f-4e7d-b89c-005288d892a3,2026-04-13 01:01:37.000,Feed,de_tuda
c96575c6-b00f-4e7d-b89c-005288d892a3,2026-04-13 01:01:42.000,Authenticator,de_tuda
2aabb622-a255-46bd-8331-6a33a057121a,2026-04-13 01:01:35.000,Calendar Day View,de_si
c96575c6-b00f-4e7d-b89c-005288d892a3,2026-04-13 01:01:39.000,Studie Modules,de_tuda
2aabb622-a255-46bd-8331-6a33a057121a,2026-04-13 01:01:42.000,Schedule Detail,de_si
df9fd998-27ab-4f2a-a2bf-09762eadca38,2026-04-13 01:01:37.000,Todo,de_si
df9fd998-27ab-4f2a-a2bf-09762eadca38,2026-04-13 01:01:41.000,Courses Overview,de_si
df9fd998-27ab-4f2a-a2bf-09762eadca38,2026-04-13 01:01:43.000,Studie Modules,de_si
df9fd998-27ab-4f2a-a2bf-09762eadca38,2026-04-13 01:01:39.000,Studie Modules,de_si
3ba1fe6a-63e0-4dea-b1c8-fd61231e5ad9,2026-04-13 01:01:44.000,Mail Overview,de_thm
3ba1fe6a-63e0-4dea-b1c8-fd61231e5ad9,2026-04-13 01:01:41.000,Mail Detail,de_thm
3ba1fe6a-63e0-4dea-b1c8-fd61231e5ad9,2026-04-13 01:01:35.000,Mail Overview,de_thm
3ba1fe6a-63e0-4dea-b1c8-fd61231e5ad9,2026-04-13 01:01:45.000,Mail Detail,de_thm
e7c8f449-182b-4b1b-8f28-e68c917a4369,2026-04-13 01:01:47.000,Mail Write,de_jlug
2aabb622-a255-46bd-8331-6a33a057121a,2026-04-13 01:01:46.000,Calendar Day View,de_si
df9fd998-27ab-4f2a-a2bf-09762eadca38,2026-04-13 01:01:46.000,Generic Links Overview,de_si
fada3d72-1c57-4a55-b269-a02853f85358,2026-04-13 01:01:43.000,Global Ory Login,de_hszg
3ba1fe6a-63e0-4dea-b1c8-fd61231e5ad9,2026-04-13 01:01:56.000,Mail Overview,de_thm
fada3d72-1c57-4a55-b269-a02853f85358,2026-04-12 00:36:51.000,Global Ory Login,de_hszg
f5e48ae3-33ac-466a-8b6e-fcb4cf152702,2026-04-13 01:01:56.000,Studie Modules,de_hsab
b8cab354-604f-4d60-8829-9b23dd24541b,2026-04-12 18:55:29.000,Grades Overview,de_ovgu
35054bc3-9ca3-4a06-a6ed-f4b4a6226a64,2026-04-12 18:22:46.000,Mail Detail,de_hsa
c96575c6-b00f-4e7d-b89c-005288d892a3,2026-04-13 01:02:01.000,Studie Modules,de_tuda
35054bc3-9ca3-4a06-a6ed-f4b4a6226a64,2026-04-12 18:22:43.000,Mail Overview,de_hsa
35054bc3-9ca3-4a06-a6ed-f4b4a6226a64,2026-04-12 18:22:42.000,Studie Modules,de_hsa
35054bc3-9ca3-4a06-a6ed-f4b4a6226a64,2026-04-12 18:22:47.000,Mail Overview,de_hsa
73af0de6-34b2-40c8-b473-4a8869da5d72,2026-04-13 01:02:04.000,Mail Overview,de_hsa
615936f8-790e-4619-bef7-15d746586bc4,2026-04-13 01:01:59.000,Mail Overview,de_hsfd
38bace87-68a7-4b9d-8b57-ff52d3ffb559,2026-04-13 01:01:54.000,Mail Overview,de_ua
38bace87-68a7-4b9d-8b57-ff52d3ffb559,2026-04-13 01:01:55.000,Mail Detail,de_ua
2aabb622-a255-46bd-8331-6a33a057121a,2026-04-13 01:02:04.000,Schedule Detail,de_si
442c9b98-918c-4468-8afb-8811eb0acb4e,2026-04-12 20:25:30.000,Mail Setup Manual,de_tuda
3ba1fe6a-63e0-4dea-b1c8-fd61231e5ad9,2026-04-13 01:01:57.000,Mail Detail,de_thm
3ba1fe6a-63e0-4dea-b1c8-fd61231e5ad9,2026-04-13 01:02:05.000,Mail Overview,de_thm
d57667b6-250d-480f-a708-0ae5b6ce3b02,2026-04-13 01:02:06.000,Studie Modules,de_jmu
f5e48ae3-33ac-466a-8b6e-fcb4cf152702,2026-04-13 01:02:02.000,Links,de_hsab
c96575c6-b00f-4e7d-b89c-005288d892a3,2026-04-13 01:02:04.000,Feed,de_tuda
c96575c6-b00f-4e7d-b89c-005288d892a3,2026-04-13 01:02:05.000,Mail Overview,de_tuda
c96575c6-b00f-4e7d-b89c-005288d892a3,2026-04-13 01:02:11.000,Mail Detail,de_tuda
fa051e2c-bea6-4d97-aa6c-cbb47f5c540e,2026-04-12 13:48:38.000,Grades Permission,de_hsfd
615936f8-790e-4619-bef7-15d746586bc4,2026-04-13 01:02:04.000,Mail Detail,de_hsfd
0864e981-37cb-4fdd-9d60-cb5b4c91a4c3,2026-04-13 01:02:11.000,Courses Detail,de_hsda
fa051e2c-bea6-4d97-aa6c-cbb47f5c540e,2026-04-12 10:55:05.000,Calendar List View,de_hsfd
fa051e2c-bea6-4d97-aa6c-cbb47f5c540e,2026-04-12 13:48:16.000,Feed,de_hsfd
fa051e2c-bea6-4d97-aa6c-cbb47f5c540e,2026-04-12 13:48:43.000,Grades Overview,de_hsfd
fa051e2c-bea6-4d97-aa6c-cbb47f5c540e,2026-04-12 13:48:25.000,Grades Login,de_hsfd
0864e981-37cb-4fdd-9d60-cb5b4c91a4c3,2026-04-13 01:02:05.000,Courses Overview,de_hsda
2aabb622-a255-46bd-8331-6a33a057121a,2026-04-13 01:02:12.000,Calendar Day View,de_si
2aabb622-a255-46bd-8331-6a33a057121a,2026-04-13 01:02:07.000,Calendar Day View,de_si
2aabb622-a255-46bd-8331-6a33a057121a,2026-04-13 01:02:08.000,Schedule Detail,de_si
d57667b6-250d-480f-a708-0ae5b6ce3b02,2026-04-13 01:02:07.000,Generic Links Overview,de_jmu
334545e3-14cf-4995-9a5f-7fc7b1f6a4fb,2026-04-13 01:02:20.000,Mail Detail,de_hm
7bb53d8b-ab76-4ed1-a777-48a264731ce5,2026-04-12 17:29:15.000,Feed,de_hvk
7bb53d8b-ab76-4ed1-a777-48a264731ce5,2026-04-12 17:29:13.000,Mail Login,de_hvk
fa051e2c-bea6-4d97-aa6c-cbb47f5c540e,2026-04-13 01:02:15.000,Calendar List View,de_hsfd
0dc3cc6a-343b-4094-8177-bdb6aa4a92e6,2026-04-10 20:13:03.000,Generic Links Overview,de_pum
0864e981-37cb-4fdd-9d60-cb5b4c91a4c3,2026-04-13 01:02:15.000,Courses Overview,de_hsda
0dc3cc6a-343b-4094-8177-bdb6aa4a92e6,2026-04-10 20:13:05.000,Studie Modules,de_pum
615936f8-790e-4619-bef7-15d746586bc4,2026-04-13 01:02:21.000,Mail Overview,de_hsfd
fa051e2c-bea6-4d97-aa6c-cbb47f5c540e,2026-04-12 21:28:05.000,Feed,de_hsfd
fa051e2c-bea6-4d97-aa6c-cbb47f5c540e,2026-04-12 21:28:06.000,Calendar List View,de_hsfd
cc6b18ee-d0c9-4c7f-a8c5-15764efb980d,2026-04-13 01:02:16.000,External Login Expired,de_hm
94649c6d-1228-4f43-8f5e-73d732898696,2026-04-12 10:04:03.000,Studie Modules,de_thbi
94649c6d-1228-4f43-8f5e-73d732898696,2026-04-12 10:04:14.000,Studie Modules,de_thbi
94649c6d-1228-4f43-8f5e-73d732898696,2026-04-12 10:04:04.000,WALLET,de_thbi
94649c6d-1228-4f43-8f5e-73d732898696,2026-04-12 18:34:35.000,Mail Overview,de_thbi
94649c6d-1228-4f43-8f5e-73d732898696,2026-04-12 10:04:06.000,wallet,de_thbi
321a133b-0c5f-4145-bbcd-8631bbb49bcd,2026-04-13 01:02:22.000,Feed,de_upb
321a133b-0c5f-4145-bbcd-8631bbb49bcd,2026-04-13 01:02:20.000,Mail Overview,de_upb
321a133b-0c5f-4145-bbcd-8631bbb49bcd,2026-04-13 01:02:24.000,Career Main,de_upb
6d582d9e-881e-4a1f-a40b-445fc84d8a45,2026-04-13 01:02:20.000,Grades Overview,de_tucl
6d582d9e-881e-4a1f-a40b-445fc84d8a45,2026-04-13 01:02:22.000,Feed,de_tucl
443bfecc-e16b-4dea-9b59-cfd5df50239d,2026-04-13 01:02:23.000,Studie Modules,de_thm
443bfecc-e16b-4dea-9b59-cfd5df50239d,2026-04-13 01:02:25.000,Grades Detail,de_thm
642b61b2-2ca0-4407-9852-580b8d9f1855,2026-04-13 01:02:20.000,Studie Modules,de_hm
443bfecc-e16b-4dea-9b59-cfd5df50239d,2026-04-13 01:02:28.000,Mail Overview,de_thm
642b61b2-2ca0-4407-9852-580b8d9f1855,2026-04-13 01:00:33.000,Studie Modules,de_hm
443bfecc-e16b-4dea-9b59-cfd5df50239d,2026-04-12 14:40:07.000,Mail Overview,de_thm
443bfecc-e16b-4dea-9b59-cfd5df50239d,2026-04-13 01:02:25.000,Feed,de_thm
443bfecc-e16b-4dea-9b59-cfd5df50239d,2026-04-13 01:02:27.000,Feed,de_thm
642b61b2-2ca0-4407-9852-580b8d9f1855,2026-04-13 01:02:20.000,Mail Overview,de_hm
443bfecc-e16b-4dea-9b59-cfd5df50239d,2026-04-13 01:02:28.000,Studie Modules,de_thm
615936f8-790e-4619-bef7-15d746586bc4,2026-04-13 01:02:24.000,Mail Detail,de_hsfd
e7c8f449-182b-4b1b-8f28-e68c917a4369,2026-04-13 01:02:34.000,Mail Detail,de_jlug
a9c85cb0-f06a-4fd5-9df4-b925e8736827,2026-04-12 21:29:07.000,Settings Overview,de_phlb
a9c85cb0-f06a-4fd5-9df4-b925e8736827,2026-04-12 21:29:05.000,Studie Modules,de_phlb
c696ac06-ec5e-446a-9adb-ea8ebe36178a,2026-04-13 01:02:38.000,Mail Overview,de_ua
321a133b-0c5f-4145-bbcd-8631bbb49bcd,2026-04-13 01:02:38.000,Career Job V2,de_upb
94649c6d-1228-4f43-8f5e-73d732898696,2026-04-12 18:35:19.000,Mail Detail,de_thbi
df10fe26-f796-4718-84d6-6ffc7d028dec,2026-04-13 01:02:28.000,Mail Overview,de_hsa
df10fe26-f796-4718-84d6-6ffc7d028dec,2026-04-13 01:02:33.000,Mail Detail,de_hsa
b9bc78ac-a222-46ab-81b4-b79cd2092ce1,2026-04-13 01:02:31.000,Cafeteria Overview,de_fhog
b9bc78ac-a222-46ab-81b4-b79cd2092ce1,2026-04-13 01:02:38.000,Cafeteria Overview,de_fhog
642b61b2-2ca0-4407-9852-580b8d9f1855,2026-04-13 01:02:41.000,Mail Detail,de_hm
642b61b2-2ca0-4407-9852-580b8d9f1855,2026-04-13 01:02:36.000,Mail Overview,de_hm
642b61b2-2ca0-4407-9852-580b8d9f1855,2026-04-13 01:02:32.000,Mail Detail,de_hm
334545e3-14cf-4995-9a5f-7fc7b1f6a4fb,2026-04-13 01:02:35.000,Mail Detail,de_hm
355b7b6a-e51b-407b-937f-b417f2ff6698,2026-04-12 22:40:28.000,Feed,de_cbs
334545e3-14cf-4995-9a5f-7fc7b1f6a4fb,2026-04-13 01:02:33.000,Feed,de_hm
334545e3-14cf-4995-9a5f-7fc7b1f6a4fb,2026-04-13 01:02:23.000,Mail Overview,de_hm
334545e3-14cf-4995-9a5f-7fc7b1f6a4fb,2026-04-13 01:02:36.000,Mail Overview,de_hm
334545e3-14cf-4995-9a5f-7fc7b1f6a4fb,2026-04-13 01:02:34.000,Mail Overview,de_hm
334545e3-14cf-4995-9a5f-7fc7b1f6a4fb,2026-04-13 01:02:39.000,Mail Detail,de_hm
88f84476-852a-44ad-b93d-bbf3005fcf51,2026-04-13 00:47:36.000,Mail Overview,de_jlug
642b61b2-2ca0-4407-9852-580b8d9f1855,2026-04-13 01:02:45.000,Mail Overview,de_hm
0864e981-37cb-4fdd-9d60-cb5b4c91a4c3,2026-04-13 01:02:50.000,Feed,de_hsda
88f84476-852a-44ad-b93d-bbf3005fcf51,2026-04-13 01:02:41.000,Studie Modules,de_jlug
88f84476-852a-44ad-b93d-bbf3005fcf51,2026-04-13 01:02:44.000,Generic Links Overview,de_jlug
88f84476-852a-44ad-b93d-bbf3005fcf51,2026-04-13 00:47:35.000,Studie Modules,de_jlug
ece56517-74bf-4e7c-821b-a17fecf9a3a5,2026-04-13 00:43:30.000,Mail Overview,de_hdm
78590e6d-bcc2-4bc7-87a9-76d2a92fa677,2026-04-13 01:02:51.000,Cafeteria Detail,de_ks
e3dc6e52-def2-4667-8065-7641a32bfee1,2026-04-12 18:02:41.000,Studie Modules,de_hshb
c96575c6-b00f-4e7d-b89c-005288d892a3,2026-04-13 01:02:43.000,Mail Overview,de_tuda
c96575c6-b00f-4e7d-b89c-005288d892a3,2026-04-13 01:02:44.000,Feed,de_tuda
ece56517-74bf-4e7c-821b-a17fecf9a3a5,2026-04-13 00:43:29.000,Studie Modules,de_hdm
e3dc6e52-def2-4667-8065-7641a32bfee1,2026-04-12 18:05:04.000,Studie Modules,de_hshb
e3dc6e52-def2-4667-8065-7641a32bfee1,2026-04-12 18:02:43.000,wallet,de_hshb
7f8b6e1e-813a-473e-aaeb-8ce590a11944,2026-04-13 01:02:46.000,wallet,de_pum
7f8b6e1e-813a-473e-aaeb-8ce590a11944,2026-04-13 01:02:48.000,Authenticator,de_pum
7f8b6e1e-813a-473e-aaeb-8ce590a11944,2026-04-13 01:02:47.000,Studie Modules,de_pum
7f8b6e1e-813a-473e-aaeb-8ce590a11944,2026-04-13 01:02:45.000,Studie Modules,de_pum
b9bc78ac-a222-46ab-81b4-b79cd2092ce1,2026-04-13 01:02:51.000,Grades Overview,de_fhog
e3dc6e52-def2-4667-8065-7641a32bfee1,2026-04-12 18:11:26.000,wallet,de_hshb
fd3a873c-6b52-4b01-bcb6-ee78a675364b,2026-04-13 01:02:54.000,Mail Overview,de_upb
fd3a873c-6b52-4b01-bcb6-ee78a675364b,2026-04-13 01:03:01.000,Mail Detail,de_upb
0ccf4a13-4290-4aa0-ace7-4afd4e5796a9,2026-04-13 01:03:00.000,Studie Modules,de_hsko
9effec48-9a4c-4213-acd5-84db2833456d,2026-04-13 01:02:59.000,Mail Overview,de_bt
9effec48-9a4c-4213-acd5-84db2833456d,2026-04-13 01:03:05.000,Mail Detail,de_bt
a210355c-5e0c-48a2-9ad4-16f4e9759819,2026-04-13 01:03:02.000,Career Onboarding,de_ua
a210355c-5e0c-48a2-9ad4-16f4e9759819,2026-04-13 01:02:59.000,Settings Overview,de_ua
321a133b-0c5f-4145-bbcd-8631bbb49bcd,2026-04-13 01:03:09.000,Career Main,de_upb
df9fd998-27ab-4f2a-a2bf-09762eadca38,2026-04-13 01:03:09.000,Studie Modules,de_si
c96575c6-b00f-4e7d-b89c-005288d892a3,2026-04-13 01:03:09.000,Studie Modules,de_tuda
63222dfd-9fb6-4570-a3f8-8d1add8fe7e8,2026-04-13 01:03:14.000,Studie Modules,de_jlug
0864e981-37cb-4fdd-9d60-cb5b4c91a4c3,2026-04-13 01:03:08.000,Courses Overview,de_hsda
0864e981-37cb-4fdd-9d60-cb5b4c91a4c3,2026-04-13 01:03:14.000,Feed,de_hsda
334545e3-14cf-4995-9a5f-7fc7b1f6a4fb,2026-04-13 01:03:20.000,Mail Overview,de_hm
df9fd998-27ab-4f2a-a2bf-09762eadca38,2026-04-13 01:03:19.000,Studie Modules,de_si
df9fd998-27ab-4f2a-a2bf-09762eadca38,2026-04-13 01:03:13.000,Generic Links Overview,de_si
071b42f8-500d-42cc-ad97-346cac3c968e,2026-04-13 01:03:09.000,External Login Expired,de_tuda
4a38336c-af23-4e9e-8b12-f4c08406fe7f,2026-04-13 01:03:23.000,Mail Overview,de_ush
4a38336c-af23-4e9e-8b12-f4c08406fe7f,2026-04-13 01:03:21.000,Studie Modules,de_ush
99108c45-8539-4489-bb03-69f89d8f26a5,2026-04-13 01:03:20.000,Generic Links Overview,de_ua
615936f8-790e-4619-bef7-15d746586bc4,2026-04-13 01:03:26.000,Mail Overview,de_hsfd
0864e981-37cb-4fdd-9d60-cb5b4c91a4c3,2026-04-13 01:03:18.000,Grades Overview,de_hsda
0864e981-37cb-4fdd-9d60-cb5b4c91a4c3,2026-04-13 01:03:23.000,Calendar Day View,de_hsda
0864e981-37cb-4fdd-9d60-cb5b4c91a4c3,2026-04-13 01:03:21.000,Feed,de_hsda
df9fd998-27ab-4f2a-a2bf-09762eadca38,2026-04-13 01:03:22.000,Generic Links Overview,de_si
df9fd998-27ab-4f2a-a2bf-09762eadca38,2026-04-13 01:03:25.000,Generic Links Overview,de_si
df9fd998-27ab-4f2a-a2bf-09762eadca38,2026-04-13 01:03:24.000,Studie Modules,de_si
df9fd998-27ab-4f2a-a2bf-09762eadca38,2026-04-13 01:03:30.000,Studie Modules,de_si
afecb237-d9ef-4e62-abb6-126a6454fb4f,2026-04-13 00:32:53.000,Mail Overview,de_hm
cbc88db8-b37e-47e2-9d99-e356b80dd7e7,2026-04-09 13:20:38.000,Studie Modules,de_fhst
fb0adf3e-3d60-420b-9d9f-f12746912b5b,2026-04-12 18:47:58.000,Mail Overview,de_hfr
fb0adf3e-3d60-420b-9d9f-f12746912b5b,2026-04-12 18:47:55.000,Mail Detail,de_hfr
286e1c1f-8ed5-4c6c-800c-e2b9441c7c31,2026-04-12 18:04:08.000,Mail Overview,de_thm
82c369b8-9cef-44d0-b0e9-fcb28e4e0815,2026-04-12 16:15:04.000,Settings Notifications,de_bt
615936f8-790e-4619-bef7-15d746586bc4,2026-04-13 01:03:27.000,Mail Detail,de_hsfd
82c369b8-9cef-44d0-b0e9-fcb28e4e0815,2026-04-12 16:15:06.000,Settings Overview,de_bt
82c369b8-9cef-44d0-b0e9-fcb28e4e0815,2026-04-12 16:15:03.000,Settings Overview,de_bt
82c369b8-9cef-44d0-b0e9-fcb28e4e0815,2026-04-12 16:15:07.000,Feed,de_bt
0864e981-37cb-4fdd-9d60-cb5b4c91a4c3,2026-04-13 01:03:31.000,Feed,de_hsda
0864e981-37cb-4fdd-9d60-cb5b4c91a4c3,2026-04-13 01:03:29.000,Feed,de_hsda
0864e981-37cb-4fdd-9d60-cb5b4c91a4c3,2026-04-13 01:03:34.000,Cafeteria Overview,de_hsda
0864e981-37cb-4fdd-9d60-cb5b4c91a4c3,2026-04-13 01:03:30.000,Calendar Day View,de_hsda
df9fd998-27ab-4f2a-a2bf-09762eadca38,2026-04-13 01:03:32.000,Generic Links Overview,de_si
99108c45-8539-4489-bb03-69f89d8f26a5,2026-04-13 01:03:42.000,Studie Modules,de_ua
b7fceabe-4a1b-4412-9c4c-dddbc6db4594,2026-04-13 01:03:34.000,Feed,de_hsnb
b7fceabe-4a1b-4412-9c4c-dddbc6db4594,2026-04-13 01:03:40.000,Links,de_hsnb
b7fceabe-4a1b-4412-9c4c-dddbc6db4594,2026-04-13 01:03:35.000,Career Main,de_hsnb
b7fceabe-4a1b-4412-9c4c-dddbc6db4594,2026-04-13 01:03:38.000,Studie Modules,de_hsnb
b7fceabe-4a1b-4412-9c4c-dddbc6db4594,2026-04-13 01:03:37.000,Studie Modules,de_hsnb
b7fceabe-4a1b-4412-9c4c-dddbc6db4594,2026-04-13 01:03:38.000,Feed,de_hsnb
5f742809-b1c8-4f68-8d45-380df9645c56,2026-04-12 20:44:27.000,Studie Modules,de_thm
5f742809-b1c8-4f68-8d45-380df9645c56,2026-04-12 20:44:29.000,Grades Overview,de_thm
14bf06cb-e5f8-4254-bda7-b58e52bd48b8,2026-04-13 01:03:44.000,Studie Modules,de_upb
14bf06cb-e5f8-4254-bda7-b58e52bd48b8,2026-04-13 01:03:45.000,Mail Overview,de_upb
99108c45-8539-4489-bb03-69f89d8f26a5,2026-04-13 01:03:44.000,Mail Overview,de_ua
99108c45-8539-4489-bb03-69f89d8f26a5,2026-04-13 01:03:45.000,Mail Detail,de_ua
0864e981-37cb-4fdd-9d60-cb5b4c91a4c3,2026-04-13 01:03:54.000,Feed,de_hsda
b82f9135-8729-42fa-8a54-25bd773c0c8e,2026-04-13 01:03:47.000,Mail Overview,de_pum
7f5bbcc5-ecc2-4ae3-8983-cc6516932185,2026-04-12 11:15:41.000,Studie Modules,de_ehl
8a732a2b-5718-4f25-af7a-7313cf9f59d8,2026-04-13 01:03:55.000,Mail Detail,de_phlb
8a732a2b-5718-4f25-af7a-7313cf9f59d8,2026-04-13 01:03:52.000,Mail Overview,de_phlb
8a732a2b-5718-4f25-af7a-7313cf9f59d8,2026-04-12 22:18:07.000,Mail Overview,de_phlb
8a732a2b-5718-4f25-af7a-7313cf9f59d8,2026-04-12 22:18:07.000,Studie Modules,de_phlb
8a732a2b-5718-4f25-af7a-7313cf9f59d8,2026-04-13 01:03:52.000,Studie Modules,de_phlb
d5eae9c5-3c54-4426-8c03-eea25eb5fbb0,2026-04-13 01:03:50.000,Global Ory Login,de_si
321a133b-0c5f-4145-bbcd-8631bbb49bcd,2026-04-13 01:03:59.000,Career Job V2,de_upb
fbe352aa-0375-4a09-bf6b-700d211a5fd0,2026-04-12 23:30:26.000,Grades Overview,de_thm
fbe352aa-0375-4a09-bf6b-700d211a5fd0,2026-04-12 22:56:43.000,Grades Overview,de_thm
0864e981-37cb-4fdd-9d60-cb5b4c91a4c3,2026-04-13 01:03:57.000,Mail Overview,de_hsda
a7f4aeae-6d27-402b-bb56-8aea27f59685,2026-04-13 00:48:22.000,Mail Overview,de_ks
03f74e1c-9b58-4485-aa2e-a0c1b41e8af1,2026-04-12 18:37:23.000,Studie Modules,de_pum
03f74e1c-9b58-4485-aa2e-a0c1b41e8af1,2026-04-12 18:37:24.000,Mail Overview,de_pum
03f74e1c-9b58-4485-aa2e-a0c1b41e8af1,2026-04-12 18:37:25.000,Studie Modules,de_pum
03f74e1c-9b58-4485-aa2e-a0c1b41e8af1,2026-04-12 18:37:25.000,Feed,de_pum
181f3f59-400a-45d4-98a7-bfc9cda085ea,2026-04-13 01:04:07.000,Feed,de_thm
1cf3a0e1-8848-40e8-b86f-f0c4403210f7,2026-04-12 16:08:50.000,Grades Overview,de_eufb
181f3f59-400a-45d4-98a7-bfc9cda085ea,2026-04-12 21:32:41.000,Feed,de_thm
1cf3a0e1-8848-40e8-b86f-f0c4403210f7,2026-04-12 16:08:46.000,Studie Modules,de_eufb
8a732a2b-5718-4f25-af7a-7313cf9f59d8,2026-04-13 01:04:08.000,Mail Overview,de_phlb
0864e981-37cb-4fdd-9d60-cb5b4c91a4c3,2026-04-13 01:04:11.000,Mail Overview,de_hsda
fbe352aa-0375-4a09-bf6b-700d211a5fd0,2026-04-13 01:04:13.000,Cafeteria Overview,de_thm
0864e981-37cb-4fdd-9d60-cb5b4c91a4c3,2026-04-13 01:04:09.000,Mail Detail,de_hsda
321a133b-0c5f-4145-bbcd-8631bbb49bcd,2026-04-13 01:04:16.000,Career Main,de_upb
b82f9135-8729-42fa-8a54-25bd773c0c8e,2026-04-13 01:04:12.000,Mail Detail,de_pum
99108c45-8539-4489-bb03-69f89d8f26a5,2026-04-13 01:04:17.000,Mail Overview,de_ua
be585b31-4de9-4e99-89cb-036a61fe4b7d,2026-04-13 01:04:19.000,Feed,de_hsmz
be585b31-4de9-4e99-89cb-036a61fe4b7d,2026-04-12 23:31:28.000,Mail Overview,de_hsmz
5f198a06-50d2-4c57-9f6b-cd0fa21013e1,2026-04-13 00:36:11.000,Calendar Day View,de_hslu
6671944f-3b6d-4f66-9fb6-24df4abaac62,2026-04-12 18:47:26.000,Studie Modules,de_ehl
847b027c-840c-411c-a895-f9d2f6edefe7,2026-04-13 01:04:15.000,Mail Detail,de_fhef
6671944f-3b6d-4f66-9fb6-24df4abaac62,2026-04-13 00:59:46.000,Mail Overview,de_ehl
6671944f-3b6d-4f66-9fb6-24df4abaac62,2026-04-13 00:59:48.000,Studie Modules,de_ehl
847b027c-840c-411c-a895-f9d2f6edefe7,2026-04-13 01:04:18.000,Mail Overview,de_fhef
6671944f-3b6d-4f66-9fb6-24df4abaac62,2026-04-12 18:47:29.000,Studie Modules,de_ehl
6671944f-3b6d-4f66-9fb6-24df4abaac62,2026-04-12 18:47:26.000,Mail Overview,de_ehl
6671944f-3b6d-4f66-9fb6-24df4abaac62,2026-04-13 00:59:45.000,Studie Modules,de_ehl
847b027c-840c-411c-a895-f9d2f6edefe7,2026-04-13 01:04:12.000,Mail Overview,de_fhef
847b027c-840c-411c-a895-f9d2f6edefe7,2026-04-13 01:04:19.000,Mail Detail,de_fhef
af90231a-b3d7-48b2-944f-c910a3e411a0,2026-04-13 00:34:19.000,External Login Expired,de_tuda
0864e981-37cb-4fdd-9d60-cb5b4c91a4c3,2026-04-13 01:04:25.000,Mail Detail,de_hsda
ee88eead-110c-43ee-aa27-5e993f0181a0,2026-04-13 01:04:21.000,Calendar Day View,de_hsgh
fc91bdf8-bccf-4f19-926d-fbb8bf3edde2,2026-04-13 01:04:18.000,Mail Overview,de_hsmz
fc91bdf8-bccf-4f19-926d-fbb8bf3edde2,2026-04-13 01:04:17.000,Studie Modules,de_hsmz
903c2a0c-a705-4710-93bf-b85101c788a3,2026-04-12 23:47:13.000,Mail Overview,de_pum
fb9482df-cbe2-439b-9d63-b51d51b7556b,2026-04-13 01:04:21.000,Studie Modules,de_hsab
fb9482df-cbe2-439b-9d63-b51d51b7556b,2026-04-13 01:04:22.000,Mail Overview,de_hsab
847b027c-840c-411c-a895-f9d2f6edefe7,2026-04-13 01:04:22.000,Mail Overview,de_fhef
847b027c-840c-411c-a895-f9d2f6edefe7,2026-04-13 01:04:24.000,Feed,de_fhef
847b027c-840c-411c-a895-f9d2f6edefe7,2026-04-13 01:04:25.000,Grades Overview,de_fhef
17e57cac-47be-4d30-85e6-c8c4211bd583,2026-04-13 01:04:34.000,Cafeteria Overview,de_fhswf
24b9c7ff-66b0-441b-9e63-6e037836639e,2026-04-12 23:01:11.000,Studie Modules,de_si
a98db558-c6ba-4f1f-aa2c-bd53eb889511,2026-04-13 00:03:05.000,Calendar Week View,de_pum
321a133b-0c5f-4145-bbcd-8631bbb49bcd,2026-04-13 01:04:36.000,Settings Overview,de_upb
74fc78f7-8da3-4c9e-a77e-23499fe231d8,2026-04-13 01:00:21.000,Mail Overview,de_hm
0d5eae59-9b1b-4b43-a86d-9cfa60938b66,2026-04-13 01:04:37.000,Feed Detail,de_hsgh
0d5eae59-9b1b-4b43-a86d-9cfa60938b66,2026-04-13 01:04:27.000,Feed,de_hsgh
74fc78f7-8da3-4c9e-a77e-23499fe231d8,2026-04-13 01:00:23.000,Mail Detail,de_hm
b82f9135-8729-42fa-8a54-25bd773c0c8e,2026-04-13 01:04:39.000,Mail Overview,de_pum
df9fd998-27ab-4f2a-a2bf-09762eadca38,2026-04-13 01:04:38.000,Studie Modules,de_si
fb9482df-cbe2-439b-9d63-b51d51b7556b,2026-04-13 01:04:33.000,Mail Detail,de_hsab
0864e981-37cb-4fdd-9d60-cb5b4c91a4c3,2026-04-13 01:04:43.000,Mail Overview,de_hsda
db8bc1a7-6e70-4c9f-a91c-df79a9b2a0ba,2026-04-12 21:06:22.000,Mail Overview,de_evhb
321a133b-0c5f-4145-bbcd-8631bbb49bcd,2026-04-13 01:04:40.000,Auditories,de_upb
321a133b-0c5f-4145-bbcd-8631bbb49bcd,2026-04-13 01:04:37.000,Career Main,de_upb
321a133b-0c5f-4145-bbcd-8631bbb49bcd,2026-04-13 01:04:38.000,Studie Modules,de_upb
234c2dda-29b5-429c-be2e-9b8171f7198a,2026-04-13 00:39:03.000,Mail Overview,de_thm
234c2dda-29b5-429c-be2e-9b8171f7198a,2026-04-12 20:39:53.000,Mail Overview,de_thm
234c2dda-29b5-429c-be2e-9b8171f7198a,2026-04-13 00:39:10.000,Mail Detail,de_thm
234c2dda-29b5-429c-be2e-9b8171f7198a,2026-04-12 20:39:54.000,Feed,de_thm
a56700ce-cf6d-430d-b769-225352da3ee1,2026-04-13 01:04:47.000,Studie Modules,de_pum
0d5eae59-9b1b-4b43-a86d-9cfa60938b66,2026-04-13 01:04:44.000,Feed,de_hsgh
df9fd998-27ab-4f2a-a2bf-09762eadca38,2026-04-13 01:04:44.000,Generic Links Overview,de_si
7e8c7f8d-ed9d-46fb-a670-a53f8582c798,2026-04-13 01:04:38.000,Study Field Onboarding,de_evhb
ee88eead-110c-43ee-aa27-5e993f0181a0,2026-04-13 01:04:48.000,Schedule Detail,de_hsgh
97a28cf1-d40d-4be8-90af-1fb47271530c,2026-04-13 00:06:12.000,Mail Overview,de_bt
97a28cf1-d40d-4be8-90af-1fb47271530c,2026-04-13 00:52:28.000,Mail Overview,de_bt
97a28cf1-d40d-4be8-90af-1fb47271530c,2026-04-12 23:47:59.000,Mail Overview,de_bt
0864e981-37cb-4fdd-9d60-cb5b4c91a4c3,2026-04-13 01:04:51.000,Mail Detail,de_hsda
321a133b-0c5f-4145-bbcd-8631bbb49bcd,2026-04-13 01:04:50.000,Studie Modules,de_upb
321a133b-0c5f-4145-bbcd-8631bbb49bcd,2026-04-13 01:04:55.000,Campus Detail,de_upb
321a133b-0c5f-4145-bbcd-8631bbb49bcd,2026-04-13 01:04:52.000,Campus,de_upb
0d5eae59-9b1b-4b43-a86d-9cfa60938b66,2026-04-13 01:04:53.000,Feed Detail,de_hsgh
ee88eead-110c-43ee-aa27-5e993f0181a0,2026-04-13 01:04:52.000,Schedule Create,de_hsgh
ee88eead-110c-43ee-aa27-5e993f0181a0,2026-04-13 01:04:50.000,Calendar Day View,de_hsgh
0864e981-37cb-4fdd-9d60-cb5b4c91a4c3,2026-04-13 01:05:02.000,Mail Overview,de_hsda
9514a329-269e-413f-a8d6-003195bef9d2,2026-04-13 01:04:57.000,Generic Links Overview,de_hsfb
de08a4d5-64f2-4632-a985-e7ec5270a644,2026-04-13 01:04:55.000,Study Field Onboarding,de_si
9514a329-269e-413f-a8d6-003195bef9d2,2026-04-13 01:04:55.000,Studie Modules,de_hsfb
321a133b-0c5f-4145-bbcd-8631bbb49bcd,2026-04-13 01:05:05.000,Campus Detail,de_upb
321a133b-0c5f-4145-bbcd-8631bbb49bcd,2026-04-13 01:05:03.000,Campus,de_upb
0d5eae59-9b1b-4b43-a86d-9cfa60938b66,2026-04-13 01:05:00.000,Feed,de_hsgh
ee88eead-110c-43ee-aa27-5e993f0181a0,2026-04-13 01:04:59.000,Calendar Day View,de_hsgh
ee88eead-110c-43ee-aa27-5e993f0181a0,2026-04-13 01:05:08.000,Calendar Day View,de_hsgh
ee88eead-110c-43ee-aa27-5e993f0181a0,2026-04-13 01:05:00.000,Feed,de_hsgh
fb9482df-cbe2-439b-9d63-b51d51b7556b,2026-04-13 01:05:11.000,Mail Overview,de_hsab
0864e981-37cb-4fdd-9d60-cb5b4c91a4c3,2026-04-13 01:05:13.000,Mail Detail,de_hsda
96a31c7f-20fb-4730-8fa5-bf41a7b9c796,2026-04-13 01:05:06.000,External Login Expired,de_tuda
321a133b-0c5f-4145-bbcd-8631bbb49bcd,2026-04-13 01:05:15.000,Campus Detail,de_upb
321a133b-0c5f-4145-bbcd-8631bbb49bcd,2026-04-13 01:05:11.000,Campus,de_upb
fb9482df-cbe2-439b-9d63-b51d51b7556b,2026-04-13 01:05:14.000,Mail Detail,de_hsab
aaf87db8-a403-4acc-9f4e-09078142640f,2026-04-12 18:38:46.000,Studie Modules,de_phlb
f7054c4f-b2b8-4033-806e-72d7ab1cfb5c,2026-04-13 01:05:17.000,Feed,de_ks
f7054c4f-b2b8-4033-806e-72d7ab1cfb5c,2026-04-13 01:05:18.000,Grades Overview,de_ks
73bab599-6084-4efb-bdf9-b1ed265fc3a7,2026-04-13 01:05:22.000,Cafeteria Overview,de_ua
f7054c4f-b2b8-4033-806e-72d7ab1cfb5c,2026-04-13 01:05:15.000,Mail Overview,de_ks
de6cce0c-553f-48f3-a5e5-180851bd4286,2026-04-13 01:05:20.000,Feed Detail,de_ush
016180f9-6544-484d-815c-167840935d9e,2026-04-13 00:34:15.000,Global Ory Login,ch_phz
de6cce0c-553f-48f3-a5e5-180851bd4286,2026-04-13 01:05:22.000,Feed,de_ush
0864e981-37cb-4fdd-9d60-cb5b4c91a4c3,2026-04-13 01:05:20.000,Mail Overview,de_hsda
ec567338-a52c-46f2-8308-e974e206a4cf,2026-04-12 21:33:35.000,Study Field Onboarding,de_fhki
8da289ff-aa35-401b-9a93-2c5bad157bf0,2026-04-13 01:05:14.000,Mail Overview,de_si
8da289ff-aa35-401b-9a93-2c5bad157bf0,2026-04-13 01:05:21.000,Mail Detail,de_si
ff2fc7da-15ca-47b1-ad87-f05c98765fc0,2026-04-13 01:05:23.000,Career Onboarding,de_pum
6454e2b5-dd06-4e79-b44f-f5822368ce28,2026-04-13 01:05:24.000,Studie Modules,de_pum
321a133b-0c5f-4145-bbcd-8631bbb49bcd,2026-04-13 01:05:22.000,Campus,de_upb
6454e2b5-dd06-4e79-b44f-f5822368ce28,2026-04-13 01:05:25.000,Authenticator,de_pum
321a133b-0c5f-4145-bbcd-8631bbb49bcd,2026-04-13 01:05:25.000,Campus Detail,de_upb
c9ac1a60-7203-490b-bac2-07a3c683b77f,2026-04-13 01:05:27.000,Mail Overview,de_tuda
0d5eae59-9b1b-4b43-a86d-9cfa60938b66,2026-04-13 01:05:19.000,Feed Detail,de_hsgh
7fda18fe-c89c-4ac7-bdb2-a6f16ee72e2b,2026-04-13 01:05:19.000,External Login Expired,de_hm
8a3bdbda-c805-4ef9-87c7-1d064bc84a62,2026-04-12 22:59:18.000,Mail Overview,de_eufb
8a3bdbda-c805-4ef9-87c7-1d064bc84a62,2026-04-12 22:59:17.000,Studie Modules,de_eufb
ee88eead-110c-43ee-aa27-5e993f0181a0,2026-04-13 01:05:30.000,Support Chat,de_hsgh
73bab599-6084-4efb-bdf9-b1ed265fc3a7,2026-04-13 01:05:23.000,Cafeteria Detail,de_ua
f7054c4f-b2b8-4033-806e-72d7ab1cfb5c,2026-04-13 01:05:32.000,Grades Overview,de_ks
f7054c4f-b2b8-4033-806e-72d7ab1cfb5c,2026-04-13 01:05:29.000,Grades Detail,de_ks
ff2fc7da-15ca-47b1-ad87-f05c98765fc0,2026-04-13 01:05:28.000,Authenticator,de_pum
fb9482df-cbe2-439b-9d63-b51d51b7556b,2026-04-13 01:05:36.000,Mail Overview,de_hsab
ff2fc7da-15ca-47b1-ad87-f05c98765fc0,2026-04-13 01:05:27.000,Studie Modules,de_pum
ff2fc7da-15ca-47b1-ad87-f05c98765fc0,2026-04-13 01:05:26.000,Feed,de_pum
321a133b-0c5f-4145-bbcd-8631bbb49bcd,2026-04-13 01:05:29.000,Campus Detail,de_upb
321a133b-0c5f-4145-bbcd-8631bbb49bcd,2026-04-13 01:05:37.000,Campus,de_upb
321a133b-0c5f-4145-bbcd-8631bbb49bcd,2026-04-13 01:05:27.000,Campus,de_upb
554b76cc-34d5-4c1d-a4b6-2ddd7207df7e,2026-04-12 18:50:22.000,Feed,de_thm
321a133b-0c5f-4145-bbcd-8631bbb49bcd,2026-04-13 01:05:32.000,Campus,de_upb
321a133b-0c5f-4145-bbcd-8631bbb49bcd,2026-04-13 01:05:34.000,Campus Detail,de_upb
c9ac1a60-7203-490b-bac2-07a3c683b77f,2026-04-13 01:05:32.000,Mail Detail,de_tuda
334545e3-14cf-4995-9a5f-7fc7b1f6a4fb,2026-04-13 01:05:38.000,Mail Detail,de_hm
0d5eae59-9b1b-4b43-a86d-9cfa60938b66,2026-04-13 01:05:36.000,Feed Detail,de_hsgh
334545e3-14cf-4995-9a5f-7fc7b1f6a4fb,2026-04-13 01:05:39.000,Mail Overview,de_hm
0d5eae59-9b1b-4b43-a86d-9cfa60938b66,2026-04-13 01:05:31.000,Feed,de_hsgh
f9c0eeb3-bbce-4138-980b-8dd81e66f7dd,2026-04-12 22:28:21.000,Mail Overview,de_hm
f9c0eeb3-bbce-4138-980b-8dd81e66f7dd,2026-04-12 22:28:20.000,Studie Modules,de_hm
f9c0eeb3-bbce-4138-980b-8dd81e66f7dd,2026-04-12 22:28:26.000,Feed,de_hm
f9c0eeb3-bbce-4138-980b-8dd81e66f7dd,2026-04-12 22:28:25.000,Studie Modules,de_hm
ee88eead-110c-43ee-aa27-5e993f0181a0,2026-04-13 01:05:32.000,Calendar Day View,de_hsgh
f7054c4f-b2b8-4033-806e-72d7ab1cfb5c,2026-04-13 01:05:37.000,Grades Detail,de_ks
f7054c4f-b2b8-4033-806e-72d7ab1cfb5c,2026-04-13 01:05:40.000,Grades Overview,de_ks
f7054c4f-b2b8-4033-806e-72d7ab1cfb5c,2026-04-13 01:05:38.000,Grades Overview,de_ks
f7054c4f-b2b8-4033-806e-72d7ab1cfb5c,2026-04-13 01:05:39.000,Grades Detail,de_ks
10f4cee6-1935-49d7-96e0-82c24ad220b5,2026-04-13 01:05:35.000,Studie Modules,de_hsbo
10f4cee6-1935-49d7-96e0-82c24ad220b5,2026-04-13 01:05:42.000,Mail Detail,de_hsbo
10f4cee6-1935-49d7-96e0-82c24ad220b5,2026-04-13 01:05:34.000,Feed,de_hsbo
10f4cee6-1935-49d7-96e0-82c24ad220b5,2026-04-13 01:05:36.000,Mail Overview,de_hsbo
10f4cee6-1935-49d7-96e0-82c24ad220b5,2026-04-13 01:05:44.000,Mail Overview,de_hsbo
fb9482df-cbe2-439b-9d63-b51d51b7556b,2026-04-13 01:05:43.000,Mail Detail,de_hsab
321a133b-0c5f-4145-bbcd-8631bbb49bcd,2026-04-13 01:05:43.000,Campus,de_upb
321a133b-0c5f-4145-bbcd-8631bbb49bcd,2026-04-13 01:05:47.000,Campus,de_upb
321a133b-0c5f-4145-bbcd-8631bbb49bcd,2026-04-13 01:05:39.000,Campus Detail,de_upb
321a133b-0c5f-4145-bbcd-8631bbb49bcd,2026-04-13 01:05:46.000,Campus Detail,de_upb
0d5eae59-9b1b-4b43-a86d-9cfa60938b66,2026-04-13 01:05:44.000,Feed,de_hsgh
d069326a-7280-4fe1-bafe-6e9c877121f6,2026-04-13 01:05:47.000,Studie Modules,de_pum
d069326a-7280-4fe1-bafe-6e9c877121f6,2026-04-13 01:05:48.000,Mail Overview,de_pum
321a133b-0c5f-4145-bbcd-8631bbb49bcd,2026-04-13 01:05:51.000,Campus Detail,de_upb
321a133b-0c5f-4145-bbcd-8631bbb49bcd,2026-04-13 01:05:56.000,Campus,de_upb
321a133b-0c5f-4145-bbcd-8631bbb49bcd,2026-04-13 01:05:49.000,Campus Detail,de_upb
321a133b-0c5f-4145-bbcd-8631bbb49bcd,2026-04-13 01:05:50.000,Campus,de_upb
0d5eae59-9b1b-4b43-a86d-9cfa60938b66,2026-04-13 01:05:50.000,Feed Detail,de_hsgh
0d5eae59-9b1b-4b43-a86d-9cfa60938b66,2026-04-13 01:05:58.000,Feed,de_hsgh
fb9482df-cbe2-439b-9d63-b51d51b7556b,2026-04-13 01:05:58.000,Mail Overview,de_hsab
9d5e9705-3771-44b4-82a0-38d0d7c10214,2026-04-12 17:27:10.000,Studie Modules,de_pum
9d5e9705-3771-44b4-82a0-38d0d7c10214,2026-04-12 17:26:51.000,Studie Modules,de_pum
9d5e9705-3771-44b4-82a0-38d0d7c10214,2026-04-12 17:27:12.000,Feed,de_pum
1912c7d6-c746-4dd6-964c-e219af133ef8,2026-04-12 09:08:50.000,Career Onboarding,de_pum
9d5e9705-3771-44b4-82a0-38d0d7c10214,2026-04-12 17:26:52.000,wallet,de_pum
7b7f398e-3d3c-407c-86ea-ae1485df97fd,2026-04-12 22:30:25.000,Mail Overview,de_hm
321a133b-0c5f-4145-bbcd-8631bbb49bcd,2026-04-13 01:06:04.000,Campus,de_upb
321a133b-0c5f-4145-bbcd-8631bbb49bcd,2026-04-13 01:06:00.000,Campus Detail,de_upb
fb9482df-cbe2-439b-9d63-b51d51b7556b,2026-04-13 01:06:05.000,Mail Overview,de_hsab
fb9482df-cbe2-439b-9d63-b51d51b7556b,2026-04-13 01:06:03.000,Mail Detail,de_hsab
5eae5917-1b53-4a98-9a7f-f40f93349327,2026-04-12 22:24:05.000,Studie Modules,de_upb
321a133b-0c5f-4145-bbcd-8631bbb49bcd,2026-04-13 01:06:17.000,Campus Detail,de_upb
321a133b-0c5f-4145-bbcd-8631bbb49bcd,2026-04-13 01:06:15.000,Campus,de_upb
321a133b-0c5f-4145-bbcd-8631bbb49bcd,2026-04-13 01:06:08.000,Campus Detail,de_upb
321a133b-0c5f-4145-bbcd-8631bbb49bcd,2026-04-13 01:06:12.000,Campus Detail,de_upb
321a133b-0c5f-4145-bbcd-8631bbb49bcd,2026-04-13 01:06:10.000,Campus,de_upb
fb9482df-cbe2-439b-9d63-b51d51b7556b,2026-04-13 01:06:10.000,Mail Detail,de_hsab
f0e4ecb6-3c2b-4636-ab5c-d87401b0770d,2026-04-13 01:06:18.000,Setup Loading,""
f0e4ecb6-3c2b-4636-ab5c-d87401b0770d,2026-04-13 01:06:14.000,Setup University Selection,""
f0e4ecb6-3c2b-4636-ab5c-d87401b0770d,2026-04-13 01:06:20.000,Feed,""
0864e981-37cb-4fdd-9d60-cb5b4c91a4c3,2026-04-13 01:06:12.000,Mail Detail,de_hsda
0864e981-37cb-4fdd-9d60-cb5b4c91a4c3,2026-04-13 01:06:15.000,Mail Overview,de_hsda
f0e4ecb6-3c2b-4636-ab5c-d87401b0770d,2026-04-13 01:06:20.000,Settings Loading,de_hsrm
df9fd998-27ab-4f2a-a2bf-09762eadca38,2026-04-13 01:06:25.000,Studie Modules,de_si
0d5eae59-9b1b-4b43-a86d-9cfa60938b66,2026-04-13 01:06:25.000,Feed Detail,de_hsgh
321a133b-0c5f-4145-bbcd-8631bbb49bcd,2026-04-13 01:06:19.000,Campus,de_upb
321a133b-0c5f-4145-bbcd-8631bbb49bcd,2026-04-13 01:06:28.000,Campus,de_upb
321a133b-0c5f-4145-bbcd-8631bbb49bcd,2026-04-13 01:06:22.000,Campus Detail,de_upb
fb9482df-cbe2-439b-9d63-b51d51b7556b,2026-04-13 01:06:22.000,Mail Overview,de_hsab
fb9482df-cbe2-439b-9d63-b51d51b7556b,2026-04-13 01:06:23.000,Mail Detail,de_hsab
fb9482df-cbe2-439b-9d63-b51d51b7556b,2026-04-13 01:06:28.000,Mail Overview,de_hsab
d069326a-7280-4fe1-bafe-6e9c877121f6,2026-04-13 01:06:33.000,Mail Detail,de_pum
f0e4ecb6-3c2b-4636-ab5c-d87401b0770d,2026-04-13 01:06:24.000,Settings Overview,de_hsrm
36a420a8-87e3-477f-befd-664c64de1be9,2026-04-12 21:36:53.000,Studie Modules,de_tuda
f0e4ecb6-3c2b-4636-ab5c-d87401b0770d,2026-04-13 01:06:27.000,Settings Accounts,de_hsrm
f0e4ecb6-3c2b-4636-ab5c-d87401b0770d,2026-04-13 01:06:28.000,Uninow Account Login,de_hsrm
df9fd998-27ab-4f2a-a2bf-09762eadca38,2026-04-13 01:06:27.000,Generic Links Overview,de_si
321a133b-0c5f-4145-bbcd-8631bbb49bcd,2026-04-13 01:06:36.000,Generic Links Overview,de_upb
321a133b-0c5f-4145-bbcd-8631bbb49bcd,2026-04-13 01:06:33.000,Studie Modules,de_upb
fb9482df-cbe2-439b-9d63-b51d51b7556b,2026-04-13 01:06:37.000,Mail Overview,de_hsab
fb9482df-cbe2-439b-9d63-b51d51b7556b,2026-04-13 01:06:32.000,Mail Detail,de_hsab
eca01bf8-a4c1-4ac5-adc8-5eae7daf4e64,2026-04-13 01:06:32.000,Mail Detail,de_tuda
321a133b-0c5f-4145-bbcd-8631bbb49bcd,2026-04-13 01:06:46.000,Studie Modules,de_upb
321a133b-0c5f-4145-bbcd-8631bbb49bcd,2026-04-13 01:06:48.000,Radio,de_upb
321a133b-0c5f-4145-bbcd-8631bbb49bcd,2026-04-13 01:06:40.000,Studie Modules,de_upb
321a133b-0c5f-4145-bbcd-8631bbb49bcd,2026-04-13 01:06:44.000,Todo,de_upb
fb9482df-cbe2-439b-9d63-b51d51b7556b,2026-04-13 01:06:41.000,Mail Detail,de_hsab
d069326a-7280-4fe1-bafe-6e9c877121f6,2026-04-13 01:06:48.000,Mail Overview,de_pum
fb9482df-cbe2-439b-9d63-b51d51b7556b,2026-04-13 01:06:43.000,Mail Overview,de_hsab
fb9482df-cbe2-439b-9d63-b51d51b7556b,2026-04-13 01:06:48.000,Studie Modules,de_hsab
69b2edb0-fca2-4617-8dfb-c292fde84ba8,2026-04-12 23:49:11.000,Feed,de_si
69b2edb0-fca2-4617-8dfb-c292fde84ba8,2026-04-12 23:48:24.000,Feed,de_si
69b2edb0-fca2-4617-8dfb-c292fde84ba8,2026-04-12 23:47:36.000,Calendar Day View,de_si
69b2edb0-fca2-4617-8dfb-c292fde84ba8,2026-04-12 23:47:35.000,Calendar Week View,de_si
69b2edb0-fca2-4617-8dfb-c292fde84ba8,2026-04-12 23:47:42.000,Schedule Login,de_si
69b2edb0-fca2-4617-8dfb-c292fde84ba8,2026-04-12 23:47:30.000,Calendar Day View,de_si
69b2edb0-fca2-4617-8dfb-c292fde84ba8,2026-04-12 23:49:09.000,Cafeteria Overview,de_si
69b2edb0-fca2-4617-8dfb-c292fde84ba8,2026-04-12 23:48:05.000,Calendar Day View,de_si
69b2edb0-fca2-4617-8dfb-c292fde84ba8,2026-04-12 23:48:29.000,wallet,de_si
df9fd998-27ab-4f2a-a2bf-09762eadca38,2026-04-13 01:06:50.000,Studie Modules,de_si
69b2edb0-fca2-4617-8dfb-c292fde84ba8,2026-04-12 23:48:03.000,Schedule Permission,de_si
69b2edb0-fca2-4617-8dfb-c292fde84ba8,2026-04-12 23:49:07.000,Cafeteria Filter,de_si
69b2edb0-fca2-4617-8dfb-c292fde84ba8,2026-04-12 23:48:46.000,Feed,de_si
69b2edb0-fca2-4617-8dfb-c292fde84ba8,2026-04-12 23:48:48.000,Cafeteria Overview,de_si
69b2edb0-fca2-4617-8dfb-c292fde84ba8,2026-04-12 23:50:44.000,Feed,de_si
69b2edb0-fca2-4617-8dfb-c292fde84ba8,2026-04-12 23:50:42.000,Schedule Detail,de_si
69b2edb0-fca2-4617-8dfb-c292fde84ba8,2026-04-12 23:49:46.000,Feed,de_si
69b2edb0-fca2-4617-8dfb-c292fde84ba8,2026-04-12 23:50:40.000,Feed,de_si
69b2edb0-fca2-4617-8dfb-c292fde84ba8,2026-04-12 23:49:29.000,Cafeteria Overview,de_si
69b2edb0-fca2-4617-8dfb-c292fde84ba8,2026-04-12 23:50:38.000,wallet,de_si
69b2edb0-fca2-4617-8dfb-c292fde84ba8,2026-04-12 23:50:31.000,wallet,de_si
69b2edb0-fca2-4617-8dfb-c292fde84ba8,2026-04-12 23:50:36.000,Feed,de_si
69b2edb0-fca2-4617-8dfb-c292fde84ba8,2026-04-12 23:49:26.000,Feed,de_si
69b2edb0-fca2-4617-8dfb-c292fde84ba8,2026-04-12 23:49:49.000,Wallet Select Image,de_si
69b2edb0-fca2-4617-8dfb-c292fde84ba8,2026-04-12 23:49:28.000,Feed,de_si
69b2edb0-fca2-4617-8dfb-c292fde84ba8,2026-04-12 23:49:34.000,Feed,de_si
69b2edb0-fca2-4617-8dfb-c292fde84ba8,2026-04-12 23:49:23.000,Calendar Day View,de_si
69b2edb0-fca2-4617-8dfb-c292fde84ba8,2026-04-12 23:49:36.000,Mail Overview,de_si
69b2edb0-fca2-4617-8dfb-c292fde84ba8,2026-04-12 23:49:47.000,wallet,de_si
69b2edb0-fca2-4617-8dfb-c292fde84ba8,2026-04-12 23:49:27.000,Calendar Day View,de_si
40d0350f-8b0f-460e-9170-bd04f3b3f351,2026-04-12 20:06:08.000,Mail Overview,de_ovgu
eca01bf8-a4c1-4ac5-adc8-5eae7daf4e64,2026-04-13 01:06:54.000,Mail Overview,de_tuda
157a63b2-288b-42c1-bcd5-0d5e6c4e6565,2026-04-13 01:06:58.000,Feed Shortcuts List,de_si
33a86896-01f7-443a-857d-6d3237b9c556,2026-04-12 11:29:06.000,Studie Modules,de_ul
fb9482df-cbe2-439b-9d63-b51d51b7556b,2026-04-13 01:06:52.000,Links,de_hsab
451f0a21-4cd2-49ac-99e1-e4596faadcb2,2026-04-12 16:17:54.000,wallet,de_tuda
df9fd998-27ab-4f2a-a2bf-09762eadca38,2026-04-13 01:06:52.000,Generic Links Overview,de_si
ba11f7f8-2425-4cc0-a4b5-4cccf420008b,2026-04-13 01:06:53.000,Study Field Onboarding,de_si
321a133b-0c5f-4145-bbcd-8631bbb49bcd,2026-04-13 01:07:07.000,Calendar Day View,de_upb
321a133b-0c5f-4145-bbcd-8631bbb49bcd,2026-04-13 01:07:02.000,Studie Modules,de_upb
2d96332a-efce-4cf3-9cd8-2cf29bc8f6cd,2026-04-12 23:59:25.000,Studie Modules,de_hsm
2d96332a-efce-4cf3-9cd8-2cf29bc8f6cd,2026-04-12 23:59:25.000,Feed,de_hsm
91529ab8-1493-4c24-85d6-5144a4cb6de3,2026-04-13 00:37:13.000,External Login Expired,de_hsda
37993512-1a25-4ab0-b776-86fb5d86b9f0,2026-04-13 01:07:15.000,Mail Overview,de_ush
b008e4ba-dee7-43c3-8dd7-09fd4ee7b46c,2026-04-13 00:02:29.000,Mail Overview,de_ubi
321a133b-0c5f-4145-bbcd-8631bbb49bcd,2026-04-13 01:07:13.000,Settings Overview,de_upb
321a133b-0c5f-4145-bbcd-8631bbb49bcd,2026-04-13 01:07:13.000,Studie Modules,de_upb
321a133b-0c5f-4145-bbcd-8631bbb49bcd,2026-04-13 01:07:11.000,Grid Menu Modal,de_upb
321a133b-0c5f-4145-bbcd-8631bbb49bcd,2026-04-13 01:07:10.000,Studie Modules,de_upb
df9fd998-27ab-4f2a-a2bf-09762eadca38,2026-04-13 01:07:22.000,Studie Modules,de_si
ac7472dd-c0f3-4c51-9d3d-d4a4c1f1bd92,2026-04-13 01:07:12.000,Studie Modules,de_jlug
ac7472dd-c0f3-4c51-9d3d-d4a4c1f1bd92,2026-04-13 01:07:13.000,Calendar Day View,de_jlug
ac7472dd-c0f3-4c51-9d3d-d4a4c1f1bd92,2026-04-13 01:07:19.000,Schedule Detail,de_jlug
4ae4c53a-952e-44da-8d61-29015e468aa6,2026-04-12 22:35:23.000,Studie Modules,de_thm
f0e4ecb6-3c2b-4636-ab5c-d87401b0770d,2026-04-13 01:07:25.000,Settings Accounts,de_hsrm
5fe33589-459a-4bc9-a3e1-96063795f9b6,2026-04-11 13:33:31.000,Mail Detail,de_fhki
5fe33589-459a-4bc9-a3e1-96063795f9b6,2026-04-11 13:33:29.000,Mail Overview,de_fhki
5fe33589-459a-4bc9-a3e1-96063795f9b6,2026-04-11 13:33:33.000,Mail Overview,de_fhki
157a63b2-288b-42c1-bcd5-0d5e6c4e6565,2026-04-13 01:07:21.000,Todo,de_si
321a133b-0c5f-4145-bbcd-8631bbb49bcd,2026-04-13 01:07:20.000,Feed,de_upb
157a63b2-288b-42c1-bcd5-0d5e6c4e6565,2026-04-13 01:07:26.000,Calendar Week View,de_si
157a63b2-288b-42c1-bcd5-0d5e6c4e6565,2026-04-13 01:07:23.000,Feed,de_si
157a63b2-288b-42c1-bcd5-0d5e6c4e6565,2026-04-13 01:07:28.000,Feed,de_si
7b310cd5-33a9-449d-bb5c-0ba180f2ce79,2026-04-13 00:07:15.000,Mail Overview,de_hsko
df9fd998-27ab-4f2a-a2bf-09762eadca38,2026-04-13 01:07:23.000,Generic Links Overview,de_si
4eef96aa-f91a-4aed-8384-f2de2c09e17f,2026-04-13 00:55:35.000,External Login Expired,de_tuda
97806d77-32d2-4853-be59-7b5819ac7c6b,2026-04-12 21:38:08.000,Mail Overview,de_pum
f0e4ecb6-3c2b-4636-ab5c-d87401b0770d,2026-04-13 01:07:28.000,Uninow Account Informations Modal,de_hsrm
97806d77-32d2-4853-be59-7b5819ac7c6b,2026-04-12 22:21:23.000,Studie Modules,de_pum
97806d77-32d2-4853-be59-7b5819ac7c6b,2026-04-12 22:21:43.000,Mail Overview,de_pum
97806d77-32d2-4853-be59-7b5819ac7c6b,2026-04-12 22:21:39.000,Mail Detail,de_pum
97806d77-32d2-4853-be59-7b5819ac7c6b,2026-04-12 22:21:24.000,Mail Overview,de_pum
5fe33589-459a-4bc9-a3e1-96063795f9b6,2026-04-13 01:07:28.000,Mail Overview,de_fhki
5fe33589-459a-4bc9-a3e1-96063795f9b6,2026-04-13 01:07:30.000,Mail Detail,de_fhki
157a63b2-288b-42c1-bcd5-0d5e6c4e6565,2026-04-13 01:07:31.000,Feed,de_si
5fe33589-459a-4bc9-a3e1-96063795f9b6,2026-04-13 01:07:36.000,Mail Overview,de_fhki
157a63b2-288b-42c1-bcd5-0d5e6c4e6565,2026-04-13 01:07:29.000,Schedule Create,de_si
157a63b2-288b-42c1-bcd5-0d5e6c4e6565,2026-04-13 01:07:38.000,Mail Overview,de_si
321a133b-0c5f-4145-bbcd-8631bbb49bcd,2026-04-13 01:07:32.000,wallet,de_upb
94c99aba-9d8d-40b1-abc3-42cc7af15ea2,2026-04-12 18:33:23.000,Studie Modules,de_pum
df9fd998-27ab-4f2a-a2bf-09762eadca38,2026-04-13 01:07:33.000,Generic Links Overview,de_si
df9fd998-27ab-4f2a-a2bf-09762eadca38,2026-04-13 01:07:32.000,Studie Modules,de_si
94c99aba-9d8d-40b1-abc3-42cc7af15ea2,2026-04-13 01:07:39.000,Studie Modules,de_pum
94c99aba-9d8d-40b1-abc3-42cc7af15ea2,2026-04-12 18:33:27.000,Mail Overview,de_pum
94c99aba-9d8d-40b1-abc3-42cc7af15ea2,2026-04-13 01:07:39.000,Mail Overview,de_pum
94c99aba-9d8d-40b1-abc3-42cc7af15ea2,2026-04-12 18:33:24.000,Mail Overview,de_pum
94c99aba-9d8d-40b1-abc3-42cc7af15ea2,2026-04-12 18:33:26.000,Studie Modules,de_pum
f0e4ecb6-3c2b-4636-ab5c-d87401b0770d,2026-04-13 01:07:42.000,Settings Accounts,de_hsrm
d32ef395-2c50-4dc0-9919-4cc4a9e04e10,2026-04-12 13:46:18.000,Mail Overview,de_wum_wiwi
ea19d0ba-c59b-47d8-a2de-abf54239c62f,2026-04-13 01:07:36.000,Mail Overview,de_ush
f0e4ecb6-3c2b-4636-ab5c-d87401b0770d,2026-04-13 01:07:43.000,Uninow Account Informations Modal,de_hsrm
ea19d0ba-c59b-47d8-a2de-abf54239c62f,2026-04-13 01:07:34.000,Studie Modules,de_ush
d32ef395-2c50-4dc0-9919-4cc4a9e04e10,2026-04-12 18:05:34.000,Mail Overview,de_wum_wiwi
d32ef395-2c50-4dc0-9919-4cc4a9e04e10,2026-04-12 13:46:20.000,Feed,de_wum_wiwi
ea19d0ba-c59b-47d8-a2de-abf54239c62f,2026-04-13 01:07:39.000,Mail Detail,de_ush
ea19d0ba-c59b-47d8-a2de-abf54239c62f,2026-04-13 01:07:43.000,Mail Overview,de_ush
7b892829-b0bf-482b-be8f-6a52e1b1a75e,2026-04-12 21:22:36.000,Feed,de_tum
7b892829-b0bf-482b-be8f-6a52e1b1a75e,2026-04-12 21:22:37.000,Studie Modules,de_tum
5ac938ce-136b-4648-82c8-d7b6510e3195,2026-04-13 00:48:18.000,Studie Modules,de_phw
768097e8-4417-4910-ab89-c31f972f4fb2,2026-04-13 01:07:53.000,Mail Overview,de_thm
768097e8-4417-4910-ab89-c31f972f4fb2,2026-04-13 01:07:52.000,Feed,de_thm
cfc20283-7de9-4899-9bf8-acb2a62c63c0,2026-04-13 01:07:58.000,Studie Modules,de_jlug
ea19d0ba-c59b-47d8-a2de-abf54239c62f,2026-04-13 01:07:59.000,Mail Detail,de_ush
d38c39b7-a500-4f66-b7d8-26e316c5ea22,2026-04-13 01:07:53.000,Schedule Detail,de_ush
38018e5c-9dd5-4b04-9218-b12f434c2063,2026-04-13 01:08:02.000,Studie Modules,de_jlug
ae13b751-6f35-45b1-ae28-fce56b2452fa,2026-04-13 00:52:58.000,Mail Overview,de_bt
ae13b751-6f35-45b1-ae28-fce56b2452fa,2026-04-13 00:52:57.000,Studie Modules,de_bt
1c7e8c6e-b5cd-4247-97d3-6df887534c00,2026-04-12 23:23:06.000,Studie Modules,de_dhbws
1c7e8c6e-b5cd-4247-97d3-6df887534c00,2026-04-12 23:23:09.000,Feed,de_dhbws
0ebe5d96-68bc-4216-a937-e5a6e8268aa0,2026-04-12 08:39:12.000,Mail Overview,de_hsge
d38c39b7-a500-4f66-b7d8-26e316c5ea22,2026-04-13 01:08:05.000,Calendar Day View,de_ush
69c82cb1-cc22-422d-9243-5936bf3ed350,2026-04-12 16:16:38.000,Mail Overview,de_ovgu
38018e5c-9dd5-4b04-9218-b12f434c2063,2026-04-13 01:08:04.000,Mail Overview,de_jlug
b0329a5f-49b9-428c-9cd8-fdb6be6856fa,2026-04-12 21:53:33.000,Mail Overview,de_si
b0329a5f-49b9-428c-9cd8-fdb6be6856fa,2026-04-12 21:53:32.000,Studie Modules,de_si
208ac063-2e4d-4158-9a26-bf27f896402b,2026-04-12 23:03:09.000,Studie Modules,de_ks
b45bdccf-ecf4-42aa-8ccf-583dd3da2769,2026-04-13 01:08:14.000,Mail Overview,de_hsfd
208ac063-2e4d-4158-9a26-bf27f896402b,2026-04-12 23:03:09.000,Mail Overview,de_ks
0beddc3f-bff0-4fa8-a8e6-a97575ea2434,2026-04-12 20:48:40.000,Studie Modules,de_fhwo
0beddc3f-bff0-4fa8-a8e6-a97575ea2434,2026-04-12 20:48:42.000,Mail Overview,de_fhwo
0beddc3f-bff0-4fa8-a8e6-a97575ea2434,2026-04-12 20:48:43.000,Mail Detail,de_fhwo
f0e4ecb6-3c2b-4636-ab5c-d87401b0770d,2026-04-13 01:07:47.000,Settings Accounts,de_hsrm
f0e4ecb6-3c2b-4636-ab5c-d87401b0770d,2026-04-13 01:08:18.000,Uninow Account Login,de_hsrm
d38c39b7-a500-4f66-b7d8-26e316c5ea22,2026-04-13 01:08:22.000,Schedule Detail,de_ush
b45bdccf-ecf4-42aa-8ccf-583dd3da2769,2026-04-13 01:08:17.000,Mail Detail,de_hsfd
b8d352e2-1886-4ac5-9858-95ff6521fabd,2026-04-12 21:04:21.000,Global Ory Login,ch_phz
48d42d27-c45b-4d09-97ca-50da2890c8a8,2026-04-13 00:47:42.000,Studie Modules,de_jlug
99689469-f2a5-467e-946a-263d40161839,2026-04-13 01:08:21.000,Calendar Day View,de_hslu
99689469-f2a5-467e-946a-263d40161839,2026-04-13 01:08:26.000,Schedule Detail,de_hslu
99689469-f2a5-467e-946a-263d40161839,2026-04-13 01:08:23.000,Schedule Detail,de_hslu
99689469-f2a5-467e-946a-263d40161839,2026-04-13 01:08:25.000,Calendar Day View,de_hslu
38018e5c-9dd5-4b04-9218-b12f434c2063,2026-04-13 01:08:30.000,Mail Detail,de_jlug
fb9482df-cbe2-439b-9d63-b51d51b7556b,2026-04-13 01:08:31.000,Studie Modules,de_hsab
d38c39b7-a500-4f66-b7d8-26e316c5ea22,2026-04-13 01:08:25.000,Calendar Day View,de_ush
054e3315-e7bd-4204-981f-08ef473c6f1e,2026-04-13 01:08:30.000,Studie Modules,de_jlug
b45bdccf-ecf4-42aa-8ccf-583dd3da2769,2026-04-13 01:08:32.000,Feed,de_hsfd
b45bdccf-ecf4-42aa-8ccf-583dd3da2769,2026-04-13 01:08:34.000,Calendar Day View,de_hsfd
b45bdccf-ecf4-42aa-8ccf-583dd3da2769,2026-04-13 01:08:31.000,Mail Overview,de_hsfd
48d42d27-c45b-4d09-97ca-50da2890c8a8,2026-04-13 01:08:38.000,Generic Links Overview,de_jlug
48d42d27-c45b-4d09-97ca-50da2890c8a8,2026-04-13 01:08:30.000,Generic Links Overview,de_jlug
48d42d27-c45b-4d09-97ca-50da2890c8a8,2026-04-13 01:08:37.000,Studie Modules,de_jlug
99689469-f2a5-467e-946a-263d40161839,2026-04-13 01:08:37.000,Schedule Detail,de_hslu
99689469-f2a5-467e-946a-263d40161839,2026-04-13 01:08:40.000,Calendar Day View,de_hslu
99689469-f2a5-467e-946a-263d40161839,2026-04-13 01:08:37.000,Calendar Day View,de_hslu
fb9482df-cbe2-439b-9d63-b51d51b7556b,2026-04-13 01:08:32.000,Links,de_hsab
fb9482df-cbe2-439b-9d63-b51d51b7556b,2026-04-13 01:08:33.000,Studie Modules,de_hsab
38018e5c-9dd5-4b04-9218-b12f434c2063,2026-04-13 01:08:38.000,Mail Detail,de_jlug
fb9482df-cbe2-439b-9d63-b51d51b7556b,2026-04-13 01:08:34.000,Mail Overview,de_hsab
38018e5c-9dd5-4b04-9218-b12f434c2063,2026-04-13 01:08:31.000,Mail Overview,de_jlug
d069326a-7280-4fe1-bafe-6e9c877121f6,2026-04-13 01:08:38.000,Mail Detail,de_pum
b45bdccf-ecf4-42aa-8ccf-583dd3da2769,2026-04-13 01:08:46.000,Calendar Day View,de_hsfd
b45bdccf-ecf4-42aa-8ccf-583dd3da2769,2026-04-13 01:08:37.000,Schedule Detail,de_hsfd
b08dd050-6679-4977-b3d7-facc0847eb37,2026-04-13 00:02:54.000,Mail Overview,de_hsm
054e3315-e7bd-4204-981f-08ef473c6f1e,2026-04-13 01:08:48.000,Generic Links Overview,de_jlug
b08dd050-6679-4977-b3d7-facc0847eb37,2026-04-13 00:02:53.000,Studie Modules,de_hsm
99689469-f2a5-467e-946a-263d40161839,2026-04-13 01:08:40.000,Schedule Detail,de_hslu
99689469-f2a5-467e-946a-263d40161839,2026-04-13 01:08:43.000,Calendar Day View,de_hslu
b9cae51e-0def-4d17-a9ae-9c71cf42c365,2026-04-13 01:08:43.000,Mail Overview,de_jlug
b9cae51e-0def-4d17-a9ae-9c71cf42c365,2026-04-13 01:08:43.000,Calendar Day View,de_jlug
b9cae51e-0def-4d17-a9ae-9c71cf42c365,2026-04-13 01:08:48.000,Schedule Detail,de_jlug
d069326a-7280-4fe1-bafe-6e9c877121f6,2026-04-13 01:08:51.000,Mail Detail,de_pum
d069326a-7280-4fe1-bafe-6e9c877121f6,2026-04-13 01:08:49.000,Mail Overview,de_pum
c7588a45-d5f3-4b5b-8b6b-e99457810348,2026-04-12 20:48:07.000,Study Field Onboarding,de_fhki
f732d659-47e5-47d0-a04a-57c38d95c772,2026-04-12 09:26:38.000,Mail Overview,de_upb
f732d659-47e5-47d0-a04a-57c38d95c772,2026-04-12 09:26:37.000,Studie Modules,de_upb
71d13529-f922-436b-bcc3-788a4992760a,2026-04-13 01:08:57.000,Schedule Detail,de_hsfd
017fe87b-14eb-4827-b986-a4b97ed14499,2026-04-12 15:41:42.000,Studie Modules,de_ush
017fe87b-14eb-4827-b986-a4b97ed14499,2026-04-12 15:41:43.000,Grades Overview,de_ush
f0e4ecb6-3c2b-4636-ab5c-d87401b0770d,2026-04-13 01:08:59.000,Uninow Account Forgot Password,de_hsrm
99689469-f2a5-467e-946a-263d40161839,2026-04-13 01:08:52.000,Schedule Detail,de_hslu
99689469-f2a5-467e-946a-263d40161839,2026-04-13 01:08:58.000,Calendar Day View,de_hslu
48d42d27-c45b-4d09-97ca-50da2890c8a8,2026-04-13 01:09:01.000,Studie Modules,de_jlug
8efa7180-c9e8-4fa8-a063-2f64c7daed2f,2026-04-11 22:42:37.000,Grades Detail,de_phlb
8efa7180-c9e8-4fa8-a063-2f64c7daed2f,2026-04-12 00:06:39.000,Studie Modules,de_phlb
8efa7180-c9e8-4fa8-a063-2f64c7daed2f,2026-04-11 22:42:40.000,Grades Overview,de_phlb
8efa7180-c9e8-4fa8-a063-2f64c7daed2f,2026-04-12 00:06:40.000,Grades Overview,de_phlb
d069326a-7280-4fe1-bafe-6e9c877121f6,2026-04-13 01:09:00.000,Mail Overview,de_pum
d069326a-7280-4fe1-bafe-6e9c877121f6,2026-04-13 01:09:03.000,Mail Detail,de_pum
1eebb685-c035-4a7f-9212-0b7d0ad9519a,2026-04-12 23:34:07.000,Mail Overview,de_dhbws
1eebb685-c035-4a7f-9212-0b7d0ad9519a,2026-04-12 19:59:36.000,Feed,de_dhbws
eeaa8b8e-bab4-4a29-852f-a07832e6deed,2026-04-13 01:09:00.000,Calendar Week View,de_ef
eeaa8b8e-bab4-4a29-852f-a07832e6deed,2026-04-13 01:08:58.000,Studie Modules,de_ef
b0b87b5f-abe2-464a-b72c-197dfcc70719,2026-04-13 01:09:01.000,Mail Overview,de_hspf
b0b87b5f-abe2-464a-b72c-197dfcc70719,2026-04-13 00:09:39.000,Mail Overview,de_hspf
b0b87b5f-abe2-464a-b72c-197dfcc70719,2026-04-13 01:09:00.000,Studie Modules,de_hspf
b0b87b5f-abe2-464a-b72c-197dfcc70719,2026-04-13 00:09:38.000,Studie Modules,de_hspf
42d75281-eb65-4bbd-b1eb-e72a0472025e,2026-04-13 01:08:56.000,Study Field Onboarding,de_uff
71d13529-f922-436b-bcc3-788a4992760a,2026-04-13 01:09:02.000,Feed,de_hsfd
95a88ea2-761f-4a7d-90ed-7566ccd5d104,2026-04-13 01:08:59.000,Calendar Day View,de_si
99689469-f2a5-467e-946a-263d40161839,2026-04-13 01:09:03.000,Schedule Detail,de_hslu
f0e4ecb6-3c2b-4636-ab5c-d87401b0770d,2026-04-13 01:09:06.000,Uninow Account Forgot Password,de_hsrm
f0e4ecb6-3c2b-4636-ab5c-d87401b0770d,2026-04-13 01:09:01.000,Uninow Account Login,de_hsrm
f0e4ecb6-3c2b-4636-ab5c-d87401b0770d,2026-04-13 01:09:10.000,Uninow Account Login,de_hsrm
fb9482df-cbe2-439b-9d63-b51d51b7556b,2026-04-13 01:09:09.000,Mail Detail,de_hsab
321a133b-0c5f-4145-bbcd-8631bbb49bcd,2026-04-13 01:09:08.000,Studie Modules,de_upb
321a133b-0c5f-4145-bbcd-8631bbb49bcd,2026-04-13 01:09:09.000,Radio,de_upb
eeaa8b8e-bab4-4a29-852f-a07832e6deed,2026-04-13 01:09:15.000,Schedule Detail,de_ef
b86387f2-daec-4c27-bd23-bb71608d8811,2026-04-13 01:09:07.000,Studie Modules,de_pum
b86387f2-daec-4c27-bd23-bb71608d8811,2026-04-13 01:09:08.000,Authenticator,de_pum
95a88ea2-761f-4a7d-90ed-7566ccd5d104,2026-04-13 01:09:11.000,Schedule Login,de_si
fb9482df-cbe2-439b-9d63-b51d51b7556b,2026-04-13 01:09:16.000,Mail Overview,de_hsab
fb9482df-cbe2-439b-9d63-b51d51b7556b,2026-04-13 01:09:19.000,Studie Modules,de_hsab
3027c502-564c-4b34-9e67-90ca24ad69bc,2026-04-12 21:29:05.000,Mail Overview,de_si
eeaa8b8e-bab4-4a29-852f-a07832e6deed,2026-04-13 01:09:26.000,Calendar Week View,de_ef
eeaa8b8e-bab4-4a29-852f-a07832e6deed,2026-04-13 01:09:16.000,Schedule Modify,de_ef
e8a6ec9b-acfa-4843-b80a-ceba06aed5fb,2026-04-13 01:00:40.000,Mail Overview,de_hmb
ba307d79-1148-453c-b5b4-2f7e6a5c947c,2026-04-13 01:09:21.000,Studie Modules,de_aml
e8a6ec9b-acfa-4843-b80a-ceba06aed5fb,2026-04-12 22:22:38.000,Studie Modules,de_hmb
e8a6ec9b-acfa-4843-b80a-ceba06aed5fb,2026-04-13 01:00:39.000,Studie Modules,de_hmb
ba307d79-1148-453c-b5b4-2f7e6a5c947c,2026-04-13 01:09:25.000,Mail Detail,de_aml
ba307d79-1148-453c-b5b4-2f7e6a5c947c,2026-04-13 01:09:17.000,Career Onboarding,de_aml
fada3d72-1c57-4a55-b269-a02853f85358,2026-04-13 01:09:17.000,Global Ory Login,de_hszg
ba307d79-1148-453c-b5b4-2f7e6a5c947c,2026-04-13 01:09:22.000,Mail Overview,de_aml
ba307d79-1148-453c-b5b4-2f7e6a5c947c,2026-04-11 08:52:16.000,Mail Overview,de_aml
ba307d79-1148-453c-b5b4-2f7e6a5c947c,2026-04-13 01:09:20.000,Feed,de_aml
5bfcc13e-e468-4baf-bed4-4f181d253dca,2026-04-13 01:09:24.000,Authenticator,de_pum
5bfcc13e-e468-4baf-bed4-4f181d253dca,2026-04-13 01:09:22.000,Studie Modules,de_pum
fb9482df-cbe2-439b-9d63-b51d51b7556b,2026-04-13 01:09:27.000,Links,de_hsab
fb9482df-cbe2-439b-9d63-b51d51b7556b,2026-04-13 01:09:26.000,Studie Modules,de_hsab
fb9482df-cbe2-439b-9d63-b51d51b7556b,2026-04-13 01:09:25.000,Calendar Day View,de_hsab
15efe9f8-7432-41b9-9cd7-2396f7ecc2d9,2026-04-13 00:27:50.000,Settings Overview,de_upb
15efe9f8-7432-41b9-9cd7-2396f7ecc2d9,2026-04-13 00:27:52.000,Change Role External Login,de_upb
15efe9f8-7432-41b9-9cd7-2396f7ecc2d9,2026-04-13 00:27:56.000,Settings Overview,de_upb
43e39401-0f95-488d-aef1-8c14b9792694,2026-04-12 16:42:54.000,Studie Modules,de_si
31bd6cf1-0e7d-47bf-8c01-9583137a6f5d,2026-04-13 00:08:02.000,Global Ory Login,de_hszg
ba307d79-1148-453c-b5b4-2f7e6a5c947c,2026-04-13 01:09:42.000,Mail Overview,de_aml
099fb56b-496e-453e-99bf-24f1e18af023,2026-04-12 10:00:44.000,Studie Modules,de_pum
d4d9ca4d-327f-4e81-8fff-c81a378b0e64,2026-04-13 01:09:43.000,Feed,de_ua
d4d9ca4d-327f-4e81-8fff-c81a378b0e64,2026-04-13 01:09:37.000,Mail Overview,de_ua
7137d009-3ff1-42a9-94e5-5464149bdccd,2026-04-13 01:09:39.000,Mail Overview,de_hslu
7251bed4-4d7b-4214-ae65-a823f49ad3f0,2026-04-12 20:41:46.000,Mail Overview,de_pum
e28df3d8-655d-4422-ba2d-fcdfca6d524e,2026-04-13 01:09:45.000,Studie Modules,de_hslu
7251bed4-4d7b-4214-ae65-a823f49ad3f0,2026-04-12 20:42:35.000,Studie Modules,de_pum
e28df3d8-655d-4422-ba2d-fcdfca6d524e,2026-04-13 01:09:42.000,Mail Overview,de_hslu
7251bed4-4d7b-4214-ae65-a823f49ad3f0,2026-04-12 20:40:49.000,Studie Modules,de_pum
7251bed4-4d7b-4214-ae65-a823f49ad3f0,2026-04-12 20:42:34.000,Mail Overview,de_pum
7251bed4-4d7b-4214-ae65-a823f49ad3f0,2026-04-12 20:42:36.000,Feed,de_pum
e28df3d8-655d-4422-ba2d-fcdfca6d524e,2026-04-13 01:09:48.000,Calendar Week View,de_hslu
7251bed4-4d7b-4214-ae65-a823f49ad3f0,2026-04-12 20:40:46.000,Studie Modules,de_pum
e28df3d8-655d-4422-ba2d-fcdfca6d524e,2026-04-13 01:09:40.000,Studie Modules,de_hslu
7251bed4-4d7b-4214-ae65-a823f49ad3f0,2026-04-12 20:40:51.000,Authenticator,de_pum
7251bed4-4d7b-4214-ae65-a823f49ad3f0,2026-04-12 20:41:48.000,Mail Detail,de_pum
e28df3d8-655d-4422-ba2d-fcdfca6d524e,2026-04-13 01:09:46.000,Calendar Day View,de_hslu
7251bed4-4d7b-4214-ae65-a823f49ad3f0,2026-04-12 20:41:44.000,Studie Modules,de_pum
7251bed4-4d7b-4214-ae65-a823f49ad3f0,2026-04-12 20:40:47.000,Mail Overview,de_pum
ba307d79-1148-453c-b5b4-2f7e6a5c947c,2026-04-13 01:09:46.000,Mail Detail,de_aml
7137d009-3ff1-42a9-94e5-5464149bdccd,2026-04-13 01:09:54.000,Mail Overview,de_hslu
7137d009-3ff1-42a9-94e5-5464149bdccd,2026-04-13 01:09:52.000,Feed,de_hslu
855dd9df-0454-48e6-8943-5440c3252007,2026-04-13 01:09:48.000,Studie Modules,de_pum
855dd9df-0454-48e6-8943-5440c3252007,2026-04-13 01:09:56.000,Generic Links Overview,de_pum
ed7cc3ee-6c8e-46e1-9fbd-b68809b2ba8a,2026-04-13 01:09:49.000,Studie Modules,de_pum
855dd9df-0454-48e6-8943-5440c3252007,2026-04-13 01:09:52.000,Studie Modules,de_pum
ed7cc3ee-6c8e-46e1-9fbd-b68809b2ba8a,2026-04-13 01:09:50.000,Authenticator,de_pum
855dd9df-0454-48e6-8943-5440c3252007,2026-04-13 01:09:49.000,Authenticator,de_pum
7251bed4-4d7b-4214-ae65-a823f49ad3f0,2026-04-13 01:09:50.000,Studie Modules,de_pum
7251bed4-4d7b-4214-ae65-a823f49ad3f0,2026-04-13 01:09:54.000,Mail Detail,de_pum
7251bed4-4d7b-4214-ae65-a823f49ad3f0,2026-04-13 01:09:51.000,Mail Overview,de_pum
e28df3d8-655d-4422-ba2d-fcdfca6d524e,2026-04-13 01:09:58.000,Calendar Week View,de_hslu
e28df3d8-655d-4422-ba2d-fcdfca6d524e,2026-04-13 01:09:54.000,Calendar Day View,de_hslu
3171fbe7-cbb3-482f-a0eb-b396e2fd79de,2026-04-13 01:09:59.000,Authenticator,de_tuda
3171fbe7-cbb3-482f-a0eb-b396e2fd79de,2026-04-01 23:42:53.000,Studie Modules,de_tuda
3171fbe7-cbb3-482f-a0eb-b396e2fd79de,2026-04-13 01:09:57.000,Studie Modules,de_tuda
78f6a6f1-62df-4fc6-b2e3-c0e47fd1db3b,2026-04-13 01:08:35.000,Study Field Onboarding,de_fhki
78f6a6f1-62df-4fc6-b2e3-c0e47fd1db3b,2026-04-12 09:16:58.000,Study Field Onboarding,de_fhki
78f6a6f1-62df-4fc6-b2e3-c0e47fd1db3b,2026-04-12 09:47:40.000,Study Field Onboarding,de_fhki
133b8d4a-18f5-4070-a229-e6f3217de783,2026-04-13 01:09:51.000,Study Field Onboarding,de_hsge
054e3315-e7bd-4204-981f-08ef473c6f1e,2026-04-13 01:10:03.000,Studie Modules,de_jlug
c04294f0-304d-4f3e-afee-43dc45f430b4,2026-04-13 01:09:56.000,Feed,de_tuda
2b6dff29-273a-45aa-a69a-efad3d479bc0,2026-04-13 01:10:03.000,Mail Overview,de_evhb
e1550484-2369-46f7-867e-26cf0fd4571b,2026-04-12 19:39:27.000,Studie Modules,de_thm
e1550484-2369-46f7-867e-26cf0fd4571b,2026-04-12 19:39:28.000,Mail Overview,de_thm
bb63aea1-6b48-4d37-996c-3aeb6d461f62,2026-04-12 21:43:48.000,Mail Overview,de_upb
bb63aea1-6b48-4d37-996c-3aeb6d461f62,2026-04-12 21:43:48.000,Studie Modules,de_upb
fa275e11-f336-4c43-a5a2-42ed4f792a66,2026-04-13 01:10:01.000,Studie Modules,de_hsko
fa275e11-f336-4c43-a5a2-42ed4f792a66,2026-04-13 01:10:01.000,Mail Overview,de_hsko
90321025-7b16-40fa-ac3c-da53961cec0f,2026-04-13 00:15:39.000,Mail Overview,de_fhpo
90321025-7b16-40fa-ac3c-da53961cec0f,2026-04-13 00:16:06.000,Career Main,de_fhpo
90321025-7b16-40fa-ac3c-da53961cec0f,2026-04-13 01:10:09.000,Mail Overview,de_fhpo
054e3315-e7bd-4204-981f-08ef473c6f1e,2026-04-13 01:10:04.000,Generic Links Overview,de_jlug
cac0abd2-6fa7-4b48-a270-bd7f59567c24,2026-04-13 01:10:10.000,Calendar Day View,de_ovgu
b228575b-47a0-498c-a21a-cc8af442f302,2026-04-13 01:10:04.000,Studie Modules,de_tuda
b228575b-47a0-498c-a21a-cc8af442f302,2026-04-13 01:10:05.000,Mail Overview,de_tuda
70f9f9a9-fde0-4e5a-9341-c48f0de8afc2,2026-04-13 01:10:03.000,Study Field Onboarding,de_hsge
7137d009-3ff1-42a9-94e5-5464149bdccd,2026-04-13 01:10:15.000,Mail Detail,de_hslu
fa275e11-f336-4c43-a5a2-42ed4f792a66,2026-04-13 01:10:13.000,Mail Detail,de_hsko
fa275e11-f336-4c43-a5a2-42ed4f792a66,2026-04-13 01:10:10.000,Mail Overview,de_hsko
fa275e11-f336-4c43-a5a2-42ed4f792a66,2026-04-13 01:10:09.000,Mail Detail,de_hsko
fa275e11-f336-4c43-a5a2-42ed4f792a66,2026-04-13 01:10:16.000,Mail Overview,de_hsko
8f8a35a3-92f4-4e9d-be59-ea52d6b0c330,2026-04-12 23:55:45.000,Mail Overview,de_tuda
95a88ea2-761f-4a7d-90ed-7566ccd5d104,2026-04-13 01:10:15.000,Schedule Permission,de_si
95a88ea2-761f-4a7d-90ed-7566ccd5d104,2026-04-13 01:10:20.000,Calendar Day View,de_si
b412236c-c1e1-45f8-a002-ebfc5a96c936,2026-04-13 01:10:12.000,Mail Overview,de_pum
b412236c-c1e1-45f8-a002-ebfc5a96c936,2026-04-12 16:03:34.000,Mail Overview,de_pum
b412236c-c1e1-45f8-a002-ebfc5a96c936,2026-04-13 01:10:11.000,Studie Modules,de_pum
c04294f0-304d-4f3e-afee-43dc45f430b4,2026-04-13 01:10:24.000,Studie Modules,de_tuda
7137d009-3ff1-42a9-94e5-5464149bdccd,2026-04-13 01:10:20.000,Mail Write,de_hslu
fa275e11-f336-4c43-a5a2-42ed4f792a66,2026-04-13 01:10:19.000,Mail Detail,de_hsko
fa275e11-f336-4c43-a5a2-42ed4f792a66,2026-04-13 01:10:27.000,Mail Overview,de_hsko
c04294f0-304d-4f3e-afee-43dc45f430b4,2026-04-13 01:10:30.000,Campus,de_tuda
855dd9df-0454-48e6-8943-5440c3252007,2026-04-13 01:10:34.000,Studie Modules,de_pum
98ed5e11-82ea-4b97-b81e-3616c20d5d4c,2026-04-13 01:10:25.000,Studie Modules,de_jlug
6334888a-e684-4341-afd7-757aecc1c8be,2026-04-12 11:23:34.000,Feed Detail,de_pum
98ed5e11-82ea-4b97-b81e-3616c20d5d4c,2026-04-13 01:10:28.000,Generic Links Overview,de_jlug
3a92b5a7-3112-4149-8798-d628463dabf9,2026-04-12 23:02:40.000,Mail Overview,de_ush
fa275e11-f336-4c43-a5a2-42ed4f792a66,2026-04-13 01:10:34.000,Mail Overview,de_hsko
fa275e11-f336-4c43-a5a2-42ed4f792a66,2026-04-13 01:10:30.000,Mail Detail,de_hsko
8da289ff-aa35-401b-9a93-2c5bad157bf0,2026-04-13 01:10:36.000,Mail Overview,de_si
855dd9df-0454-48e6-8943-5440c3252007,2026-04-13 01:10:38.000,Schedule Setup,de_pum
855dd9df-0454-48e6-8943-5440c3252007,2026-04-13 01:10:41.000,Calendar Day View,de_pum
d4a137b2-e2f4-4240-9262-ac20ff6717ae,2026-04-12 20:16:17.000,Mail Overview,de_jlug
d4a137b2-e2f4-4240-9262-ac20ff6717ae,2026-04-12 20:16:17.000,Studie Modules,de_jlug
d4d9ca4d-327f-4e81-8fff-c81a378b0e64,2026-04-13 01:10:48.000,Mail Overview,de_ua
fa275e11-f336-4c43-a5a2-42ed4f792a66,2026-04-13 01:10:50.000,Mail Detail,de_hsko
b228575b-47a0-498c-a21a-cc8af442f302,2026-04-13 01:10:19.000,Mail Detail,de_tuda
8da289ff-aa35-401b-9a93-2c5bad157bf0,2026-04-13 01:10:48.000,Mail Detail,de_si
bf39d2c3-a102-4951-bda1-7dc13ed4d9f0,2026-04-13 01:10:45.000,Studie Modules,de_pum
bf39d2c3-a102-4951-bda1-7dc13ed4d9f0,2026-04-13 01:10:50.000,Cafeteria Detail,de_pum
bf39d2c3-a102-4951-bda1-7dc13ed4d9f0,2026-04-13 01:10:46.000,Mail Overview,de_pum
bf39d2c3-a102-4951-bda1-7dc13ed4d9f0,2026-04-13 01:10:48.000,Feed,de_pum
bf39d2c3-a102-4951-bda1-7dc13ed4d9f0,2026-04-13 01:10:48.000,Studie Modules,de_pum
855dd9df-0454-48e6-8943-5440c3252007,2026-04-13 01:10:48.000,Schedule Login,de_pum
6da74a08-65b8-4128-861f-9e859ba77c2f,2026-04-13 01:10:49.000,Calendar Week View,de_hslu
6da74a08-65b8-4128-861f-9e859ba77c2f,2026-04-13 01:10:47.000,Calendar Day View,de_hslu
d4d9ca4d-327f-4e81-8fff-c81a378b0e64,2026-04-13 01:10:50.000,Cafeteria Overview,de_ua
d4d9ca4d-327f-4e81-8fff-c81a378b0e64,2026-04-13 01:10:49.000,Feed,de_ua
f0e4ecb6-3c2b-4636-ab5c-d87401b0770d,2026-04-13 01:10:53.000,Uninow Account Register,de_hsrm
bf39d2c3-a102-4951-bda1-7dc13ed4d9f0,2026-04-13 01:11:04.000,Feed,de_pum
d4ff8018-7635-4f33-9ace-25f070c426ae,2026-04-13 01:10:59.000,Feed,de_ovgu
d4ff8018-7635-4f33-9ace-25f070c426ae,2026-04-13 01:11:00.000,Studie Modules,de_ovgu
d4ff8018-7635-4f33-9ace-25f070c426ae,2026-04-13 01:11:01.000,Mail Overview,de_ovgu
c9b4c32f-ae45-40d1-910c-c69e48e0ca05,2026-04-13 01:11:01.000,Calendar Day View,de_fhms
fa275e11-f336-4c43-a5a2-42ed4f792a66,2026-04-13 01:11:05.000,Mail Overview,de_hsko
bf39d2c3-a102-4951-bda1-7dc13ed4d9f0,2026-04-13 01:11:13.000,Calendar Week View,de_pum
bf39d2c3-a102-4951-bda1-7dc13ed4d9f0,2026-04-13 01:11:07.000,Cafeteria Overview,de_pum
bf39d2c3-a102-4951-bda1-7dc13ed4d9f0,2026-04-13 01:11:10.000,Feed,de_pum
fa275e11-f336-4c43-a5a2-42ed4f792a66,2026-04-13 01:11:16.000,Mail Overview,de_hsko
fa275e11-f336-4c43-a5a2-42ed4f792a66,2026-04-13 01:11:07.000,Mail Detail,de_hsko
fa275e11-f336-4c43-a5a2-42ed4f792a66,2026-04-13 01:11:15.000,Mail Detail,de_hsko
fa275e11-f336-4c43-a5a2-42ed4f792a66,2026-04-13 01:11:13.000,Mail Detail,de_hsko
fa275e11-f336-4c43-a5a2-42ed4f792a66,2026-04-13 01:11:15.000,Mail Overview,de_hsko
fa275e11-f336-4c43-a5a2-42ed4f792a66,2026-04-13 01:11:10.000,Mail Overview,de_hsko
e3d1f9af-b657-4deb-ba61-ed2782dfdaf4,2026-04-13 01:11:14.000,Mail Overview,de_hsm
d97ef66a-3094-4399-9ab7-4eadcc79cc26,2026-04-12 22:47:07.000,Studie Modules,de_pum
d97ef66a-3094-4399-9ab7-4eadcc79cc26,2026-04-13 01:10:54.000,Studie Modules,de_pum
d97ef66a-3094-4399-9ab7-4eadcc79cc26,2026-04-13 01:10:55.000,Mail Overview,de_pum
d97ef66a-3094-4399-9ab7-4eadcc79cc26,2026-04-12 22:47:08.000,Authenticator,de_pum
d97ef66a-3094-4399-9ab7-4eadcc79cc26,2026-04-13 01:10:58.000,Studie Modules,de_pum
d97ef66a-3094-4399-9ab7-4eadcc79cc26,2026-04-13 01:10:59.000,Authenticator,de_pum
d46ffd67-e578-4f5b-9067-b093abba8d12,2026-04-13 00:18:19.000,Games Overview,de_thm
d46ffd67-e578-4f5b-9067-b093abba8d12,2026-04-13 00:18:21.000,Generic Links Overview,de_thm
d46ffd67-e578-4f5b-9067-b093abba8d12,2026-04-13 00:18:20.000,Studie Modules,de_thm
fa275e11-f336-4c43-a5a2-42ed4f792a66,2026-04-13 01:11:17.000,Mail Detail,de_hsko
84133ac6-8f77-4e54-930e-a454c38e3787,2026-04-12 21:33:47.000,Studie Modules,de_phlb
84133ac6-8f77-4e54-930e-a454c38e3787,2026-04-13 01:11:18.000,Mail Overview,de_phlb
84133ac6-8f77-4e54-930e-a454c38e3787,2026-04-12 21:33:48.000,Mail Overview,de_phlb
84133ac6-8f77-4e54-930e-a454c38e3787,2026-04-13 01:11:17.000,Studie Modules,de_phlb
bf39d2c3-a102-4951-bda1-7dc13ed4d9f0,2026-04-13 01:11:22.000,Career Onboarding,de_pum
bf39d2c3-a102-4951-bda1-7dc13ed4d9f0,2026-04-13 01:11:23.000,Feed,de_pum
bf39d2c3-a102-4951-bda1-7dc13ed4d9f0,2026-04-13 01:11:28.000,Generic Links Overview,de_pum
bf39d2c3-a102-4951-bda1-7dc13ed4d9f0,2026-04-13 01:11:24.000,Studie Modules,de_pum
f0e4ecb6-3c2b-4636-ab5c-d87401b0770d,2026-04-13 01:11:31.000,Settings Overview,de_hsrm
855dd9df-0454-48e6-8943-5440c3252007,2026-04-13 01:11:32.000,Schedule Permission,de_pum
5d2e056e-0a82-425d-af67-7e0ef3bbdee2,2026-04-13 01:11:34.000,Feed,de_tucl
5d2e056e-0a82-425d-af67-7e0ef3bbdee2,2026-04-13 01:11:29.000,Grades Overview,de_tucl
b89b8d70-6350-4125-ae9d-cef111d9970e,2026-04-13 01:11:37.000,Mail Detail,de_tuda
b89b8d70-6350-4125-ae9d-cef111d9970e,2026-04-13 01:11:34.000,Mail Overview,de_tuda
f0e4ecb6-3c2b-4636-ab5c-d87401b0770d,2026-04-13 01:11:42.000,Feed,de_hsrm
f0e4ecb6-3c2b-4636-ab5c-d87401b0770d,2026-04-13 01:11:41.000,Settings Loading,de_hsrm
19ec4198-3a9f-4db8-93bc-bde71af99b28,2026-04-13 01:11:37.000,Feed,de_si
19ec4198-3a9f-4db8-93bc-bde71af99b28,2026-04-13 01:11:34.000,Cafeteria Detail,de_si
f0e4ecb6-3c2b-4636-ab5c-d87401b0770d,2026-04-13 01:11:37.000,Settings Uni Profile Selection,de_hsrm
19ec4198-3a9f-4db8-93bc-bde71af99b28,2026-04-13 01:11:38.000,Cafeteria Selection,de_si
855dd9df-0454-48e6-8943-5440c3252007,2026-04-13 01:11:40.000,Calendar Day View,de_pum
c04294f0-304d-4f3e-afee-43dc45f430b4,2026-04-13 01:11:40.000,Campus Detail,de_tuda
bf39d2c3-a102-4951-bda1-7dc13ed4d9f0,2026-04-13 01:11:47.000,Studie Modules,de_pum
6c347b58-f37b-4308-a637-d6bc49da6a7a,2026-04-12 20:39:26.000,Mail Overview,de_jmu
6c347b58-f37b-4308-a637-d6bc49da6a7a,2026-04-12 20:39:25.000,Studie Modules,de_jmu
19ec4198-3a9f-4db8-93bc-bde71af99b28,2026-04-13 01:11:49.000,Feed,de_si
f0e4ecb6-3c2b-4636-ab5c-d87401b0770d,2026-04-13 01:11:45.000,Feed,de_hsrm
f0e4ecb6-3c2b-4636-ab5c-d87401b0770d,2026-04-13 01:11:48.000,Settings Overview,de_hsrm
f0e4ecb6-3c2b-4636-ab5c-d87401b0770d,2026-04-13 01:11:51.000,Settings Overview,de_hsrm
f0e4ecb6-3c2b-4636-ab5c-d87401b0770d,2026-04-13 01:11:43.000,Settings Loading,de_hsrm
f0e4ecb6-3c2b-4636-ab5c-d87401b0770d,2026-04-13 01:11:49.000,Studie Modules,de_hsrm
0e855b2b-f104-4920-8442-b74a1449c563,2026-04-12 19:53:43.000,Mail Overview,de_thm
f9588044-356f-4117-afd5-f6688dd11057,2026-04-12 22:51:35.000,Mail Overview,de_hspf
855dd9df-0454-48e6-8943-5440c3252007,2026-04-13 01:11:58.000,Studie Modules,de_pum
9e6b840f-b692-46ee-a4ee-c80f0109034b,2026-04-13 01:11:50.000,Feed,de_hnee
9e6b840f-b692-46ee-a4ee-c80f0109034b,2026-04-13 01:11:54.000,Schedule Overview,de_hnee
cf63324b-e962-4832-996b-77db68ffa3b8,2026-04-12 16:32:05.000,Feed Detail,de_hsfd
19ec4198-3a9f-4db8-93bc-bde71af99b28,2026-04-13 01:11:53.000,Feed Detail,de_si
19ec4198-3a9f-4db8-93bc-bde71af99b28,2026-04-13 01:12:01.000,Feed,de_si
f0e4ecb6-3c2b-4636-ab5c-d87401b0770d,2026-04-13 01:11:55.000,Feed,de_hsrm
f0e4ecb6-3c2b-4636-ab5c-d87401b0770d,2026-04-13 01:12:00.000,Settings Overview,de_hsrm
d97ef66a-3094-4399-9ab7-4eadcc79cc26,2026-04-13 01:11:54.000,Studie Modules,de_pum
d97ef66a-3094-4399-9ab7-4eadcc79cc26,2026-04-13 01:11:58.000,Generic Links Overview,de_pum
d97ef66a-3094-4399-9ab7-4eadcc79cc26,2026-04-13 01:11:59.000,Authenticator,de_pum
d97ef66a-3094-4399-9ab7-4eadcc79cc26,2026-04-13 01:11:55.000,Generic Links Overview,de_pum
d97ef66a-3094-4399-9ab7-4eadcc79cc26,2026-04-13 01:11:57.000,Studie Modules,de_pum
d97ef66a-3094-4399-9ab7-4eadcc79cc26,2026-04-13 01:11:59.000,Studie Modules,de_pum
855dd9df-0454-48e6-8943-5440c3252007,2026-04-13 01:12:02.000,Calendar Day View,de_pum
5da4a916-42ec-4c84-913a-339cc845d14b,2026-04-12 21:06:17.000,Mail Overview,de_pum
5da4a916-42ec-4c84-913a-339cc845d14b,2026-04-12 21:06:21.000,Mail Overview,de_pum
5da4a916-42ec-4c84-913a-339cc845d14b,2026-04-12 21:06:23.000,Mail Overview,de_pum
5da4a916-42ec-4c84-913a-339cc845d14b,2026-04-12 21:06:18.000,Mail Detail,de_pum
5da4a916-42ec-4c84-913a-339cc845d14b,2026-04-12 21:06:16.000,Studie Modules,de_pum
5da4a916-42ec-4c84-913a-339cc845d14b,2026-04-12 21:06:21.000,Mail Detail,de_pum
f0e4ecb6-3c2b-4636-ab5c-d87401b0770d,2026-04-13 01:12:05.000,Settings Uni Profile Selection,de_hsrm
f0e4ecb6-3c2b-4636-ab5c-d87401b0770d,2026-04-13 01:12:11.000,Feed,de_hsrm
f0e4ecb6-3c2b-4636-ab5c-d87401b0770d,2026-04-13 01:12:10.000,Settings Loading,de_hsrm
f0e4ecb6-3c2b-4636-ab5c-d87401b0770d,2026-04-13 01:12:11.000,Settings Loading,de_hsrm
cd2e26d5-e054-47a3-a8c6-147a6abaa584,2026-04-13 01:12:05.000,Generic Links Overview,de_ua
cd2e26d5-e054-47a3-a8c6-147a6abaa584,2026-04-13 01:12:04.000,Studie Modules,de_ua
95a88ea2-761f-4a7d-90ed-7566ccd5d104,2026-04-13 01:12:16.000,Schedule Detail,de_si
7137d009-3ff1-42a9-94e5-5464149bdccd,2026-04-13 01:12:14.000,Mail Detail,de_hslu
a066566a-10aa-47c7-967c-018c6a19c903,2026-04-08 08:26:04.000,Mail Overview,de_tuda
a066566a-10aa-47c7-967c-018c6a19c903,2026-04-08 08:27:03.000,Mail Overview,de_tuda
374ed137-d64d-443a-bc4f-f143ef56b12a,2026-04-13 01:12:13.000,Setup Loading,""
a066566a-10aa-47c7-967c-018c6a19c903,2026-04-08 08:25:49.000,Mail Overview,de_tuda
a066566a-10aa-47c7-967c-018c6a19c903,2026-04-08 08:26:25.000,Mail Detail,de_tuda
e3d1f9af-b657-4deb-ba61-ed2782dfdaf4,2026-04-13 01:12:08.000,Mail Detail,de_hsm
a066566a-10aa-47c7-967c-018c6a19c903,2026-04-08 08:25:42.000,Mail Overview,de_tuda
a066566a-10aa-47c7-967c-018c6a19c903,2026-04-08 08:26:03.000,Studie Modules,de_tuda
374ed137-d64d-443a-bc4f-f143ef56b12a,2026-04-13 01:12:14.000,Feed,""
a066566a-10aa-47c7-967c-018c6a19c903,2026-04-08 08:26:29.000,Mail Overview,de_tuda
e3d1f9af-b657-4deb-ba61-ed2782dfdaf4,2026-04-13 01:12:16.000,Mail Overview,de_hsm
a066566a-10aa-47c7-967c-018c6a19c903,2026-04-08 08:25:47.000,Mail Detail,de_tuda
a066566a-10aa-47c7-967c-018c6a19c903,2026-04-08 08:25:39.000,Studie Modules,de_tuda
a066566a-10aa-47c7-967c-018c6a19c903,2026-04-08 08:26:58.000,Mail Detail,de_tuda
374ed137-d64d-443a-bc4f-f143ef56b12a,2026-04-13 01:12:13.000,Setup Study Field Selection,""
87e355f3-21ae-4118-9c2e-d89221fa308f,2026-04-12 16:23:34.000,Calendar Week View,de_upb
f0e4ecb6-3c2b-4636-ab5c-d87401b0770d,2026-04-13 01:12:17.000,Feed,de_hsrm
f0e4ecb6-3c2b-4636-ab5c-d87401b0770d,2026-04-13 01:12:21.000,Feed Shortcuts List,de_hsrm
f0e4ecb6-3c2b-4636-ab5c-d87401b0770d,2026-04-13 01:12:13.000,Feed,de_hsrm
f0e4ecb6-3c2b-4636-ab5c-d87401b0770d,2026-04-13 01:12:15.000,Career Onboarding,de_hsrm
a066566a-10aa-47c7-967c-018c6a19c903,2026-04-08 08:27:13.000,Mail Overview,de_tuda
a066566a-10aa-47c7-967c-018c6a19c903,2026-04-08 08:27:14.000,Studie Modules,de_tuda
374ed137-d64d-443a-bc4f-f143ef56b12a,2026-04-13 01:12:23.000,Settings Loading,de_pum
a066566a-10aa-47c7-967c-018c6a19c903,2026-04-08 08:27:11.000,Mail Detail,de_tuda
a066566a-10aa-47c7-967c-018c6a19c903,2026-04-08 08:27:15.000,Mail Overview,de_tuda
374ed137-d64d-443a-bc4f-f143ef56b12a,2026-04-13 01:12:26.000,Authenticator,de_pum
f0e4ecb6-3c2b-4636-ab5c-d87401b0770d,2026-04-13 01:12:29.000,Studie Modules,de_hsrm
f0e4ecb6-3c2b-4636-ab5c-d87401b0770d,2026-04-13 01:12:27.000,Feed,de_hsrm
53e219a3-114d-42a9-8662-faa18439a85e,2026-04-13 01:12:28.000,Studie Modules,de_ks
53e219a3-114d-42a9-8662-faa18439a85e,2026-04-13 01:12:29.000,Mail Overview,de_ks
98ed5e11-82ea-4b97-b81e-3616c20d5d4c,2026-04-13 01:12:35.000,Studie Modules,de_jlug
a066566a-10aa-47c7-967c-018c6a19c903,2026-04-13 01:12:33.000,Mail Overview,de_tuda
374ed137-d64d-443a-bc4f-f143ef56b12a,2026-04-13 01:12:34.000,Settings Pincode,de_pum
a066566a-10aa-47c7-967c-018c6a19c903,2026-04-13 01:12:31.000,Studie Modules,de_tuda
cb565b2c-d7c4-4b5c-a621-eb42ac8391f4,2026-04-13 01:12:38.000,Mail Detail,de_pum
eeb22fbf-de3a-4e78-b128-8eb048169d22,2026-04-13 01:12:34.000,Feed,de_tuda
eeb22fbf-de3a-4e78-b128-8eb048169d22,2026-04-13 01:12:34.000,Feed Detail,de_tuda
19ec4198-3a9f-4db8-93bc-bde71af99b28,2026-04-13 01:12:39.000,wallet,de_si
19ec4198-3a9f-4db8-93bc-bde71af99b28,2026-04-13 01:12:37.000,Studie Modules,de_si
eeb22fbf-de3a-4e78-b128-8eb048169d22,2026-04-13 01:12:33.000,Feed Detail,de_tuda
eeb22fbf-de3a-4e78-b128-8eb048169d22,2026-04-13 01:12:36.000,Feed,de_tuda
eeb22fbf-de3a-4e78-b128-8eb048169d22,2026-04-13 01:12:36.000,Studie Modules,de_tuda
eeb22fbf-de3a-4e78-b128-8eb048169d22,2026-04-13 01:12:38.000,Authenticator,de_tuda
f0e4ecb6-3c2b-4636-ab5c-d87401b0770d,2026-04-13 01:12:42.000,Studie Modules,de_hsrm
f0e4ecb6-3c2b-4636-ab5c-d87401b0770d,2026-04-13 01:12:40.000,Studie Modules,de_hsrm
f0e4ecb6-3c2b-4636-ab5c-d87401b0770d,2026-04-13 01:12:42.000,Grid Modify,de_hsrm
f0e4ecb6-3c2b-4636-ab5c-d87401b0770d,2026-04-13 01:12:39.000,Grid Menu Modal,de_hsrm
f0e4ecb6-3c2b-4636-ab5c-d87401b0770d,2026-04-13 01:12:37.000,Todo,de_hsrm
f0e4ecb6-3c2b-4636-ab5c-d87401b0770d,2026-04-13 01:12:42.000,Grid Menu Modal,de_hsrm
f0e4ecb6-3c2b-4636-ab5c-d87401b0770d,2026-04-13 01:12:39.000,Studie Modules,de_hsrm
855dd9df-0454-48e6-8943-5440c3252007,2026-04-13 01:12:44.000,Studie Modules,de_pum
71918f6a-2394-4c13-b8ed-c2cda084348b,2026-04-13 01:12:43.000,Studie Modules,de_ks
e28df3d8-655d-4422-ba2d-fcdfca6d524e,2026-04-13 01:12:42.000,Schedule Detail,de_hslu
87e355f3-21ae-4118-9c2e-d89221fa308f,2026-04-13 01:12:35.000,Feed,de_upb
87e355f3-21ae-4118-9c2e-d89221fa308f,2026-04-13 01:12:42.000,Mail Detail,de_upb
87e355f3-21ae-4118-9c2e-d89221fa308f,2026-04-13 01:12:36.000,Mail Overview,de_upb
98ed5e11-82ea-4b97-b81e-3616c20d5d4c,2026-04-13 01:12:39.000,Generic Links Overview,de_jlug
a066566a-10aa-47c7-967c-018c6a19c903,2026-04-13 01:12:46.000,Mail Detail,de_tuda
a066566a-10aa-47c7-967c-018c6a19c903,2026-04-13 01:12:40.000,Mail Detail,de_tuda
a066566a-10aa-47c7-967c-018c6a19c903,2026-04-13 01:12:46.000,Mail Overview,de_tuda
a066566a-10aa-47c7-967c-018c6a19c903,2026-04-13 01:12:43.000,Mail Detail,de_tuda
374ed137-d64d-443a-bc4f-f143ef56b12a,2026-04-13 01:12:48.000,Authenticator,de_pum
a066566a-10aa-47c7-967c-018c6a19c903,2026-04-13 01:12:43.000,Mail Overview,de_tuda
cb565b2c-d7c4-4b5c-a621-eb42ac8391f4,2026-04-13 01:12:46.000,Mail Detail,de_pum
2e68d796-c064-46b1-80b6-075cd6b2ad44,2026-04-13 01:12:50.000,Studie Modules,de_hslu
2e68d796-c064-46b1-80b6-075cd6b2ad44,2026-04-12 17:56:25.000,Schedule Detail,de_hslu
2e68d796-c064-46b1-80b6-075cd6b2ad44,2026-04-12 18:29:44.000,Mail Overview,de_hslu
2e68d796-c064-46b1-80b6-075cd6b2ad44,2026-04-12 18:29:40.000,Calendar Day View,de_hslu
2e68d796-c064-46b1-80b6-075cd6b2ad44,2026-04-12 18:29:43.000,Feed,de_hslu
cb565b2c-d7c4-4b5c-a621-eb42ac8391f4,2026-04-13 01:12:43.000,Mail Overview,de_pum
2e68d796-c064-46b1-80b6-075cd6b2ad44,2026-04-13 01:12:51.000,Calendar Day View,de_hslu
f0e4ecb6-3c2b-4636-ab5c-d87401b0770d,2026-04-13 01:12:48.000,Settings Overview,de_hsrm
f0e4ecb6-3c2b-4636-ab5c-d87401b0770d,2026-04-13 01:12:44.000,Studie Modules,de_hsrm
f0e4ecb6-3c2b-4636-ab5c-d87401b0770d,2026-04-13 01:12:46.000,Career Main,de_hsrm
f0e4ecb6-3c2b-4636-ab5c-d87401b0770d,2026-04-13 01:12:45.000,Settings Overview,de_hsrm
71918f6a-2394-4c13-b8ed-c2cda084348b,2026-04-13 01:12:44.000,Mail Overview,de_ks
d51b162d-8d41-4424-bd4e-b03a792eed25,2026-04-13 01:12:54.000,Studie Modules,de_si
d51b162d-8d41-4424-bd4e-b03a792eed25,2026-04-13 01:12:54.000,Mail Overview,de_si
71918f6a-2394-4c13-b8ed-c2cda084348b,2026-04-13 01:12:52.000,Studie Modules,de_ks
855dd9df-0454-48e6-8943-5440c3252007,2026-04-13 01:12:49.000,Generic Links Overview,de_pum
a066566a-10aa-47c7-967c-018c6a19c903,2026-04-13 01:12:51.000,Mail Overview,de_tuda
a066566a-10aa-47c7-967c-018c6a19c903,2026-04-13 01:12:52.000,Mail Detail,de_tuda
374ed137-d64d-443a-bc4f-f143ef56b12a,2026-04-13 01:12:51.000,Feed,de_pum
bcce4e15-6ca0-4d10-b1c3-d66394cee16e,2026-04-13 01:12:49.000,Studie Modules,de_es
bcce4e15-6ca0-4d10-b1c3-d66394cee16e,2026-04-13 01:12:50.000,Mail Overview,de_es
e28df3d8-655d-4422-ba2d-fcdfca6d524e,2026-04-13 01:12:58.000,Schedule Detail,de_hslu
e28df3d8-655d-4422-ba2d-fcdfca6d524e,2026-04-13 01:12:58.000,Calendar Week View,de_hslu
f0e4ecb6-3c2b-4636-ab5c-d87401b0770d,2026-04-13 01:12:59.000,Uninow Account Settings,de_hsrm
f0e4ecb6-3c2b-4636-ab5c-d87401b0770d,2026-04-13 01:13:02.000,Settings Accounts,de_hsrm
f0e4ecb6-3c2b-4636-ab5c-d87401b0770d,2026-04-13 01:13:03.000,Uninow Account Informations Modal,de_hsrm
f0e4ecb6-3c2b-4636-ab5c-d87401b0770d,2026-04-13 01:12:55.000,Settings Accounts,de_hsrm
71918f6a-2394-4c13-b8ed-c2cda084348b,2026-04-13 01:12:55.000,Feed,de_ks
d51b162d-8d41-4424-bd4e-b03a792eed25,2026-04-13 01:12:58.000,Studie Modules,de_si
71918f6a-2394-4c13-b8ed-c2cda084348b,2026-04-13 01:13:02.000,Cafeteria Detail,de_ks
19ec4198-3a9f-4db8-93bc-bde71af99b28,2026-04-13 01:12:55.000,Studie Modules,de_si
19ec4198-3a9f-4db8-93bc-bde71af99b28,2026-04-13 01:12:57.000,wallet,de_si
d51b162d-8d41-4424-bd4e-b03a792eed25,2026-04-13 01:13:04.000,Mail Detail,de_si
d51b162d-8d41-4424-bd4e-b03a792eed25,2026-04-13 01:12:59.000,Mail Overview,de_si
c798f246-3288-4d6f-b1cc-815ae046e5c5,2026-04-13 01:12:57.000,Mail Detail,de_hm
c798f246-3288-4d6f-b1cc-815ae046e5c5,2026-04-12 22:42:04.000,Studie Modules,de_hm
c798f246-3288-4d6f-b1cc-815ae046e5c5,2026-04-13 01:12:51.000,Studie Modules,de_hm
c798f246-3288-4d6f-b1cc-815ae046e5c5,2026-04-13 01:12:52.000,Mail Overview,de_hm
c798f246-3288-4d6f-b1cc-815ae046e5c5,2026-04-12 22:42:05.000,Mail Overview,de_hm
f0e4ecb6-3c2b-4636-ab5c-d87401b0770d,2026-04-13 01:13:06.000,Settings Uni Profile Selection,de_hsrm
f0e4ecb6-3c2b-4636-ab5c-d87401b0770d,2026-04-13 01:13:04.000,Settings Accounts,de_hsrm
f0e4ecb6-3c2b-4636-ab5c-d87401b0770d,2026-04-13 01:13:05.000,Settings Overview,de_hsrm
a066566a-10aa-47c7-967c-018c6a19c903,2026-04-13 01:13:15.000,Mail Overview,de_tuda
a066566a-10aa-47c7-967c-018c6a19c903,2026-04-13 01:13:15.000,Mail Detail,de_tuda
759a1c85-9530-4d44-a82b-825dfcbfecdb,2026-04-12 20:17:48.000,Studie Modules,de_si
6ceb2ea1-81cd-4e27-8396-c9b971ff4b87,2026-04-13 01:13:11.000,Career Main,de_hsm
6ceb2ea1-81cd-4e27-8396-c9b971ff4b87,2026-04-13 01:13:16.000,Studie Modules,de_hsm
759a1c85-9530-4d44-a82b-825dfcbfecdb,2026-04-12 20:17:57.000,Studie Modules,de_si
759a1c85-9530-4d44-a82b-825dfcbfecdb,2026-04-12 20:17:52.000,Mail Overview,de_si
759a1c85-9530-4d44-a82b-825dfcbfecdb,2026-04-13 01:13:13.000,Studie Modules,de_si
6ceb2ea1-81cd-4e27-8396-c9b971ff4b87,2026-04-13 01:13:07.000,Career Onboarding,de_hsm
87e355f3-21ae-4118-9c2e-d89221fa308f,2026-04-13 01:13:16.000,Mail Overview,de_upb
759a1c85-9530-4d44-a82b-825dfcbfecdb,2026-04-13 01:13:14.000,Mail Overview,de_si
4eb1df3b-9b30-455c-a30b-ea7c63102457,2026-04-13 00:12:42.000,External Login Expired,de_tuda
6ceb2ea1-81cd-4e27-8396-c9b971ff4b87,2026-04-13 01:13:10.000,Mail Overview,de_hsm
601089e8-7df1-4c14-a2c8-40a43406573b,2026-04-13 01:13:19.000,Authenticator,de_pum
601089e8-7df1-4c14-a2c8-40a43406573b,2026-04-13 01:13:13.000,Career Onboarding,de_pum
601089e8-7df1-4c14-a2c8-40a43406573b,2026-04-13 01:13:13.000,Studie Modules,de_pum
601089e8-7df1-4c14-a2c8-40a43406573b,2026-04-13 01:13:15.000,Studie Modules,de_pum
1e0d63be-b44f-4f4d-b223-7dcd80065589,2026-04-13 01:13:20.000,Cafeteria Overview,de_tuda
f0e4ecb6-3c2b-4636-ab5c-d87401b0770d,2026-04-13 01:13:21.000,Career Main,de_hsrm
a3395ab5-e3a7-47fb-bb83-ea0a7066cd6c,2026-04-12 18:26:58.000,Studie Modules,de_thm
f0e4ecb6-3c2b-4636-ab5c-d87401b0770d,2026-04-13 01:13:14.000,Settings Overview,de_hsrm
f0e4ecb6-3c2b-4636-ab5c-d87401b0770d,2026-04-13 01:13:22.000,Settings Overview,de_hsrm
6da74a08-65b8-4128-861f-9e859ba77c2f,2026-04-13 01:13:18.000,Schedule Detail,de_hslu
6da74a08-65b8-4128-861f-9e859ba77c2f,2026-04-13 01:13:23.000,Calendar Week View,de_hslu
87e355f3-21ae-4118-9c2e-d89221fa308f,2026-04-13 01:13:18.000,Mail Detail,de_upb
6ceb2ea1-81cd-4e27-8396-c9b971ff4b87,2026-04-13 01:13:22.000,Calendar Day View,de_hsm
0ad62fc7-7b1a-4684-a1f1-daf2949075ab,2026-04-12 19:27:50.000,Schedule Overview,de_upb
0ad62fc7-7b1a-4684-a1f1-daf2949075ab,2026-04-12 19:28:00.000,Schedule Overview,de_upb
0ad62fc7-7b1a-4684-a1f1-daf2949075ab,2026-04-12 19:27:25.000,Schedule Overview,de_upb
177b0cdf-f45d-4f7a-b1a6-45e9c9092797,2026-04-13 01:13:26.000,Generic Links Overview,de_jlug
177b0cdf-f45d-4f7a-b1a6-45e9c9092797,2026-04-13 01:13:24.000,Studie Modules,de_jlug
0ad62fc7-7b1a-4684-a1f1-daf2949075ab,2026-04-12 19:27:46.000,Schedule Detail,de_upb
0ad62fc7-7b1a-4684-a1f1-daf2949075ab,2026-04-12 19:27:57.000,Schedule Detail,de_upb
0ad62fc7-7b1a-4684-a1f1-daf2949075ab,2026-04-12 19:27:21.000,Schedule Detail,de_upb
0ad62fc7-7b1a-4684-a1f1-daf2949075ab,2026-04-12 19:26:36.000,Schedule Overview,de_upb
fa275e11-f336-4c43-a5a2-42ed4f792a66,2026-04-13 01:13:31.000,Mail Overview,de_hsko
f0e4ecb6-3c2b-4636-ab5c-d87401b0770d,2026-04-13 01:13:34.000,Settings Accounts,de_hsrm
f0e4ecb6-3c2b-4636-ab5c-d87401b0770d,2026-04-13 01:13:26.000,Uninow Account Settings,de_hsrm
f0e4ecb6-3c2b-4636-ab5c-d87401b0770d,2026-04-13 01:13:24.000,Settings Accounts,de_hsrm
a066566a-10aa-47c7-967c-018c6a19c903,2026-04-13 01:13:34.000,Feed,de_tuda
a066566a-10aa-47c7-967c-018c6a19c903,2026-04-13 01:13:32.000,Studie Modules,de_tuda
a066566a-10aa-47c7-967c-018c6a19c903,2026-04-13 01:13:31.000,Mail Overview,de_tuda
a066566a-10aa-47c7-967c-018c6a19c903,2026-04-13 01:13:35.000,Studie Modules,de_tuda
4a793560-7278-47fc-af24-fea8134a7322,2026-04-12 21:38:12.000,Authenticator,de_pum
4a793560-7278-47fc-af24-fea8134a7322,2026-04-12 21:14:48.000,Authenticator,de_pum
fa275e11-f336-4c43-a5a2-42ed4f792a66,2026-04-13 01:13:34.000,Mail Detail,de_hsko
fa275e11-f336-4c43-a5a2-42ed4f792a66,2026-04-13 01:13:37.000,Mail Overview,de_hsko
fa275e11-f336-4c43-a5a2-42ed4f792a66,2026-04-13 01:13:39.000,Mail Detail,de_hsko
f0e4ecb6-3c2b-4636-ab5c-d87401b0770d,2026-04-13 01:13:44.000,Settings Accounts,de_hsrm
f0e4ecb6-3c2b-4636-ab5c-d87401b0770d,2026-04-13 01:13:35.000,Settings Overview,de_hsrm
a066566a-10aa-47c7-967c-018c6a19c903,2026-04-13 01:13:40.000,Mail Overview,de_tuda
a066566a-10aa-47c7-967c-018c6a19c903,2026-04-13 01:13:38.000,Library Login,de_tuda
a066566a-10aa-47c7-967c-018c6a19c903,2026-04-13 01:13:41.000,Mail Detail,de_tuda
a066566a-10aa-47c7-967c-018c6a19c903,2026-04-13 01:13:39.000,Studie Modules,de_tuda
bc16a720-6c49-4ee4-8c24-dc8b70930cb0,2026-04-13 01:13:36.000,External Login Expired,de_tuda
fa275e11-f336-4c43-a5a2-42ed4f792a66,2026-04-13 01:13:44.000,Mail Detail,de_hsko
fa275e11-f336-4c43-a5a2-42ed4f792a66,2026-04-13 01:13:49.000,Mail Overview,de_hsko
fa275e11-f336-4c43-a5a2-42ed4f792a66,2026-04-13 01:13:48.000,Mail Detail,de_hsko
fa275e11-f336-4c43-a5a2-42ed4f792a66,2026-04-13 01:13:42.000,Mail Overview,de_hsko
fa275e11-f336-4c43-a5a2-42ed4f792a66,2026-04-13 01:13:48.000,Mail Overview,de_hsko
f0e4ecb6-3c2b-4636-ab5c-d87401b0770d,2026-04-13 01:13:46.000,Settings Uni Profile Selection,de_hsrm
954acb21-6e89-4071-a4ad-4144c0e5c6e4,2026-04-13 01:13:47.000,Mail Overview,de_phw
954acb21-6e89-4071-a4ad-4144c0e5c6e4,2026-04-13 01:13:46.000,Studie Modules,de_phw
f0e4ecb6-3c2b-4636-ab5c-d87401b0770d,2026-04-13 01:13:53.000,Settings Loading,de_hsrm
954acb21-6e89-4071-a4ad-4144c0e5c6e4,2026-04-13 00:07:48.000,Mail Overview,de_phw
f0e4ecb6-3c2b-4636-ab5c-d87401b0770d,2026-04-13 01:13:45.000,Settings Overview,de_hsrm
35549ac9-3311-4488-87e8-988fecbfcdb2,2026-04-13 01:13:52.000,Info Overview,de_fhja
35549ac9-3311-4488-87e8-988fecbfcdb2,2026-04-13 01:13:51.000,Studie Modules,de_fhja
60779e53-ad23-42af-9e45-ad1e4546fd9e,2026-04-13 01:13:55.000,Cafeteria Detail,de_hshb
60779e53-ad23-42af-9e45-ad1e4546fd9e,2026-04-13 01:13:51.000,Studie Modules,de_hshb
60779e53-ad23-42af-9e45-ad1e4546fd9e,2026-04-13 01:13:49.000,Studie Modules,de_hshb
60779e53-ad23-42af-9e45-ad1e4546fd9e,2026-04-13 01:13:52.000,Cafeteria Overview,de_hshb
60779e53-ad23-42af-9e45-ad1e4546fd9e,2026-04-13 01:13:50.000,wallet,de_hshb
fa275e11-f336-4c43-a5a2-42ed4f792a66,2026-04-13 01:14:01.000,Mail Detail,de_hsko
177b0cdf-f45d-4f7a-b1a6-45e9c9092797,2026-04-13 01:14:02.000,Studie Modules,de_jlug
954acb21-6e89-4071-a4ad-4144c0e5c6e4,2026-04-13 01:14:02.000,Mail Detail,de_phw
954acb21-6e89-4071-a4ad-4144c0e5c6e4,2026-04-13 01:13:55.000,Mail Detail,de_phw
954acb21-6e89-4071-a4ad-4144c0e5c6e4,2026-04-13 01:13:59.000,Mail Detail,de_phw
954acb21-6e89-4071-a4ad-4144c0e5c6e4,2026-04-13 01:14:01.000,Mail Overview,de_phw
954acb21-6e89-4071-a4ad-4144c0e5c6e4,2026-04-13 01:13:59.000,Mail Overview,de_phw
60779e53-ad23-42af-9e45-ad1e4546fd9e,2026-04-13 01:14:05.000,Cafeteria Overview,de_hshb
f465fcf6-d61e-4778-8ea0-352115201f7e,2026-04-13 01:13:59.000,Global Ory Login,de_si
177b0cdf-f45d-4f7a-b1a6-45e9c9092797,2026-04-13 01:14:03.000,Generic Links Overview,de_jlug
75032a04-6fe6-4767-9d3c-56b66e7f3ced,2026-04-13 01:14:09.000,Grades Overview,de_hsge
f0e4ecb6-3c2b-4636-ab5c-d87401b0770d,2026-04-13 01:13:57.000,Feed,de_hsrm
f0e4ecb6-3c2b-4636-ab5c-d87401b0770d,2026-04-13 01:14:07.000,Feed,de_hsrm
f0e4ecb6-3c2b-4636-ab5c-d87401b0770d,2026-04-13 01:13:54.000,Feed,de_hsrm
f0e4ecb6-3c2b-4636-ab5c-d87401b0770d,2026-04-13 01:14:10.000,Settings Overview,de_hsrm
f0e4ecb6-3c2b-4636-ab5c-d87401b0770d,2026-04-13 01:13:55.000,Settings Loading,de_hsrm
a5b96e9a-f9a4-46cd-9385-7f5c30ce692d,2026-04-13 01:14:09.000,Settings Overview,de_hsfd
a5b96e9a-f9a4-46cd-9385-7f5c30ce692d,2026-04-13 01:14:13.000,Settings Overview,de_hsfd
a5b96e9a-f9a4-46cd-9385-7f5c30ce692d,2026-04-13 01:14:14.000,Feed,de_hsfd
a5b96e9a-f9a4-46cd-9385-7f5c30ce692d,2026-04-13 01:14:06.000,Mail Overview,de_hsfd
a5b96e9a-f9a4-46cd-9385-7f5c30ce692d,2026-04-13 01:14:08.000,Studie Modules,de_hsfd
a5b96e9a-f9a4-46cd-9385-7f5c30ce692d,2026-04-13 01:14:06.000,Studie Modules,de_hsfd
954acb21-6e89-4071-a4ad-4144c0e5c6e4,2026-04-13 01:14:16.000,Mail Detail,de_phw
954acb21-6e89-4071-a4ad-4144c0e5c6e4,2026-04-13 01:14:15.000,Mail Overview,de_phw
a5b96e9a-f9a4-46cd-9385-7f5c30ce692d,2026-04-13 01:14:12.000,Career Onboarding,de_hsfd
2cfbd90e-152a-4176-999e-564751c41ecd,2026-04-13 01:14:21.000,Studie Modules,de_ush
5e659126-9d72-46d1-a184-a7da3453800d,2026-04-12 21:47:10.000,Cafeteria Overview,de_si
2cfbd90e-152a-4176-999e-564751c41ecd,2026-04-13 01:14:18.000,Feed,de_ush
8feb8992-5001-4fc0-af6c-39244b514d7d,2026-04-13 01:14:11.000,Study Field Onboarding,de_hszg
f0e4ecb6-3c2b-4636-ab5c-d87401b0770d,2026-04-13 01:14:24.000,Settings Loading,de_hsrm
f0e4ecb6-3c2b-4636-ab5c-d87401b0770d,2026-04-13 01:14:17.000,Settings Accounts,de_hsrm
f0e4ecb6-3c2b-4636-ab5c-d87401b0770d,2026-04-13 01:14:20.000,Uninow Account Settings,de_hsrm
954acb21-6e89-4071-a4ad-4144c0e5c6e4,2026-04-13 01:14:20.000,Mail Detail,de_phw
9e3a47eb-349a-4ffb-8941-dc5431272863,2026-04-13 01:14:15.000,Feed,de_emau
954acb21-6e89-4071-a4ad-4144c0e5c6e4,2026-04-13 01:14:26.000,Mail Detail,de_phw
954acb21-6e89-4071-a4ad-4144c0e5c6e4,2026-04-13 01:14:25.000,Mail Overview,de_phw
9e3a47eb-349a-4ffb-8941-dc5431272863,2026-04-13 01:14:16.000,Mail Overview,de_emau
954acb21-6e89-4071-a4ad-4144c0e5c6e4,2026-04-13 01:14:20.000,Mail Overview,de_phw
954acb21-6e89-4071-a4ad-4144c0e5c6e4,2026-04-13 01:14:18.000,Mail Detail,de_phw
954acb21-6e89-4071-a4ad-4144c0e5c6e4,2026-04-13 01:14:17.000,Mail Overview,de_phw
5dd2be53-aa37-4b4a-8517-9f596b47c9b1,2026-04-13 01:14:25.000,Mail Overview,de_hm
5dd2be53-aa37-4b4a-8517-9f596b47c9b1,2026-04-13 01:14:27.000,Mail Detail,de_hm
5512b1ae-3b47-4fd4-8536-01c8cd411c22,2026-04-13 01:14:25.000,Studie Modules,de_ehl
2cfbd90e-152a-4176-999e-564751c41ecd,2026-04-13 01:14:23.000,Mail Overview,de_ush
f0e4ecb6-3c2b-4636-ab5c-d87401b0770d,2026-04-13 01:14:28.000,Setup University Selection,""
954acb21-6e89-4071-a4ad-4144c0e5c6e4,2026-04-13 01:14:28.000,Mail Detail,de_phw
954acb21-6e89-4071-a4ad-4144c0e5c6e4,2026-04-13 01:14:31.000,Mail Overview,de_phw
954acb21-6e89-4071-a4ad-4144c0e5c6e4,2026-04-13 01:14:28.000,Mail Overview,de_phw
177b0cdf-f45d-4f7a-b1a6-45e9c9092797,2026-04-13 01:14:38.000,Studie Modules,de_jlug
5512b1ae-3b47-4fd4-8536-01c8cd411c22,2026-04-13 01:14:30.000,Calendar Day View,de_ehl
5512b1ae-3b47-4fd4-8536-01c8cd411c22,2026-04-13 01:14:38.000,Schedule Detail,de_ehl
c4ac4652-aed7-40f6-94d8-b3602b9a6c4d,2026-04-12 21:02:15.000,Mail Overview,de_upb
01712f27-75d6-470c-8f48-18fa5df3b505,2026-04-12 23:55:48.000,Mail Overview,de_hsda
74830cac-e13b-43c9-aba7-c8e4623a4623,2026-04-13 01:14:37.000,Studie Modules,de_jlug
74830cac-e13b-43c9-aba7-c8e4623a4623,2026-04-13 01:14:38.000,Mail Overview,de_jlug
a5b96e9a-f9a4-46cd-9385-7f5c30ce692d,2026-04-13 01:14:39.000,Mail Overview,de_hsfd
f0e4ecb6-3c2b-4636-ab5c-d87401b0770d,2026-04-13 01:14:44.000,Settings Loading,de_hsrm
f0e4ecb6-3c2b-4636-ab5c-d87401b0770d,2026-04-13 01:14:40.000,Settings Overview,de_hsrm
fdd28b5d-0e00-4c16-86df-5da2dc5f6c28,2026-04-13 01:14:42.000,Authenticator,de_pum
f0e4ecb6-3c2b-4636-ab5c-d87401b0770d,2026-04-13 01:14:42.000,Settings Uni Profile Selection,de_hsrm
a5b96e9a-f9a4-46cd-9385-7f5c30ce692d,2026-04-13 01:14:37.000,Studie Modules,de_hsfd
f0e4ecb6-3c2b-4636-ab5c-d87401b0770d,2026-04-13 01:14:38.000,Feed,""
f0e4ecb6-3c2b-4636-ab5c-d87401b0770d,2026-04-13 01:14:37.000,Setup Loading,""
177b0cdf-f45d-4f7a-b1a6-45e9c9092797,2026-04-13 01:14:42.000,Generic Links Overview,de_jlug
5512b1ae-3b47-4fd4-8536-01c8cd411c22,2026-04-13 01:14:42.000,Calendar Day View,de_ehl
74830cac-e13b-43c9-aba7-c8e4623a4623,2026-04-13 01:14:44.000,Mail Detail,de_jlug
74830cac-e13b-43c9-aba7-c8e4623a4623,2026-04-13 01:14:51.000,Mail Overview,de_jlug
74830cac-e13b-43c9-aba7-c8e4623a4623,2026-04-13 01:14:49.000,Mail Detail,de_jlug
74830cac-e13b-43c9-aba7-c8e4623a4623,2026-04-13 01:14:45.000,Mail Overview,de_jlug
74830cac-e13b-43c9-aba7-c8e4623a4623,2026-04-13 01:14:46.000,Mail Detail,de_jlug
74830cac-e13b-43c9-aba7-c8e4623a4623,2026-04-13 01:14:53.000,Mail Overview,de_jlug
74830cac-e13b-43c9-aba7-c8e4623a4623,2026-04-13 01:14:52.000,Mail Detail,de_jlug
74830cac-e13b-43c9-aba7-c8e4623a4623,2026-04-13 01:14:48.000,Mail Overview,de_jlug
f0e4ecb6-3c2b-4636-ab5c-d87401b0770d,2026-04-13 01:14:54.000,Settings Study Field Selection,de_hsrm
f0e4ecb6-3c2b-4636-ab5c-d87401b0770d,2026-04-13 01:14:55.000,Settings Overview,de_hsrm
fdd28b5d-0e00-4c16-86df-5da2dc5f6c28,2026-04-13 01:14:51.000,Authenticator,de_pum
fdd28b5d-0e00-4c16-86df-5da2dc5f6c28,2026-04-13 01:14:54.000,Authenticator Scan,de_pum
f0e4ecb6-3c2b-4636-ab5c-d87401b0770d,2026-04-13 01:14:45.000,Feed,de_hsrm
f0e4ecb6-3c2b-4636-ab5c-d87401b0770d,2026-04-13 01:14:49.000,Settings Overview,de_hsrm
fdd28b5d-0e00-4c16-86df-5da2dc5f6c28,2026-04-13 01:14:46.000,Settings Pincode,de_pum
74de067c-90de-4c53-8144-86248c2844ac,2026-04-13 01:14:53.000,Mail Overview,de_hm
5875030b-d288-486b-a9e6-1e9e998366ba,2026-04-13 00:32:21.000,Mail Detail,de_hnee
97ad93b7-2c1c-4c47-b949-01d69650015d,2026-04-12 21:35:26.000,Mail Overview,de_phlb
d510faa3-9bdd-4d55-ade6-9b884741bddb,2026-04-11 09:05:43.000,Mail Detail,de_upb
74830cac-e13b-43c9-aba7-c8e4623a4623,2026-04-13 01:15:00.000,Mail Detail,de_jlug
09763aff-e710-4001-a50f-2b550e10a9fa,2026-04-12 21:41:12.000,Global Ory Login,de_hmb
74830cac-e13b-43c9-aba7-c8e4623a4623,2026-04-13 01:15:04.000,Mail Overview,de_jlug
8d8b53d2-5e97-4acf-b594-c1ccc29d8c2c,2026-04-13 01:14:54.000,Feed,de_thm
74830cac-e13b-43c9-aba7-c8e4623a4623,2026-04-13 01:15:02.000,Mail Detail,de_jlug
74830cac-e13b-43c9-aba7-c8e4623a4623,2026-04-13 01:14:54.000,Mail Detail,de_jlug
74830cac-e13b-43c9-aba7-c8e4623a4623,2026-04-13 01:14:58.000,Mail Overview,de_jlug
8d8b53d2-5e97-4acf-b594-c1ccc29d8c2c,2026-04-13 01:15:02.000,Mail Detail,de_thm
09763aff-e710-4001-a50f-2b550e10a9fa,2026-04-12 23:12:45.000,Global Ory Login,de_hmb
74830cac-e13b-43c9-aba7-c8e4623a4623,2026-04-13 01:15:01.000,Mail Overview,de_jlug
8d8b53d2-5e97-4acf-b594-c1ccc29d8c2c,2026-04-13 01:14:55.000,Mail Overview,de_thm
f0e4ecb6-3c2b-4636-ab5c-d87401b0770d,2026-04-13 01:15:01.000,Uninow Account Informations Modal,de_hsrm
f0e4ecb6-3c2b-4636-ab5c-d87401b0770d,2026-04-13 01:14:56.000,Settings Accounts,de_hsrm
fdd28b5d-0e00-4c16-86df-5da2dc5f6c28,2026-04-13 01:15:01.000,Authenticator,de_pum
f0e4ecb6-3c2b-4636-ab5c-d87401b0770d,2026-04-13 01:14:59.000,Uninow Account Login,de_hsrm
74de067c-90de-4c53-8144-86248c2844ac,2026-04-13 01:14:57.000,Mail Detail,de_hm
74de067c-90de-4c53-8144-86248c2844ac,2026-04-13 01:15:04.000,Mail Overview,de_hm
a5b96e9a-f9a4-46cd-9385-7f5c30ce692d,2026-04-13 01:14:59.000,Mail Detail,de_hsfd
74830cac-e13b-43c9-aba7-c8e4623a4623,2026-04-13 01:15:07.000,Mail Detail,de_jlug
8d8b53d2-5e97-4acf-b594-c1ccc29d8c2c,2026-04-13 01:15:10.000,Mail Overview,de_thm
74830cac-e13b-43c9-aba7-c8e4623a4623,2026-04-13 01:15:04.000,Mail Detail,de_jlug
74830cac-e13b-43c9-aba7-c8e4623a4623,2026-04-13 01:15:05.000,Mail Overview,de_jlug
8d8b53d2-5e97-4acf-b594-c1ccc29d8c2c,2026-04-13 01:15:05.000,Mail Overview,de_thm
8d8b53d2-5e97-4acf-b594-c1ccc29d8c2c,2026-04-13 01:15:07.000,Mail Detail,de_thm
f6074689-0fb8-487a-9dc8-a559232cf567,2026-04-13 01:15:15.000,Mail Detail,de_ovgu
fdd28b5d-0e00-4c16-86df-5da2dc5f6c28,2026-04-13 01:15:09.000,Authenticator,de_pum
fdd28b5d-0e00-4c16-86df-5da2dc5f6c28,2026-04-13 01:15:07.000,Feed,de_pum
c758087f-0170-4dc0-9fde-573b435bbf2f,2026-04-12 17:52:59.000,Feed,de_hsm
8d8b53d2-5e97-4acf-b594-c1ccc29d8c2c,2026-04-13 01:15:19.000,Mail Detail,de_thm
74830cac-e13b-43c9-aba7-c8e4623a4623,2026-04-13 01:15:16.000,Mail Overview,de_jlug
f6074689-0fb8-487a-9dc8-a559232cf567,2026-04-13 01:15:23.000,Studie Modules,de_ovgu
f6074689-0fb8-487a-9dc8-a559232cf567,2026-04-13 01:15:18.000,Mail Overview,de_ovgu
e5ea4a86-ddc9-4a8f-9e33-5de1fe1e4797,2026-04-13 01:15:30.000,Mail Overview,de_wum
e5ea4a86-ddc9-4a8f-9e33-5de1fe1e4797,2026-04-12 23:32:43.000,Studie Modules,de_wum
e5ea4a86-ddc9-4a8f-9e33-5de1fe1e4797,2026-04-12 23:32:45.000,Mail Overview,de_wum
e5ea4a86-ddc9-4a8f-9e33-5de1fe1e4797,2026-04-12 23:32:49.000,Studie Modules,de_wum
e5ea4a86-ddc9-4a8f-9e33-5de1fe1e4797,2026-04-13 01:15:28.000,Studie Modules,de_wum
920a101c-d8f4-467d-9ed3-404f0701e0ed,2026-04-13 01:15:26.000,Studie Modules,de_jlug
920a101c-d8f4-467d-9ed3-404f0701e0ed,2026-04-13 01:15:26.000,Mail Overview,de_jlug
08edb78f-8030-4ccc-bf7e-37a008442116,2026-04-13 01:15:22.000,Mail Overview,de_hsda
08edb78f-8030-4ccc-bf7e-37a008442116,2026-04-13 01:15:24.000,External Login Expired,de_hsda
08edb78f-8030-4ccc-bf7e-37a008442116,2026-04-13 01:15:22.000,External Login Expired,de_hsda
6ceb2ea1-81cd-4e27-8396-c9b971ff4b87,2026-04-13 01:15:28.000,Calendar Day View,de_hsm
6ceb2ea1-81cd-4e27-8396-c9b971ff4b87,2026-04-13 01:15:25.000,Schedule Detail,de_hsm
d57667b6-250d-480f-a708-0ae5b6ce3b02,2026-04-13 01:15:35.000,Studie Modules,de_jmu
0dc7448c-59c0-408e-a339-a36534b45b7f,2026-04-12 22:55:03.000,Mail Overview,de_hsn
e5ea4a86-ddc9-4a8f-9e33-5de1fe1e4797,2026-04-13 01:15:36.000,Mail Detail,de_wum
6ceb2ea1-81cd-4e27-8396-c9b971ff4b87,2026-04-13 01:15:41.000,Schedule Detail,de_hsm
d57667b6-250d-480f-a708-0ae5b6ce3b02,2026-04-13 01:15:36.000,Generic Links Overview,de_jmu
6ceb2ea1-81cd-4e27-8396-c9b971ff4b87,2026-04-13 01:15:44.000,Calendar Day View,de_hsm
efbf834b-a460-4f8d-b7b3-0992fb22497e,2026-04-13 01:15:46.000,Mail Detail,de_si
efbf834b-a460-4f8d-b7b3-0992fb22497e,2026-04-13 01:15:40.000,Mail Overview,de_si
f5143f47-321e-47dd-aced-1087a4db7a0d,2026-04-13 01:15:51.000,Calendar Week View,de_uff
f0e4ecb6-3c2b-4636-ab5c-d87401b0770d,2026-04-13 01:15:50.000,Uninow Account Login,de_hsrm
e682c96b-8599-4ffe-9faf-bf4a062b78a9,2026-04-13 01:15:51.000,Mail Overview,de_hsfd
aad8c304-6a37-4f80-a364-53dbe78580b2,2026-04-12 11:41:58.000,Feed,de_pum
aad8c304-6a37-4f80-a364-53dbe78580b2,2026-04-12 11:41:59.000,Mail Overview,de_pum
aad8c304-6a37-4f80-a364-53dbe78580b2,2026-04-12 11:41:53.000,Feed Detail,de_pum
09acd174-e7f6-4104-85c7-ff6f0c977bf6,2026-04-12 10:39:36.000,Feed Detail,de_pum
09acd174-e7f6-4104-85c7-ff6f0c977bf6,2026-04-12 10:39:43.000,Feed,de_pum
f5143f47-321e-47dd-aced-1087a4db7a0d,2026-04-13 01:16:01.000,Schedule Detail,de_uff
f0e4ecb6-3c2b-4636-ab5c-d87401b0770d,2026-04-13 01:15:56.000,Uninow Account Login,de_hsrm
f0e4ecb6-3c2b-4636-ab5c-d87401b0770d,2026-04-13 01:15:55.000,Uninow Account Informations Modal,de_hsrm
88f84476-852a-44ad-b93d-bbf3005fcf51,2026-04-13 01:16:05.000,Studie Modules,de_jlug
f0e4ecb6-3c2b-4636-ab5c-d87401b0770d,2026-04-13 01:15:58.000,Uninow Account Register,de_hsrm
e682c96b-8599-4ffe-9faf-bf4a062b78a9,2026-04-13 01:16:07.000,Mail Overview,de_hsfd
e682c96b-8599-4ffe-9faf-bf4a062b78a9,2026-04-13 01:16:02.000,Mail Detail,de_hsfd
88f84476-852a-44ad-b93d-bbf3005fcf51,2026-04-13 01:16:06.000,Generic Links Overview,de_jlug
227fee23-b74f-4ab4-872a-b198c2e1462c,2026-04-12 22:08:00.000,Studie Modules,de_ush
098a47be-fc8a-4a3e-a877-b7c4cf9fb6fd,2026-04-13 01:16:17.000,Mail Overview,de_pum
227fee23-b74f-4ab4-872a-b198c2e1462c,2026-04-12 22:08:01.000,Feed,de_ush
78702080-363a-43f8-a060-fc520c395df3,2026-04-12 19:34:17.000,Feed,de_tubf
45b71799-4bce-4809-b004-90332a800202,2026-04-12 15:10:13.000,Mail Overview,de_phlb
45b71799-4bce-4809-b004-90332a800202,2026-04-12 15:10:24.000,Mail Overview,de_phlb
45b71799-4bce-4809-b004-90332a800202,2026-04-12 15:10:22.000,Mail Detail,de_phlb
45b71799-4bce-4809-b004-90332a800202,2026-04-12 15:10:26.000,Mail Detail,de_phlb
f6d7ddcd-fd0a-46e5-ae14-3459c248a8b7,2026-04-13 01:16:16.000,Calendar Day View,de_upb
f6d7ddcd-fd0a-46e5-ae14-3459c248a8b7,2026-04-13 01:16:15.000,Studie Modules,de_upb
3766a09f-d478-47e0-84eb-090ba0bf89fa,2026-04-12 23:23:49.000,Studie Modules,de_hsge
3766a09f-d478-47e0-84eb-090ba0bf89fa,2026-04-13 00:49:45.000,Mail Overview,de_hsge
3766a09f-d478-47e0-84eb-090ba0bf89fa,2026-04-13 00:49:45.000,Studie Modules,de_hsge
3766a09f-d478-47e0-84eb-090ba0bf89fa,2026-04-12 23:23:50.000,Mail Overview,de_hsge
7c97f93e-89f1-4a83-bc26-e66a0649633f,2026-02-04 23:59:51.000,Mail Overview,de_hsa
0662cb65-b546-4226-8001-7325398d816a,2026-02-04 23:59:53.000,Feed,de_hm
ccebbb01-d457-453f-a6ea-af13b7831635,2026-02-04 23:59:51.000,Mail Detail,de_evhb
7c97f93e-89f1-4a83-bc26-e66a0649633f,2026-02-04 23:59:49.000,Studie Modules,de_hsa
ccebbb01-d457-453f-a6ea-af13b7831635,2026-02-04 23:59:57.000,Mail Overview,de_evhb
7c97f93e-89f1-4a83-bc26-e66a0649633f,2026-02-04 23:59:57.000,Mail Overview,de_hsa
7c97f93e-89f1-4a83-bc26-e66a0649633f,2026-02-04 23:59:56.000,Studie Modules,de_hsa
ee63edb2-583d-49b7-b43f-17a340b0ad62,2026-02-05 00:00:00.000,Mail Detail,de_si
ee63edb2-583d-49b7-b43f-17a340b0ad62,2026-02-04 23:59:52.000,Mail Overview,de_si
e731265a-4be1-41a0-a14c-f9ccea9676cd,2026-02-04 23:59:54.000,Feed,de_pum
ee63edb2-583d-49b7-b43f-17a340b0ad62,2026-02-04 23:59:50.000,Studie Modules,de_si
a2881083-8bf9-4bed-baa8-c6259138b113,2026-02-05 00:00:00.000,Setup Semester Selector Modal,""
e731265a-4be1-41a0-a14c-f9ccea9676cd,2026-02-04 23:59:58.000,Career Onboarding,de_pum
c6a44687-144e-4e1b-9f44-da48c83598ca,2026-02-04 19:32:05.000,Study Field Onboarding,de_si
c6a44687-144e-4e1b-9f44-da48c83598ca,2026-02-04 15:46:55.000,Study Field Onboarding,de_si
c6a44687-144e-4e1b-9f44-da48c83598ca,2026-02-04 18:05:26.000,Study Field Onboarding,de_si
4806bb9a-c130-459d-8c28-7f716cb786a8,2026-02-05 00:00:02.000,Setup Study Field Selection,""
2771c04f-e374-4efd-98f4-81079ddb1b88,2026-02-04 23:59:58.000,Studie Modules,de_ovgu
2771c04f-e374-4efd-98f4-81079ddb1b88,2026-02-05 00:00:00.000,Cafeteria Detail,de_ovgu
b8eacd0c-1fc8-45a3-89ad-1ac2e3fe1870,2026-02-04 23:59:53.000,Mail Overview,de_ks
2771c04f-e374-4efd-98f4-81079ddb1b88,2026-02-04 23:59:59.000,Cafeteria Overview,de_ovgu
b8eacd0c-1fc8-45a3-89ad-1ac2e3fe1870,2026-02-04 23:59:54.000,Mail Detail,de_ks
5b3f1644-a186-4b74-b3e1-e248916faa9f,2026-02-04 22:30:40.000,Mail Overview,de_ks
5b3f1644-a186-4b74-b3e1-e248916faa9f,2026-02-04 22:30:41.000,Mail Detail,de_ks
31220c26-6789-47e4-8218-a8078debcabf,2026-02-04 23:59:54.000,Mail Detail,de_hm
da9c37c4-f622-4006-a936-245e31df59fc,2026-02-04 23:59:59.000,Mail Overview,de_si
4a8d2f9e-0c57-4dcd-9e77-160859b02df9,2026-02-04 23:59:55.000,Mail Overview,de_jlug
054540f0-3f0f-45e2-af28-ed52466c8dc3,2026-02-04 12:56:11.000,Mail Overview,de_hsfd
36f237aa-5121-4ab5-b5fe-ac2184e2657c,2026-02-05 00:00:03.000,In App Browser Webview,de_tuda
da9c37c4-f622-4006-a936-245e31df59fc,2026-02-04 23:59:59.000,Mail Detail,de_si
4a8d2f9e-0c57-4dcd-9e77-160859b02df9,2026-02-04 23:59:55.000,Studie Modules,de_jlug
f79846bd-8aa0-4579-9eda-591e9599ab92,2026-02-05 00:00:03.000,Studie Modules,de_pum
f79846bd-8aa0-4579-9eda-591e9599ab92,2026-02-05 00:00:04.000,Wallet Login,de_pum
f79846bd-8aa0-4579-9eda-591e9599ab92,2026-02-04 23:59:57.000,Feed,de_pum
f79846bd-8aa0-4579-9eda-591e9599ab92,2026-02-05 00:00:02.000,Mail Setup Manual,de_pum
f79846bd-8aa0-4579-9eda-591e9599ab92,2026-02-05 00:00:00.000,Studie Modules,de_pum
5c9ab5b8-fe09-4376-9923-9a39ef7384ac,2026-02-05 00:00:03.000,Grades Overview,de_fhja
5c9ab5b8-fe09-4376-9923-9a39ef7384ac,2026-02-05 00:00:01.000,Studie Modules,de_fhja
0bb72b3b-76bc-46fd-a4e2-4205dfd077e3,2026-02-05 00:00:02.000,Support Chat,de_hsfd
6d27bfd3-2702-40f9-b4b4-e21c52872a28,2026-02-05 00:00:08.000,Career Company V2,de_tucl
6d27bfd3-2702-40f9-b4b4-e21c52872a28,2026-02-05 00:00:04.000,Career Job V2,de_tucl
6d27bfd3-2702-40f9-b4b4-e21c52872a28,2026-02-04 23:59:59.000,Career Main,de_tucl
62b28fe7-24dc-4b1c-be20-63b13ffeeea9,2026-02-05 00:00:05.000,Cafeteria Overview,de_ks
65767248-8407-4d44-9723-5ee284684b5b,2026-02-04 23:59:57.000,Mail Overview,de_fhwo
62b28fe7-24dc-4b1c-be20-63b13ffeeea9,2026-02-05 00:00:09.000,Cafeteria Detail,de_ks
7c97f93e-89f1-4a83-bc26-e66a0649633f,2026-02-05 00:00:09.000,Studie Modules,de_hsa
41dcf1c9-30f5-4037-8783-12942b65f006,2026-02-05 00:00:02.000,Mail Overview,de_jlug
27ee03d8-9332-4435-b456-9de9fb618ac6,2026-02-05 00:00:00.000,wallet,de_fhswf
41dcf1c9-30f5-4037-8783-12942b65f006,2026-02-05 00:00:00.000,Studie Modules,de_jlug
36644a1f-3c23-4d7c-a5ee-c7a7e63b56da,2026-02-05 00:00:09.000,Mail Overview,de_pum
a2881083-8bf9-4bed-baa8-c6259138b113,2026-02-05 00:00:07.000,Setup Study Field Selection,""
e731265a-4be1-41a0-a14c-f9ccea9676cd,2026-02-05 00:00:01.000,Feed,de_pum
e731265a-4be1-41a0-a14c-f9ccea9676cd,2026-02-05 00:00:06.000,Settings Overview,de_pum
b8eacd0c-1fc8-45a3-89ad-1ac2e3fe1870,2026-02-05 00:00:09.000,Mail Overview,de_ks
b8eacd0c-1fc8-45a3-89ad-1ac2e3fe1870,2026-02-05 00:00:09.000,Mail Detail,de_ks
31220c26-6789-47e4-8218-a8078debcabf,2026-02-05 00:00:09.000,Mail Overview,de_hm
2771c04f-e374-4efd-98f4-81079ddb1b88,2026-02-05 00:00:12.000,Cafeteria Detail,de_ovgu
31220c26-6789-47e4-8218-a8078debcabf,2026-02-05 00:00:12.000,Mail Overview,de_hm
d670a614-c5b8-4714-9c1c-4f7a182c4187,2026-02-04 16:02:08.000,Feed Detail,de_hshb
2771c04f-e374-4efd-98f4-81079ddb1b88,2026-02-05 00:00:10.000,Cafeteria Overview,de_ovgu
31220c26-6789-47e4-8218-a8078debcabf,2026-02-05 00:00:10.000,Studie Modules,de_hm
d2d32d23-9324-44c2-9555-ab27d023bffd,2026-02-05 00:00:14.000,Mail Overview,de_fhms
7eb8cc87-7f78-4721-b53b-68dc3061e54a,2026-02-05 00:00:14.000,Feed,de_hsmz
da9c37c4-f622-4006-a936-245e31df59fc,2026-02-05 00:00:09.000,Mail Overview,de_si
da9c37c4-f622-4006-a936-245e31df59fc,2026-02-05 00:00:10.000,Mail Detail,de_si
c2ad1a7f-05e6-4cfb-9ab0-8834aa1c7b55,2026-02-05 00:00:12.000,Mail Detail,de_jlug
833e1472-2d13-4646-9215-98b2cbcf83d0,2026-02-05 00:00:10.000,Mail Detail,de_thbi
833e1472-2d13-4646-9215-98b2cbcf83d0,2026-02-05 00:00:06.000,Studie Modules,de_thbi
c2ad1a7f-05e6-4cfb-9ab0-8834aa1c7b55,2026-02-05 00:00:08.000,Studie Modules,de_jlug
833e1472-2d13-4646-9215-98b2cbcf83d0,2026-02-05 00:00:08.000,Mail Overview,de_thbi
c2ad1a7f-05e6-4cfb-9ab0-8834aa1c7b55,2026-02-05 00:00:09.000,Mail Overview,de_jlug
f4c352e9-2838-45e5-a398-56f0ceaee651,2026-02-05 00:00:10.000,Mail Overview,de_hsab
e88e65ba-50f5-4cc9-92ac-9db236cc60df,2026-02-04 20:04:46.000,Studie Modules,de_upb
e88e65ba-50f5-4cc9-92ac-9db236cc60df,2026-02-04 18:50:18.000,Mail Overview,de_upb
e88e65ba-50f5-4cc9-92ac-9db236cc60df,2026-02-04 18:50:17.000,Studie Modules,de_upb
e88e65ba-50f5-4cc9-92ac-9db236cc60df,2026-02-04 20:04:47.000,Mail Overview,de_upb
bbd07f4f-bcfe-435d-b8f8-760766924132,2026-02-05 00:00:16.000,Studie Modules,de_hfts
6d27bfd3-2702-40f9-b4b4-e21c52872a28,2026-02-05 00:00:12.000,Career Job V2,de_tucl
6d27bfd3-2702-40f9-b4b4-e21c52872a28,2026-02-05 00:00:10.000,Career Main,de_tucl
74a819ad-524a-4039-8206-a6f76aa2748a,2026-02-05 00:00:16.000,Schedule Detail,de_hba
bbd07f4f-bcfe-435d-b8f8-760766924132,2026-02-05 00:00:17.000,Mail Overview,de_hfts
6d27bfd3-2702-40f9-b4b4-e21c52872a28,2026-02-05 00:00:09.000,Career Job V2,de_tucl
74a819ad-524a-4039-8206-a6f76aa2748a,2026-02-05 00:00:10.000,Calendar Day View,de_hba
d22c2cfa-dd37-4f36-80f7-a6cced6149f2,2026-02-05 00:00:16.000,Mail Detail,de_bt
7583138d-8ece-42b8-ad27-38689218e108,2026-02-04 08:32:55.000,Mail Overview,de_bt
d22c2cfa-dd37-4f36-80f7-a6cced6149f2,2026-02-05 00:00:09.000,Studie Modules,de_bt
9309399a-33b6-4f51-bc72-842ba1dade7b,2026-02-05 00:00:18.000,Studie Modules,de_ks
9309399a-33b6-4f51-bc72-842ba1dade7b,2026-02-05 00:00:12.000,Studie Modules,de_ks
9309399a-33b6-4f51-bc72-842ba1dade7b,2026-02-05 00:00:17.000,Feed,de_ks
9309399a-33b6-4f51-bc72-842ba1dade7b,2026-02-05 00:00:11.000,Games Overview,de_ks
d22c2cfa-dd37-4f36-80f7-a6cced6149f2,2026-02-05 00:00:10.000,Mail Overview,de_bt
36644a1f-3c23-4d7c-a5ee-c7a7e63b56da,2026-02-05 00:00:10.000,Mail Detail,de_pum
25800702-20a5-4074-ab37-cbed1eee0f34,2026-02-05 00:00:14.000,Games Battleships Profile,de_hawl
25800702-20a5-4074-ab37-cbed1eee0f34,2026-02-05 00:00:12.000,Studie Modules,de_hawl
e731265a-4be1-41a0-a14c-f9ccea9676cd,2026-02-05 00:00:14.000,Studie Modules,de_pum
e731265a-4be1-41a0-a14c-f9ccea9676cd,2026-02-05 00:00:15.000,Authenticator,de_pum
25800702-20a5-4074-ab37-cbed1eee0f34,2026-02-05 00:00:15.000,Games Battleships Play,de_hawl
25800702-20a5-4074-ab37-cbed1eee0f34,2026-02-05 00:00:13.000,Games Overview,de_hawl
4dc70f12-7643-4f6d-836c-d6946172be26,2026-02-04 08:36:27.000,Feed Detail,de_hsab
d6339f6a-3048-4d6b-a39d-46e1833d8f36,2026-02-05 00:00:22.000,Mail FolderSelection,de_thm
b8eacd0c-1fc8-45a3-89ad-1ac2e3fe1870,2026-02-05 00:00:16.000,Mail Detail,de_ks
e12f171b-7a37-4d0f-8353-31c4a6337770,2026-02-05 00:00:15.000,Mail Overview,de_hsda
b8eacd0c-1fc8-45a3-89ad-1ac2e3fe1870,2026-02-05 00:00:16.000,Mail Overview,de_ks
e12f171b-7a37-4d0f-8353-31c4a6337770,2026-02-05 00:00:15.000,Studie Modules,de_hsda
e12f171b-7a37-4d0f-8353-31c4a6337770,2026-02-05 00:00:22.000,Mail Detail,de_hsda
bd5f5409-2553-40e7-9fcb-2f18c9b77783,2026-02-05 00:00:24.000,Mail Detail,de_hm
0bb72b3b-76bc-46fd-a4e2-4205dfd077e3,2026-02-05 00:00:23.000,Mail Overview,de_hsfd
31220c26-6789-47e4-8218-a8078debcabf,2026-02-05 00:00:19.000,Mail Detail,de_hm
12318349-c825-4bf5-9922-fef78a53d44b,2026-02-05 00:00:12.000,Mail Overview,de_pum
31220c26-6789-47e4-8218-a8078debcabf,2026-02-05 00:00:21.000,Mail Overview,de_hm
ee63edb2-583d-49b7-b43f-17a340b0ad62,2026-02-05 00:00:25.000,Mail Overview,de_si
4806bb9a-c130-459d-8c28-7f716cb786a8,2026-02-05 00:00:05.000,Setup Loading,""
83323708-16fd-469e-8bbd-c47fbb1a2433,2026-02-04 23:29:45.000,Global Ory Login,ch_phz
c2ad1a7f-05e6-4cfb-9ab0-8834aa1c7b55,2026-02-05 00:00:19.000,Studie Modules,de_jlug
4806bb9a-c130-459d-8c28-7f716cb786a8,2026-02-05 00:00:08.000,Feed,""
c2ad1a7f-05e6-4cfb-9ab0-8834aa1c7b55,2026-02-05 00:00:18.000,Mail Overview,de_jlug
337190e5-b969-4196-8f81-7a4016a62ac5,2026-02-05 00:00:17.000,Grades Overview,de_fhja
c2ad1a7f-05e6-4cfb-9ab0-8834aa1c7b55,2026-02-05 00:00:22.000,Cafeteria Detail,de_jlug
4806bb9a-c130-459d-8c28-7f716cb786a8,2026-02-05 00:00:09.000,Settings Loading,de_hsnb
c2ad1a7f-05e6-4cfb-9ab0-8834aa1c7b55,2026-02-05 00:00:20.000,Cafeteria Overview,de_jlug
da9c37c4-f622-4006-a936-245e31df59fc,2026-02-05 00:00:26.000,Mail Overview,de_si
f79846bd-8aa0-4579-9eda-591e9599ab92,2026-02-05 00:00:23.000,wallet,de_pum
64f185de-e9e2-4bc2-af01-22f67528ef05,2026-02-04 22:47:28.000,Studie Modules,de_ush
64f185de-e9e2-4bc2-af01-22f67528ef05,2026-02-04 22:47:30.000,Mail Overview,de_ush
d7ea0bd6-ad17-4dda-a2f9-e5ff14f89991,2026-02-05 00:00:28.000,Feed Shortcuts List,de_fhswf
a2881083-8bf9-4bed-baa8-c6259138b113,2026-02-05 00:00:15.000,Feed,""
a2881083-8bf9-4bed-baa8-c6259138b113,2026-02-05 00:00:12.000,Setup Loading,""
a2881083-8bf9-4bed-baa8-c6259138b113,2026-02-05 00:00:15.000,Settings Loading,de_hfmn
476d356b-c7ab-4b46-81eb-151499d1c013,2026-02-05 00:00:29.000,Cafeteria Detail,de_thm
963ce335-8fce-4dea-a0b2-01709728760c,2026-02-05 00:00:27.000,Feed,de_hm
476d356b-c7ab-4b46-81eb-151499d1c013,2026-02-05 00:00:28.000,Feed,de_thm
f4c352e9-2838-45e5-a398-56f0ceaee651,2026-02-05 00:00:31.000,Mail Detail,de_hsab
476d356b-c7ab-4b46-81eb-151499d1c013,2026-02-05 00:00:23.000,Feed,de_thm
1a05c2b8-ed6c-4882-9798-67be2859ce8c,2026-02-05 00:00:20.000,Feed,de_bt
963ce335-8fce-4dea-a0b2-01709728760c,2026-02-05 00:00:19.000,Feed Detail,de_hm
963ce335-8fce-4dea-a0b2-01709728760c,2026-02-05 00:00:31.000,Studie Modules,de_hm
476d356b-c7ab-4b46-81eb-151499d1c013,2026-02-05 00:00:25.000,Cafeteria Overview,de_thm
83d476b4-ad74-43d4-9ea1-3994368a9a38,2026-02-05 00:00:22.000,Mail Overview,de_ne
1a05c2b8-ed6c-4882-9798-67be2859ce8c,2026-02-05 00:00:22.000,Mail Overview,de_bt
1a05c2b8-ed6c-4882-9798-67be2859ce8c,2026-02-05 00:00:26.000,Mail Detail,de_bt
476d356b-c7ab-4b46-81eb-151499d1c013,2026-02-05 00:00:22.000,Studie Modules,de_thm
83d476b4-ad74-43d4-9ea1-3994368a9a38,2026-02-05 00:00:27.000,Mail Detail,de_ne
f42a9d01-cdc3-4f8a-a3da-38257aad34bc,2026-02-04 23:44:46.000,Studie Modules,de_ua
f42a9d01-cdc3-4f8a-a3da-38257aad34bc,2026-02-04 23:44:47.000,Mail Overview,de_ua
d6339f6a-3048-4d6b-a39d-46e1833d8f36,2026-02-05 00:00:23.000,Mail Overview,de_thm
b8eacd0c-1fc8-45a3-89ad-1ac2e3fe1870,2026-02-05 00:00:29.000,Mail Overview,de_ks
e12f171b-7a37-4d0f-8353-31c4a6337770,2026-02-05 00:00:25.000,Mail Detail,de_hsda
e12f171b-7a37-4d0f-8353-31c4a6337770,2026-02-05 00:00:27.000,Mail Overview,de_hsda
e12f171b-7a37-4d0f-8353-31c4a6337770,2026-02-05 00:00:25.000,Mail Overview,de_hsda
b8eacd0c-1fc8-45a3-89ad-1ac2e3fe1870,2026-02-05 00:00:29.000,Mail Detail,de_ks
b8eacd0c-1fc8-45a3-89ad-1ac2e3fe1870,2026-02-05 00:00:25.000,Mail Detail,de_ks
b8eacd0c-1fc8-45a3-89ad-1ac2e3fe1870,2026-02-05 00:00:31.000,Mail Overview,de_ks
b8eacd0c-1fc8-45a3-89ad-1ac2e3fe1870,2026-02-05 00:00:24.000,Mail Overview,de_ks
12318349-c825-4bf5-9922-fef78a53d44b,2026-02-05 00:00:24.000,Feed,de_pum
31220c26-6789-47e4-8218-a8078debcabf,2026-02-05 00:00:30.000,Mail Detail,de_hm
0bb72b3b-76bc-46fd-a4e2-4205dfd077e3,2026-02-05 00:00:25.000,Feed,de_hsfd
0bb72b3b-76bc-46fd-a4e2-4205dfd077e3,2026-02-05 00:00:28.000,Cafeteria Overview,de_hsfd
f79846bd-8aa0-4579-9eda-591e9599ab92,2026-02-05 00:00:28.000,Wallet Login,de_pum
4806bb9a-c130-459d-8c28-7f716cb786a8,2026-02-05 00:00:28.000,Grades Login,de_hsnb
4806bb9a-c130-459d-8c28-7f716cb786a8,2026-02-05 00:00:25.000,Studie Modules,de_hsnb
ee63edb2-583d-49b7-b43f-17a340b0ad62,2026-02-05 00:00:35.000,Studie Modules,de_si
da9c37c4-f622-4006-a936-245e31df59fc,2026-02-05 00:00:28.000,Mail Overview,de_si
08e21913-794f-46a3-9e61-eb8bd6315db5,2026-02-04 19:41:35.000,Studie Modules,de_bt
da9c37c4-f622-4006-a936-245e31df59fc,2026-02-05 00:00:27.000,Mail Detail,de_si
08e21913-794f-46a3-9e61-eb8bd6315db5,2026-02-04 19:41:36.000,Mail Overview,de_bt
da9c37c4-f622-4006-a936-245e31df59fc,2026-02-05 00:00:29.000,Mail Detail,de_si
d7ea0bd6-ad17-4dda-a2f9-e5ff14f89991,2026-02-05 00:00:33.000,Feed,de_fhswf
a2881083-8bf9-4bed-baa8-c6259138b113,2026-02-05 00:00:38.000,Cafeteria Overview,de_hfmn
6d27bfd3-2702-40f9-b4b4-e21c52872a28,2026-02-05 00:00:38.000,Career Main,de_tucl
a2881083-8bf9-4bed-baa8-c6259138b113,2026-02-05 00:00:36.000,Studie Modules,de_hfmn
a48e7ad5-9363-48f3-9f6e-c81c596e9212,2026-02-04 23:00:24.000,Mail Overview,de_hsab
1a05c2b8-ed6c-4882-9798-67be2859ce8c,2026-02-05 00:00:39.000,Mail Overview,de_bt
ff1b71a0-0ea3-4a6e-840f-999de064c1ab,2026-02-05 00:00:39.000,Mail Detail,de_hm
d6339f6a-3048-4d6b-a39d-46e1833d8f36,2026-02-05 00:00:36.000,Mail Overview,de_thm
ff1b71a0-0ea3-4a6e-840f-999de064c1ab,2026-02-05 00:00:38.000,Mail Detail,de_hm
d6339f6a-3048-4d6b-a39d-46e1833d8f36,2026-02-05 00:00:34.000,Mail Detail,de_thm
ff1b71a0-0ea3-4a6e-840f-999de064c1ab,2026-02-05 00:00:40.000,Mail Overview,de_hm
ff1b71a0-0ea3-4a6e-840f-999de064c1ab,2026-02-05 00:00:38.000,Mail Overview,de_hm
41dcf1c9-30f5-4037-8783-12942b65f006,2026-02-05 00:00:43.000,Mail Detail,de_jlug
7eb8cc87-7f78-4721-b53b-68dc3061e54a,2026-02-05 00:00:42.000,Feed Detail,de_hsmz
61affe47-987a-4252-aebd-dff1966ad40f,2026-02-04 22:41:50.000,Studie Modules,de_jlug
36f237aa-5121-4ab5-b5fe-ac2184e2657c,2026-02-05 00:00:43.000,Wallet Login,de_tuda
61affe47-987a-4252-aebd-dff1966ad40f,2026-02-04 22:41:51.000,Mail Overview,de_jlug
31220c26-6789-47e4-8218-a8078debcabf,2026-02-05 00:00:43.000,Mail Overview,de_hm
14fd2ce5-9e87-4905-99cb-2273ce1cff56,2026-02-04 18:18:48.000,Feed,de_fhef
14fd2ce5-9e87-4905-99cb-2273ce1cff56,2026-02-05 00:00:43.000,Mail Overview,de_fhef
ee63edb2-583d-49b7-b43f-17a340b0ad62,2026-02-05 00:00:39.000,Generic Links Overview,de_si
da9c37c4-f622-4006-a936-245e31df59fc,2026-02-05 00:00:46.000,Mail Detail,de_si
ee63edb2-583d-49b7-b43f-17a340b0ad62,2026-02-05 00:00:41.000,Studie Modules,de_si
da9c37c4-f622-4006-a936-245e31df59fc,2026-02-05 00:00:44.000,Mail Overview,de_si
6a87f420-b3d3-47e8-99e7-bf02212d32e4,2026-02-05 00:00:43.000,Grades Overview,de_thm
da9c37c4-f622-4006-a936-245e31df59fc,2026-02-05 00:00:42.000,Mail Detail,de_si
ee63edb2-583d-49b7-b43f-17a340b0ad62,2026-02-05 00:00:39.000,Studie Modules,de_si
da9c37c4-f622-4006-a936-245e31df59fc,2026-02-05 00:00:43.000,Mail Overview,de_si
da9c37c4-f622-4006-a936-245e31df59fc,2026-02-05 00:00:43.000,Mail Detail,de_si
ee63edb2-583d-49b7-b43f-17a340b0ad62,2026-02-05 00:00:43.000,Generic Links Overview,de_si
ee63edb2-583d-49b7-b43f-17a340b0ad62,2026-02-05 00:00:38.000,Grades Overview,de_si
da9c37c4-f622-4006-a936-245e31df59fc,2026-02-05 00:00:41.000,Mail Overview,de_si
72ca01d3-2c0d-4651-b038-bc8b87b1a313,2026-02-04 08:05:24.000,Global Ory Login,de_si
6a87f420-b3d3-47e8-99e7-bf02212d32e4,2026-02-05 00:00:41.000,Studie Modules,de_thm
72ca01d3-2c0d-4651-b038-bc8b87b1a313,2026-02-04 23:30:29.000,Global Ory Login,de_si
6d27bfd3-2702-40f9-b4b4-e21c52872a28,2026-02-05 00:00:47.000,Career Job V2,de_tucl
a2881083-8bf9-4bed-baa8-c6259138b113,2026-02-05 00:00:44.000,Cafeteria Overview,de_hfmn
d22c2cfa-dd37-4f36-80f7-a6cced6149f2,2026-02-05 00:00:49.000,Mail Overview,de_bt
a2881083-8bf9-4bed-baa8-c6259138b113,2026-02-05 00:00:42.000,Cafeteria Detail,de_hfmn
a2881083-8bf9-4bed-baa8-c6259138b113,2026-02-05 00:00:48.000,Studie Modules,de_hfmn
3c17c0f4-3120-4485-a8e9-4674a1cf467d,2026-02-04 20:49:51.000,Feed,de_thbi
7fe595a1-35c6-48b1-9df5-a8eadce6eedf,2026-02-05 00:00:51.000,Studie Modules,de_pum
7fe595a1-35c6-48b1-9df5-a8eadce6eedf,2026-02-05 00:00:46.000,Studie Modules,de_pum
7fe595a1-35c6-48b1-9df5-a8eadce6eedf,2026-02-05 00:00:47.000,Mail Overview,de_pum
e730de1a-489e-457f-bb9b-d20de6b3052c,2026-02-04 21:58:03.000,Global Ory Login,de_upb
855dd9df-0454-48e6-8943-5440c3252007,2026-02-05 00:00:50.000,Mail Detail,de_pum
7eb8cc87-7f78-4721-b53b-68dc3061e54a,2026-02-05 00:00:47.000,Feed,de_hsmz
855dd9df-0454-48e6-8943-5440c3252007,2026-02-05 00:00:47.000,Mail Overview,de_pum
855dd9df-0454-48e6-8943-5440c3252007,2026-02-05 00:00:45.000,Studie Modules,de_pum
31220c26-6789-47e4-8218-a8078debcabf,2026-02-05 00:00:53.000,Mail Detail,de_hm
31220c26-6789-47e4-8218-a8078debcabf,2026-02-05 00:00:49.000,Mail Overview,de_hm
31220c26-6789-47e4-8218-a8078debcabf,2026-02-05 00:00:53.000,Mail Overview,de_hm
31220c26-6789-47e4-8218-a8078debcabf,2026-02-05 00:00:45.000,Mail Detail,de_hm
31220c26-6789-47e4-8218-a8078debcabf,2026-02-05 00:00:47.000,Mail Overview,de_hm
36f237aa-5121-4ab5-b5fe-ac2184e2657c,2026-02-05 00:00:45.000,In App Browser Webview,de_tuda
31220c26-6789-47e4-8218-a8078debcabf,2026-02-05 00:00:48.000,Mail Overview,de_hm
31220c26-6789-47e4-8218-a8078debcabf,2026-02-05 00:00:50.000,Mail Detail,de_hm
31220c26-6789-47e4-8218-a8078debcabf,2026-02-05 00:00:49.000,Mail Detail,de_hm
31220c26-6789-47e4-8218-a8078debcabf,2026-02-05 00:00:47.000,Mail Detail,de_hm
1fe1a6f5-9f86-47db-aba3-3629a9d759b2,2026-02-04 22:54:53.000,Mail Overview,de_hslu
1fe1a6f5-9f86-47db-aba3-3629a9d759b2,2026-02-05 00:00:54.000,Mail Detail,de_hslu
1fe1a6f5-9f86-47db-aba3-3629a9d759b2,2026-02-05 00:00:46.000,Mail Overview,de_hslu
39ebfc67-aa0d-4b5c-a651-130b6a767b1c,2026-02-04 23:53:47.000,Studie Modules,de_hdm
39ebfc67-aa0d-4b5c-a651-130b6a767b1c,2026-02-04 23:53:49.000,Mail Overview,de_hdm
da9c37c4-f622-4006-a936-245e31df59fc,2026-02-05 00:00:48.000,Mail Overview,de_si
da9c37c4-f622-4006-a936-245e31df59fc,2026-02-05 00:00:48.000,Mail Detail,de_si
6a87f420-b3d3-47e8-99e7-bf02212d32e4,2026-02-05 00:00:57.000,Grades Detail,de_thm
e731265a-4be1-41a0-a14c-f9ccea9676cd,2026-02-05 00:00:56.000,Authenticator Create,de_pum
6d27bfd3-2702-40f9-b4b4-e21c52872a28,2026-02-05 00:00:58.000,Career Main,de_tucl
d22c2cfa-dd37-4f36-80f7-a6cced6149f2,2026-02-05 00:00:50.000,Studie Modules,de_bt
a2881083-8bf9-4bed-baa8-c6259138b113,2026-02-05 00:00:59.000,Studie Modules,de_hfmn
a2881083-8bf9-4bed-baa8-c6259138b113,2026-02-05 00:00:50.000,Schedule Setup,de_hfmn
0eeae96b-135d-45d9-afc4-8c446b448d53,2026-02-04 06:01:04.000,Mail Overview,de_tuda
d22c2cfa-dd37-4f36-80f7-a6cced6149f2,2026-02-05 00:00:51.000,Feed,de_bt
a2881083-8bf9-4bed-baa8-c6259138b113,2026-02-05 00:00:51.000,Calendar Day View,de_hfmn
31220c26-6789-47e4-8218-a8078debcabf,2026-02-05 00:01:03.000,Mail Detail,de_hm
14fd2ce5-9e87-4905-99cb-2273ce1cff56,2026-02-05 00:01:04.000,Mail Detail,de_fhef
4927d969-3755-43ad-a8aa-3907fc11ed97,2026-02-05 00:00:52.000,Studie Modules,de_ukl
31220c26-6789-47e4-8218-a8078debcabf,2026-02-05 00:01:00.000,Mail Overview,de_hm
4927d969-3755-43ad-a8aa-3907fc11ed97,2026-02-05 00:00:57.000,Mail Detail,de_ukl
31220c26-6789-47e4-8218-a8078debcabf,2026-02-05 00:00:57.000,Mail Overview,de_hm
31220c26-6789-47e4-8218-a8078debcabf,2026-02-05 00:01:03.000,Mail Overview,de_hm
4927d969-3755-43ad-a8aa-3907fc11ed97,2026-02-05 00:00:53.000,Mail Overview,de_ukl
31220c26-6789-47e4-8218-a8078debcabf,2026-02-05 00:01:01.000,Mail Detail,de_hm
4927d969-3755-43ad-a8aa-3907fc11ed97,2026-02-05 00:01:03.000,Mail Overview,de_ukl
855dd9df-0454-48e6-8943-5440c3252007,2026-02-05 00:00:57.000,wallet,de_pum
855dd9df-0454-48e6-8943-5440c3252007,2026-02-05 00:00:54.000,Mail Overview,de_pum
31220c26-6789-47e4-8218-a8078debcabf,2026-02-05 00:00:59.000,Mail Detail,de_hm
31220c26-6789-47e4-8218-a8078debcabf,2026-02-05 00:01:02.000,Mail Overview,de_hm
9309399a-33b6-4f51-bc72-842ba1dade7b,2026-02-05 00:01:00.000,Feed,de_ks
855dd9df-0454-48e6-8943-5440c3252007,2026-02-05 00:00:54.000,Studie Modules,de_pum
ef8e26a6-9bc9-4d0a-a732-8f454e862593,2026-02-04 08:38:52.000,Mail Overview,de_hsfd
7b3ca64c-1c37-43a6-b312-03ce72773b13,2026-02-05 00:01:01.000,Studie Modules,de_pum
7b3ca64c-1c37-43a6-b312-03ce72773b13,2026-02-05 00:01:02.000,Feed,de_pum
1fe1a6f5-9f86-47db-aba3-3629a9d759b2,2026-02-05 00:00:56.000,Mail Overview,de_hslu
1fe1a6f5-9f86-47db-aba3-3629a9d759b2,2026-02-05 00:01:00.000,Mail Detail,de_hslu
7b3ca64c-1c37-43a6-b312-03ce72773b13,2026-02-05 00:01:04.000,Mail Overview,de_pum
7b3ca64c-1c37-43a6-b312-03ce72773b13,2026-02-04 17:00:21.000,Mail Overview,de_pum
7b3ca64c-1c37-43a6-b312-03ce72773b13,2026-02-05 00:01:03.000,Studie Modules,de_pum
6a87f420-b3d3-47e8-99e7-bf02212d32e4,2026-02-05 00:01:05.000,Grades Overview,de_thm
8cf4bf23-c94c-4d4f-a14e-26c2fdb64c9e,2026-02-05 00:01:03.000,Calendar Detail,de_cbs
7425e73a-dcc1-4305-a514-16a7c390bfc5,2026-02-05 00:01:07.000,Mail Write,de_pum
8cf4bf23-c94c-4d4f-a14e-26c2fdb64c9e,2026-02-05 00:01:00.000,calendar_overview,de_cbs
cf132dca-4487-4737-9feb-abc3ad932666,2026-02-05 00:01:04.000,In App Browser Webview,de_evhb
cf132dca-4487-4737-9feb-abc3ad932666,2026-02-05 00:00:57.000,Global Ory Login,de_evhb
a2881083-8bf9-4bed-baa8-c6259138b113,2026-02-05 00:01:02.000,Generic Links Overview,de_hfmn
7b419555-a329-47f9-83ec-032c9f97947c,2026-02-04 11:18:29.000,Feed,de_ehl
a2881083-8bf9-4bed-baa8-c6259138b113,2026-02-05 00:01:10.000,Studie Modules,de_hfmn
c69157cf-f027-43d5-849c-8fac5fa474d0,2026-02-04 18:22:14.000,Mail Overview,de_cbs
ceb70725-09b0-4a36-bdb2-3bb24e843a4e,2026-02-04 22:16:52.000,Mail Overview,de_thm
31220c26-6789-47e4-8218-a8078debcabf,2026-02-05 00:01:13.000,Mail Overview,de_hm
855dd9df-0454-48e6-8943-5440c3252007,2026-02-05 00:01:07.000,Studie Modules,de_pum
31220c26-6789-47e4-8218-a8078debcabf,2026-02-05 00:01:09.000,Mail Overview,de_hm
4927d969-3755-43ad-a8aa-3907fc11ed97,2026-02-05 00:01:04.000,Mail Detail,de_ukl
31220c26-6789-47e4-8218-a8078debcabf,2026-02-05 00:01:11.000,Mail Overview,de_hm
31220c26-6789-47e4-8218-a8078debcabf,2026-02-05 00:01:14.000,Mail Detail,de_hm
855dd9df-0454-48e6-8943-5440c3252007,2026-02-05 00:01:10.000,Mail Overview,de_pum
31220c26-6789-47e4-8218-a8078debcabf,2026-02-05 00:01:07.000,Mail Detail,de_hm
31220c26-6789-47e4-8218-a8078debcabf,2026-02-05 00:01:08.000,Mail Detail,de_hm
31220c26-6789-47e4-8218-a8078debcabf,2026-02-05 00:01:14.000,Mail Overview,de_hm
31220c26-6789-47e4-8218-a8078debcabf,2026-02-05 00:01:06.000,Mail Overview,de_hm
855dd9df-0454-48e6-8943-5440c3252007,2026-02-05 00:01:12.000,Mail Overview,de_pum
31220c26-6789-47e4-8218-a8078debcabf,2026-02-05 00:01:11.000,Mail Detail,de_hm
31220c26-6789-47e4-8218-a8078debcabf,2026-02-05 00:01:12.000,Mail Detail,de_hm
31220c26-6789-47e4-8218-a8078debcabf,2026-02-05 00:01:05.000,Mail Detail,de_hm
855dd9df-0454-48e6-8943-5440c3252007,2026-02-05 00:01:11.000,Mail Detail,de_pum
31220c26-6789-47e4-8218-a8078debcabf,2026-02-05 00:01:08.000,Mail Overview,de_hm
855dd9df-0454-48e6-8943-5440c3252007,2026-02-05 00:01:12.000,Mail Detail,de_pum
ffeab9fa-3026-4842-9599-254ae0ef21dd,2026-02-04 14:40:17.000,Mail Setup Manual,de_si
9af2ed05-478f-4b38-8dde-57a95db9a77e,2026-02-04 22:51:30.000,Mail Overview,de_mkk
bf1e8719-3638-4d52-8e60-7f87496168ec,2026-02-05 00:01:08.000,Mail Overview,de_ks
a4b9ad36-5fdd-4fc7-aa63-cc31c2594d1c,2026-02-05 00:01:05.000,Mail Overview,de_hsan
bf1e8719-3638-4d52-8e60-7f87496168ec,2026-02-05 00:01:14.000,Mail Detail,de_ks
a4b9ad36-5fdd-4fc7-aa63-cc31c2594d1c,2026-02-05 00:01:15.000,Mail Detail,de_hsan
bf1e8719-3638-4d52-8e60-7f87496168ec,2026-02-05 00:01:13.000,Mail Overview,de_ks
7b3ca64c-1c37-43a6-b312-03ce72773b13,2026-02-05 00:01:13.000,Mail Detail,de_pum
bf1e8719-3638-4d52-8e60-7f87496168ec,2026-02-05 00:01:10.000,Mail Detail,de_ks
585a94e5-38c6-4cad-aaf5-68085cc86da8,2026-02-05 00:01:10.000,Studie Modules,de_hsge
8d8d0cd9-4e4b-48c2-b186-80578f8852f4,2026-02-05 00:01:06.000,Mail Overview,de_upb
585a94e5-38c6-4cad-aaf5-68085cc86da8,2026-02-05 00:01:06.000,Studie Modules,de_hsge
585a94e5-38c6-4cad-aaf5-68085cc86da8,2026-02-05 00:01:08.000,Generic Links Overview,de_hsge
8d8d0cd9-4e4b-48c2-b186-80578f8852f4,2026-02-05 00:01:05.000,Studie Modules,de_upb
585a94e5-38c6-4cad-aaf5-68085cc86da8,2026-02-05 00:01:13.000,Mail Setup Manual,de_hsge
7425e73a-dcc1-4305-a514-16a7c390bfc5,2026-02-05 00:01:09.000,Mail Detail,de_pum
81204a04-ea8e-41bc-81f1-1c2ab8e13957,2026-02-05 00:01:19.000,Cafeteria Overview,de_fhef
242cde62-c779-4807-9eb6-b20268309de2,2026-02-05 00:01:10.000,Studie Modules,de_khb
81204a04-ea8e-41bc-81f1-1c2ab8e13957,2026-02-05 00:01:19.000,Feed,de_fhef
81204a04-ea8e-41bc-81f1-1c2ab8e13957,2026-02-04 23:58:42.000,Grades Study Chooser,de_fhef
242cde62-c779-4807-9eb6-b20268309de2,2026-02-05 00:01:12.000,Generic Links Overview,de_khb
81204a04-ea8e-41bc-81f1-1c2ab8e13957,2026-02-04 23:58:44.000,Grades Overview,de_fhef
81204a04-ea8e-41bc-81f1-1c2ab8e13957,2026-02-05 00:01:17.000,Feed,de_fhef
99867720-ddd2-4ff1-bc4e-71f59e33199b,2026-02-04 07:55:16.000,Mail Overview,de_hsa
e731265a-4be1-41a0-a14c-f9ccea9676cd,2026-02-05 00:01:21.000,Authenticator,de_pum
a2881083-8bf9-4bed-baa8-c6259138b113,2026-02-05 00:01:12.000,Settings Overview,de_hfmn
a2881083-8bf9-4bed-baa8-c6259138b113,2026-02-05 00:01:15.000,Feed,de_hfmn
febdbbb2-a166-4942-8f3a-4fa587f6462d,2026-02-04 21:45:07.000,Studie Modules,de_hslu
8996eaf8-a300-43fd-b784-6dfe5f898e46,2026-02-05 00:01:17.000,Mail Overview,de_eufb
febdbbb2-a166-4942-8f3a-4fa587f6462d,2026-02-04 21:45:08.000,Mail Overview,de_hslu
c45c8524-4f4b-4a57-b02c-af63918dcc65,2026-02-05 00:01:15.000,Mail Overview,de_pum
0694158c-1277-40c3-91b5-27d94b6fa2c4,2026-02-04 13:08:11.000,Mail Overview,de_jmu
0694158c-1277-40c3-91b5-27d94b6fa2c4,2026-02-04 13:08:11.000,Studie Modules,de_jmu
0694158c-1277-40c3-91b5-27d94b6fa2c4,2026-02-04 08:00:32.000,Mail Detail,de_jmu
0694158c-1277-40c3-91b5-27d94b6fa2c4,2026-02-04 08:00:34.000,Mail Overview,de_jmu
855dd9df-0454-48e6-8943-5440c3252007,2026-02-05 00:01:16.000,Mail Overview,de_pum
b8967f1a-a0c7-4f7a-b7db-bdbdc0914f10,2026-02-04 23:28:26.000,Mail Overview,de_ush
87580163-bb9e-4707-ba06-c0279b8f348e,2026-02-05 00:01:21.000,Settings Overview,de_bt
b8967f1a-a0c7-4f7a-b7db-bdbdc0914f10,2026-02-05 00:01:23.000,Mail Overview,de_ush
855dd9df-0454-48e6-8943-5440c3252007,2026-02-05 00:01:16.000,Mail Detail,de_pum
b8967f1a-a0c7-4f7a-b7db-bdbdc0914f10,2026-02-04 23:28:29.000,Feed,de_ush
31220c26-6789-47e4-8218-a8078debcabf,2026-02-05 00:01:19.000,Mail Overview,de_hm
31220c26-6789-47e4-8218-a8078debcabf,2026-02-05 00:01:16.000,Mail Detail,de_hm
68cdf5cb-599b-4092-bab3-80db1d0ecefb,2026-02-05 00:01:18.000,Feed,de_hsan
68cdf5cb-599b-4092-bab3-80db1d0ecefb,2026-02-05 00:01:22.000,Cafeteria Overview,de_hsan
833e1472-2d13-4646-9215-98b2cbcf83d0,2026-02-05 00:01:22.000,Studie Modules,de_thbi
833e1472-2d13-4646-9215-98b2cbcf83d0,2026-02-05 00:01:21.000,Mail Overview,de_thbi
a4b9ad36-5fdd-4fc7-aa63-cc31c2594d1c,2026-02-05 00:01:22.000,Mail Overview,de_hsan
ad0304f9-6640-4a18-a2e8-a81ab6e835d3,2026-02-05 00:01:22.000,Cafeteria Detail,de_hshb
2d7e1899-6f79-43d0-a3cc-e4a3dd89d230,2026-02-05 00:01:23.000,wallet,de_pum
a4b9ad36-5fdd-4fc7-aa63-cc31c2594d1c,2026-02-05 00:01:18.000,Mail Detail,de_hsan
ad0304f9-6640-4a18-a2e8-a81ab6e835d3,2026-02-05 00:01:19.000,Feed,de_hshb
a4b9ad36-5fdd-4fc7-aa63-cc31c2594d1c,2026-02-05 00:01:18.000,Mail Overview,de_hsan
ad0304f9-6640-4a18-a2e8-a81ab6e835d3,2026-02-05 00:01:18.000,wallet,de_hshb
ad0304f9-6640-4a18-a2e8-a81ab6e835d3,2026-02-05 00:01:20.000,Cafeteria Overview,de_hshb
28f97c08-3430-4a77-9c7f-eb28ed2e8487,2026-02-05 00:01:23.000,Mail Detail,de_bt
28f97c08-3430-4a77-9c7f-eb28ed2e8487,2026-02-05 00:01:19.000,Mail Overview,de_bt
5ab67c90-22eb-48ad-ac01-8871202012c1,2026-02-03 00:28:09.000,Mail Overview,de_tuda
26769f8b-80fd-4e40-8815-9d523872b072,2026-02-04 23:30:50.000,Mail Overview,de_hsko
5ab67c90-22eb-48ad-ac01-8871202012c1,2026-02-05 00:01:22.000,Mail Overview,de_tuda
26769f8b-80fd-4e40-8815-9d523872b072,2026-02-04 23:30:46.000,Mail Overview,de_hsko
5ab67c90-22eb-48ad-ac01-8871202012c1,2026-02-03 00:28:12.000,Mail Overview,de_tuda
5ab67c90-22eb-48ad-ac01-8871202012c1,2026-02-03 00:28:10.000,Mail Detail,de_tuda
5ab67c90-22eb-48ad-ac01-8871202012c1,2026-02-03 00:28:06.000,Mail Detail,de_tuda
26769f8b-80fd-4e40-8815-9d523872b072,2026-02-04 23:30:48.000,Mail Detail,de_hsko
cf132dca-4487-4737-9feb-abc3ad932666,2026-02-05 00:01:26.000,Mail Overview,de_evhb
cf132dca-4487-4737-9feb-abc3ad932666,2026-02-05 00:01:29.000,Mail Detail,de_evhb
88493fc8-d94b-4425-ba65-30770387a9fc,2026-02-05 00:01:20.000,Mail Overview,de_jlug
81204a04-ea8e-41bc-81f1-1c2ab8e13957,2026-02-05 00:01:21.000,Grades Overview,de_fhef
81204a04-ea8e-41bc-81f1-1c2ab8e13957,2026-02-05 00:01:28.000,Grades Login,de_fhef
cf132dca-4487-4737-9feb-abc3ad932666,2026-02-05 00:01:24.000,Feed,de_evhb
0dc53fe7-20ab-40ed-ab44-b382174b1e3d,2026-02-05 00:01:26.000,Feed Detail,de_emau
cf132dca-4487-4737-9feb-abc3ad932666,2026-02-05 00:01:25.000,Studie Modules,de_evhb
81204a04-ea8e-41bc-81f1-1c2ab8e13957,2026-02-05 00:01:27.000,Feed,de_fhef
cf132dca-4487-4737-9feb-abc3ad932666,2026-02-05 00:01:21.000,Global Ory Login,de_evhb
3e5febcf-e253-491e-b922-17a4cc71422b,2026-02-05 00:01:19.000,Mail Overview,de_tucl
e731265a-4be1-41a0-a14c-f9ccea9676cd,2026-02-05 00:01:30.000,Authenticator,de_pum
e731265a-4be1-41a0-a14c-f9ccea9676cd,2026-02-05 00:01:25.000,Authenticator Scan,de_pum
8996eaf8-a300-43fd-b784-6dfe5f898e46,2026-02-05 00:01:24.000,Mail Detail,de_eufb
7e122844-1384-493a-83eb-966d77270866,2026-02-05 00:01:33.000,Feed,de_hsnd
7e122844-1384-493a-83eb-966d77270866,2026-02-05 00:01:27.000,Mail Overview,de_hsnd
d224e1b0-7a62-4aef-b977-7f592c1b40e9,2026-02-05 00:01:32.000,Generic Links Overview,de_hsmz
d224e1b0-7a62-4aef-b977-7f592c1b40e9,2026-02-05 00:01:28.000,Career Onboarding,de_hsmz
d224e1b0-7a62-4aef-b977-7f592c1b40e9,2026-02-05 00:01:30.000,Studie Modules,de_hsmz
d224e1b0-7a62-4aef-b977-7f592c1b40e9,2026-02-05 00:01:29.000,Settings Overview,de_hsmz
d224e1b0-7a62-4aef-b977-7f592c1b40e9,2026-02-05 00:01:24.000,Settings Overview,de_hsmz
87580163-bb9e-4707-ba06-c0279b8f348e,2026-02-05 00:01:25.000,Support Chat,de_bt
31220c26-6789-47e4-8218-a8078debcabf,2026-02-05 00:01:33.000,Studie Modules,de_hm
87580163-bb9e-4707-ba06-c0279b8f348e,2026-02-05 00:01:30.000,Mail Detail,de_bt
3710a89a-599f-4dd4-b5cf-340f50abf1ff,2026-02-05 00:01:30.000,calendar_overview,de_cbs
e6193807-c5ed-46dc-958a-a4bf36988441,2026-02-05 00:01:16.000,Mail Overview,de_pum
87580163-bb9e-4707-ba06-c0279b8f348e,2026-02-05 00:01:28.000,Mail Overview,de_bt
87580163-bb9e-4707-ba06-c0279b8f348e,2026-02-05 00:01:27.000,Settings Overview,de_bt
3710a89a-599f-4dd4-b5cf-340f50abf1ff,2026-02-05 00:01:25.000,Studie Modules,de_cbs
87580163-bb9e-4707-ba06-c0279b8f348e,2026-02-05 00:01:28.000,Studie Modules,de_bt
833e1472-2d13-4646-9215-98b2cbcf83d0,2026-02-05 00:01:33.000,Mail Overview,de_thbi
36f237aa-5121-4ab5-b5fe-ac2184e2657c,2026-02-05 00:01:30.000,Wallet Login,de_tuda
36f237aa-5121-4ab5-b5fe-ac2184e2657c,2026-02-05 00:01:31.000,In App Browser Webview,de_tuda
833e1472-2d13-4646-9215-98b2cbcf83d0,2026-02-05 00:01:34.000,Mail Write,de_thbi
f125839c-070b-4691-b24c-804f43f496a4,2026-02-04 19:14:24.000,Mail Overview,de_pum
f125839c-070b-4691-b24c-804f43f496a4,2026-02-04 19:14:23.000,Studie Modules,de_pum
a4b9ad36-5fdd-4fc7-aa63-cc31c2594d1c,2026-02-05 00:01:33.000,Mail Detail,de_hsan
da9c37c4-f622-4006-a936-245e31df59fc,2026-02-05 00:01:38.000,Mail Overview,de_si
6172d441-9458-473a-a116-4c9e93c63236,2026-02-04 12:04:21.000,Studie Modules,de_tuda
ad0304f9-6640-4a18-a2e8-a81ab6e835d3,2026-02-05 00:01:39.000,Cafeteria Overview,de_hshb
6d27bfd3-2702-40f9-b4b4-e21c52872a28,2026-02-05 00:01:30.000,Career Job V2,de_tucl
9309399a-33b6-4f51-bc72-842ba1dade7b,2026-02-05 00:01:09.000,Career Onboarding,de_ks
9309399a-33b6-4f51-bc72-842ba1dade7b,2026-02-05 00:01:11.000,Settings Overview,de_ks
9309399a-33b6-4f51-bc72-842ba1dade7b,2026-02-05 00:01:37.000,Feed,de_ks
9309399a-33b6-4f51-bc72-842ba1dade7b,2026-02-05 00:01:05.000,Settings Overview,de_ks
9309399a-33b6-4f51-bc72-842ba1dade7b,2026-02-05 00:01:37.000,Studie Modules,de_ks
88493fc8-d94b-4425-ba65-30770387a9fc,2026-02-05 00:01:32.000,Mail Detail,de_jlug
2fefffe0-75b3-42e5-a765-eca568634921,2026-02-05 00:01:37.000,Calendar Day View,de_hb
4927d969-3755-43ad-a8aa-3907fc11ed97,2026-02-05 00:01:40.000,Mail Overview,de_ukl
cf132dca-4487-4737-9feb-abc3ad932666,2026-02-05 00:01:37.000,Mail Detail,de_evhb
2fefffe0-75b3-42e5-a765-eca568634921,2026-02-05 00:01:36.000,Studie Modules,de_hb
2fefffe0-75b3-42e5-a765-eca568634921,2026-02-05 00:01:38.000,Calendar Month View,de_hb
0dc53fe7-20ab-40ed-ab44-b382174b1e3d,2026-02-05 00:01:35.000,Feed,de_emau
cf132dca-4487-4737-9feb-abc3ad932666,2026-02-05 00:01:32.000,Mail Overview,de_evhb
6bd716bb-6aac-41c2-990a-fc4168111bcc,2026-02-05 00:01:30.000,Feed,de_ush
e731265a-4be1-41a0-a14c-f9ccea9676cd,2026-02-05 00:01:40.000,Authenticator Create,de_pum
af547d48-38bf-4877-a671-89fcc46b992b,2026-02-04 23:46:16.000,Mail Overview,de_ovgu
6bd716bb-6aac-41c2-990a-fc4168111bcc,2026-02-05 00:01:33.000,Mail Overview,de_ush
af547d48-38bf-4877-a671-89fcc46b992b,2026-02-04 23:46:16.000,Studie Modules,de_ovgu
6254e855-2dc2-4ae0-8f4a-4f834462053b,2026-02-04 17:23:34.000,Studie Modules,de_pum
6254e855-2dc2-4ae0-8f4a-4f834462053b,2026-02-04 17:23:37.000,Mail Overview,de_pum
6254e855-2dc2-4ae0-8f4a-4f834462053b,2026-02-04 17:23:35.000,Library Login,de_pum
fc2ce055-ded7-4d87-8ef8-2f52c2ac647e,2026-02-05 00:01:38.000,Studie Modules,de_ua
6254e855-2dc2-4ae0-8f4a-4f834462053b,2026-02-04 17:23:36.000,Studie Modules,de_pum
585a94e5-38c6-4cad-aaf5-68085cc86da8,2026-02-05 00:01:35.000,Mail Permission,de_hsge
6254e855-2dc2-4ae0-8f4a-4f834462053b,2026-02-04 17:23:31.000,Studie Modules,de_pum
585a94e5-38c6-4cad-aaf5-68085cc86da8,2026-02-05 00:01:39.000,Mail Detail,de_hsge
fc2ce055-ded7-4d87-8ef8-2f52c2ac647e,2026-02-05 00:01:35.000,Mail Overview,de_ua
6254e855-2dc2-4ae0-8f4a-4f834462053b,2026-02-04 17:23:32.000,Wallet Login,de_pum
fc2ce055-ded7-4d87-8ef8-2f52c2ac647e,2026-02-05 00:01:41.000,Cafeteria Overview,de_ua
585a94e5-38c6-4cad-aaf5-68085cc86da8,2026-02-05 00:01:37.000,Mail Overview,de_hsge
fc2ce055-ded7-4d87-8ef8-2f52c2ac647e,2026-02-05 00:01:33.000,Studie Modules,de_ua
585a94e5-38c6-4cad-aaf5-68085cc86da8,2026-02-05 00:01:32.000,Mail FolderSelection,de_hsge
7e122844-1384-493a-83eb-966d77270866,2026-02-05 00:01:41.000,Studie Modules,de_hsnd
24084eaf-8529-46f7-8e1d-9f1e7a02dbb2,2026-02-04 17:53:13.000,Studie Modules,de_ovgu
7e122844-1384-493a-83eb-966d77270866,2026-02-05 00:01:40.000,Feed,de_hsnd
15293ede-193b-4419-9a12-6bc977f5298c,2026-02-05 00:01:40.000,Mail Overview,de_hsge
7e122844-1384-493a-83eb-966d77270866,2026-02-05 00:01:35.000,Studie Modules,de_hsnd
24084eaf-8529-46f7-8e1d-9f1e7a02dbb2,2026-02-05 00:01:42.000,Studie Modules,de_ovgu
24084eaf-8529-46f7-8e1d-9f1e7a02dbb2,2026-02-04 17:53:14.000,Mail Overview,de_ovgu
24084eaf-8529-46f7-8e1d-9f1e7a02dbb2,2026-02-04 14:27:28.000,Mail Overview,de_ovgu
6512b929-8a47-4650-b639-56f6fca41c80,2026-02-04 21:31:55.000,Studie Modules,de_hszg
51f9f2dc-278e-47c6-9360-6d238ee6a4f6,2026-02-05 00:01:38.000,Mail Overview,de_hsm
51f9f2dc-278e-47c6-9360-6d238ee6a4f6,2026-02-05 00:01:37.000,Feed,de_hsm
51f9f2dc-278e-47c6-9360-6d238ee6a4f6,2026-02-05 00:01:41.000,Mail Detail,de_hsm
b8967f1a-a0c7-4f7a-b7db-bdbdc0914f10,2026-02-05 00:01:34.000,Feed,de_ush
9138065b-26fb-4929-ac89-de6c1a682291,2026-02-05 00:01:41.000,Mail Overview,de_hshz
9138065b-26fb-4929-ac89-de6c1a682291,2026-02-05 00:01:43.000,Mail Detail,de_hshz
9138065b-26fb-4929-ac89-de6c1a682291,2026-02-04 20:49:52.000,Studie Modules,de_hshz
9138065b-26fb-4929-ac89-de6c1a682291,2026-02-05 00:01:37.000,Studie Modules,de_hshz
9138065b-26fb-4929-ac89-de6c1a682291,2026-02-05 00:01:45.000,Studie Modules,de_hshz
31220c26-6789-47e4-8218-a8078debcabf,2026-02-05 00:01:36.000,Grades Login,de_hm
9138065b-26fb-4929-ac89-de6c1a682291,2026-02-04 20:49:53.000,Mail Overview,de_hshz
9138065b-26fb-4929-ac89-de6c1a682291,2026-02-05 00:01:44.000,Mail Overview,de_hshz
f125839c-070b-4691-b24c-804f43f496a4,2026-02-05 00:01:38.000,Cafeteria Detail,de_pum
28f97c08-3430-4a77-9c7f-eb28ed2e8487,2026-02-05 00:01:47.000,Mail Overview,de_bt
7425e73a-dcc1-4305-a514-16a7c390bfc5,2026-02-05 00:01:46.000,Mail Overview,de_pum
da9c37c4-f622-4006-a936-245e31df59fc,2026-02-05 00:01:44.000,Settings Overview,de_si
da9c37c4-f622-4006-a936-245e31df59fc,2026-02-05 00:01:40.000,Feed,de_si
da9c37c4-f622-4006-a936-245e31df59fc,2026-02-05 00:01:46.000,Studie Modules,de_si
da9c37c4-f622-4006-a936-245e31df59fc,2026-02-05 00:01:42.000,Studie Modules,de_si
da9c37c4-f622-4006-a936-245e31df59fc,2026-02-05 00:01:46.000,Mail Overview,de_si
9309399a-33b6-4f51-bc72-842ba1dade7b,2026-02-05 00:01:41.000,Mail Detail,de_ks
ad0304f9-6640-4a18-a2e8-a81ab6e835d3,2026-02-05 00:01:41.000,Cafeteria Detail,de_hshb
9309399a-33b6-4f51-bc72-842ba1dade7b,2026-02-05 00:01:40.000,Mail Overview,de_ks
9309399a-33b6-4f51-bc72-842ba1dade7b,2026-02-05 00:01:49.000,Studie Modules,de_ks
9309399a-33b6-4f51-bc72-842ba1dade7b,2026-02-05 00:01:46.000,Mail Overview,de_ks
36f237aa-5121-4ab5-b5fe-ac2184e2657c,2026-02-05 00:01:50.000,Wallet Login,de_tuda
4927d969-3755-43ad-a8aa-3907fc11ed97,2026-02-05 00:01:41.000,Mail Detail,de_ukl
cf132dca-4487-4737-9feb-abc3ad932666,2026-02-05 00:01:43.000,Mail Overview,de_evhb
81204a04-ea8e-41bc-81f1-1c2ab8e13957,2026-02-05 00:01:50.000,Grades Permission,de_fhef
1bfdccd5-1353-4378-aec5-0240739a8ab2,2026-02-05 00:01:46.000,Mail Overview,de_fhms
1bfdccd5-1353-4378-aec5-0240739a8ab2,2026-02-05 00:01:47.000,Mail Detail,de_fhms
e731265a-4be1-41a0-a14c-f9ccea9676cd,2026-02-05 00:01:49.000,Authenticator Create,de_pum
e731265a-4be1-41a0-a14c-f9ccea9676cd,2026-02-05 00:01:46.000,Authenticator,de_pum
9194001e-9708-469f-842e-3563e7548ea4,2026-02-04 21:43:45.000,Studie Modules,de_hsmz
1bfdccd5-1353-4378-aec5-0240739a8ab2,2026-02-05 00:01:42.000,Studie Modules,de_fhms
585a94e5-38c6-4cad-aaf5-68085cc86da8,2026-02-05 00:01:49.000,Mail Detail,de_hsge
024062f5-c36e-4c39-8d1a-f1f5c1ce1f30,2026-02-04 23:17:06.000,Studie Modules,de_pum
024062f5-c36e-4c39-8d1a-f1f5c1ce1f30,2026-02-04 23:17:07.000,Mail Overview,de_pum
585a94e5-38c6-4cad-aaf5-68085cc86da8,2026-02-05 00:01:47.000,Mail Overview,de_hsge
14fd2ce5-9e87-4905-99cb-2273ce1cff56,2026-02-05 00:01:46.000,Mail Overview,de_fhef
585a94e5-38c6-4cad-aaf5-68085cc86da8,2026-02-05 00:01:42.000,Mail Detail,de_hsge
585a94e5-38c6-4cad-aaf5-68085cc86da8,2026-02-05 00:01:42.000,Mail Overview,de_hsge
fc2ce055-ded7-4d87-8ef8-2f52c2ac647e,2026-02-05 00:01:42.000,Cafeteria Detail,de_ua
3e5febcf-e253-491e-b922-17a4cc71422b,2026-02-05 00:01:50.000,Feed,de_tucl
2d547439-3420-4908-8820-904d4a366520,2026-02-04 21:14:55.000,Studie Modules,de_jlug
cb660bf8-4b73-4cbc-91c5-e96539d9d0b5,2026-02-02 06:54:30.000,Mail Overview,de_ovgu
cb660bf8-4b73-4cbc-91c5-e96539d9d0b5,2026-02-02 06:54:20.000,Mail Overview,de_ovgu
cb660bf8-4b73-4cbc-91c5-e96539d9d0b5,2026-02-02 06:54:22.000,Mail Detail,de_ovgu
2d547439-3420-4908-8820-904d4a366520,2026-02-04 21:14:56.000,Generic Links Overview,de_jlug
2d547439-3420-4908-8820-904d4a366520,2026-02-05 00:01:53.000,Studie Modules,de_jlug
cb660bf8-4b73-4cbc-91c5-e96539d9d0b5,2026-02-02 06:54:30.000,Mail Detail,de_ovgu
2d547439-3420-4908-8820-904d4a366520,2026-02-04 21:15:06.000,Generic Links Overview,de_jlug
2d547439-3420-4908-8820-904d4a366520,2026-02-04 21:15:06.000,Studie Modules,de_jlug
cb660bf8-4b73-4cbc-91c5-e96539d9d0b5,2026-02-02 06:54:33.000,Mail Overview,de_ovgu
7e122844-1384-493a-83eb-966d77270866,2026-02-05 00:01:52.000,Feed,de_hsnd
6a01d154-b450-4368-b6ec-bdd5ac158392,2026-02-05 00:01:46.000,Feed Detail,de_thm
7e122844-1384-493a-83eb-966d77270866,2026-02-05 00:01:53.000,Studie Modules,de_hsnd
9138065b-26fb-4929-ac89-de6c1a682291,2026-02-05 00:01:46.000,Grades Overview,de_hshz
d224e1b0-7a62-4aef-b977-7f592c1b40e9,2026-02-05 00:01:49.000,Studie Modules,de_hsmz
d224e1b0-7a62-4aef-b977-7f592c1b40e9,2026-02-05 00:01:51.000,Generic Links Overview,de_hsmz
31220c26-6789-47e4-8218-a8078debcabf,2026-02-05 00:01:45.000,Authenticator,de_hm
1be8ed9e-6d28-4736-9177-39e960e7eb51,2026-02-05 00:01:53.000,Feed,de_pum
1be8ed9e-6d28-4736-9177-39e960e7eb51,2026-02-05 00:01:52.000,Studie Modules,de_pum
28f97c08-3430-4a77-9c7f-eb28ed2e8487,2026-02-05 00:01:49.000,Mail Detail,de_bt
7425e73a-dcc1-4305-a514-16a7c390bfc5,2026-02-05 00:01:57.000,Mail Detail,de_pum
4927d969-3755-43ad-a8aa-3907fc11ed97,2026-02-05 00:01:58.000,Mail Overview,de_ukl
4927d969-3755-43ad-a8aa-3907fc11ed97,2026-02-05 00:01:55.000,Mail Detail,de_ukl
36f237aa-5121-4ab5-b5fe-ac2184e2657c,2026-02-05 00:01:51.000,In App Browser Webview,de_tuda
cf132dca-4487-4737-9feb-abc3ad932666,2026-02-05 00:01:58.000,Mail Overview,de_evhb
4927d969-3755-43ad-a8aa-3907fc11ed97,2026-02-05 00:01:52.000,Mail Overview,de_ukl
ad0304f9-6640-4a18-a2e8-a81ab6e835d3,2026-02-05 00:01:54.000,Cafeteria Overview,de_hshb
ad0304f9-6640-4a18-a2e8-a81ab6e835d3,2026-02-05 00:01:58.000,Cafeteria Detail,de_hshb
e99698d5-cbb1-482b-8245-2b1a4104fa16,2026-02-05 00:01:28.000,Feed,de_hsa
cf132dca-4487-4737-9feb-abc3ad932666,2026-02-05 00:01:55.000,Mail Detail,de_evhb
e99698d5-cbb1-482b-8245-2b1a4104fa16,2026-02-04 23:25:26.000,Studie Modules,de_hsa
fd57addc-435f-4d3f-a4f7-b4eb6eeb6936,2026-02-04 17:31:55.000,Mail Overview,de_pum
fd57addc-435f-4d3f-a4f7-b4eb6eeb6936,2026-02-04 17:20:12.000,wallet,de_pum
81204a04-ea8e-41bc-81f1-1c2ab8e13957,2026-02-05 00:01:53.000,Grades Overview,de_fhef
1bfdccd5-1353-4378-aec5-0240739a8ab2,2026-02-05 00:01:53.000,Mail Overview,de_fhms
1bfdccd5-1353-4378-aec5-0240739a8ab2,2026-02-05 00:02:00.000,Mail Detail,de_fhms
fd57addc-435f-4d3f-a4f7-b4eb6eeb6936,2026-02-04 17:20:11.000,Studie Modules,de_pum
e731265a-4be1-41a0-a14c-f9ccea9676cd,2026-02-05 00:01:59.000,Authenticator Scan,de_pum
e731265a-4be1-41a0-a14c-f9ccea9676cd,2026-02-05 00:01:54.000,Authenticator,de_pum
fd57addc-435f-4d3f-a4f7-b4eb6eeb6936,2026-02-04 17:31:52.000,Studie Modules,de_pum
fd57addc-435f-4d3f-a4f7-b4eb6eeb6936,2026-02-04 17:32:10.000,Mail Detail,de_pum
87580163-bb9e-4707-ba06-c0279b8f348e,2026-02-05 00:02:03.000,Mail Overview,de_bt
3e5febcf-e253-491e-b922-17a4cc71422b,2026-02-05 00:02:00.000,Mail Overview,de_tucl
2d547439-3420-4908-8820-904d4a366520,2026-02-05 00:01:57.000,Studie Modules,de_jlug
2d547439-3420-4908-8820-904d4a366520,2026-02-05 00:01:58.000,Generic Links Overview,de_jlug
2d547439-3420-4908-8820-904d4a366520,2026-02-05 00:01:53.000,Mail Overview,de_jlug
1ad40d19-7972-46d6-9057-9c5da6305ec2,2026-02-05 00:01:59.000,Studie Modules,de_pum
1ad40d19-7972-46d6-9057-9c5da6305ec2,2026-02-05 00:02:02.000,Mail Detail,de_pum
1ad40d19-7972-46d6-9057-9c5da6305ec2,2026-02-05 00:01:59.000,Mail Overview,de_pum
31220c26-6789-47e4-8218-a8078debcabf,2026-02-05 00:01:56.000,Settings Pincode,de_hm
40b4c01d-6d0a-4f91-90fc-839bd610919e,2026-02-04 23:26:24.000,Mail Overview,de_si
0dafd96f-c7f0-4729-b493-e2e2cb4c2b2f,2026-02-04 23:16:01.000,Studie Modules,de_hbc
0dafd96f-c7f0-4729-b493-e2e2cb4c2b2f,2026-02-04 18:25:05.000,Studie Modules,de_hbc
0dafd96f-c7f0-4729-b493-e2e2cb4c2b2f,2026-02-04 23:16:03.000,Studie Modules,de_hbc
0dafd96f-c7f0-4729-b493-e2e2cb4c2b2f,2026-02-04 23:16:02.000,Mail Overview,de_hbc
0dafd96f-c7f0-4729-b493-e2e2cb4c2b2f,2026-02-04 18:25:06.000,Feed,de_hbc
dcffd00f-eb32-44c5-b6dc-f19c84a80c89,2026-02-05 00:02:00.000,Mail Overview,de_hsge
dcffd00f-eb32-44c5-b6dc-f19c84a80c89,2026-02-05 00:02:05.000,Mail Detail,de_hsge
edf1b6c4-3d84-4e05-ac20-ecce141e5b22,2026-02-05 00:02:05.000,Grades Overview,de_hspf
3483a603-28c6-44be-967d-e8c7a5278e51,2026-02-05 00:02:06.000,Mail Overview,de_fhms
3483a603-28c6-44be-967d-e8c7a5278e51,2026-02-05 00:02:05.000,Studie Modules,de_fhms
4927d969-3755-43ad-a8aa-3907fc11ed97,2026-02-05 00:02:01.000,Mail Detail,de_ukl
e731265a-4be1-41a0-a14c-f9ccea9676cd,2026-02-05 00:02:05.000,Authenticator Create,de_pum
9e4fc166-159f-46d7-981e-5f61352d2dcd,2026-02-04 21:14:58.000,Studie Modules,de_hsm
9e4fc166-159f-46d7-981e-5f61352d2dcd,2026-02-05 00:02:10.000,Mail Overview,de_hsm
1bfdccd5-1353-4378-aec5-0240739a8ab2,2026-02-05 00:02:05.000,Mail Overview,de_fhms
14fd2ce5-9e87-4905-99cb-2273ce1cff56,2026-02-05 00:02:11.000,Mail Detail,de_fhef
9e4fc166-159f-46d7-981e-5f61352d2dcd,2026-02-05 00:02:09.000,Studie Modules,de_hsm
9e4fc166-159f-46d7-981e-5f61352d2dcd,2026-02-04 21:14:59.000,Mail Overview,de_hsm
e731265a-4be1-41a0-a14c-f9ccea9676cd,2026-02-05 00:02:01.000,Authenticator,de_pum
3b45b075-b275-4286-a62e-6723713eb571,2026-02-04 23:36:14.000,Feed,de_hm
5eec0984-c007-4e9b-ae51-92c1ee61c418,2026-02-05 00:02:08.000,Mail Overview,de_fhef
3b45b075-b275-4286-a62e-6723713eb571,2026-02-04 23:36:06.000,Feed Detail,de_hm
1ad40d19-7972-46d6-9057-9c5da6305ec2,2026-02-05 00:02:12.000,Mail Overview,de_pum
2f4e2ca4-42ea-413c-a7c6-e38b3f4ca841,2026-02-05 00:02:15.000,Studie Modules,de_hm
31220c26-6789-47e4-8218-a8078debcabf,2026-02-05 00:02:09.000,Authenticator,de_hm
2f4e2ca4-42ea-413c-a7c6-e38b3f4ca841,2026-02-05 00:02:13.000,Feed,de_hm
1ad40d19-7972-46d6-9057-9c5da6305ec2,2026-02-05 00:02:13.000,Studie Modules,de_pum
31220c26-6789-47e4-8218-a8078debcabf,2026-02-05 00:02:12.000,Grades Login,de_hm
80a0de86-968c-4087-9dfa-5e1948ec33f4,2026-02-04 12:03:24.000,Mail Overview,de_fhms
d8d7df3d-e610-4b5b-96bd-7dee01138583,2026-02-05 00:02:12.000,Grades Overview,de_emau
1be8ed9e-6d28-4736-9177-39e960e7eb51,2026-02-05 00:02:17.000,Cafeteria Detail,de_pum
80a0de86-968c-4087-9dfa-5e1948ec33f4,2026-02-04 11:41:35.000,Feed,de_fhms
80a0de86-968c-4087-9dfa-5e1948ec33f4,2026-02-05 00:02:15.000,Mail Overview,de_fhms
f600adda-0a95-452e-bfb5-4f8ee09e5856,2026-02-04 20:11:38.000,Global Ory Login,de_si
d8d7df3d-e610-4b5b-96bd-7dee01138583,2026-02-05 00:02:10.000,Feed,de_emau
f72d38b4-6084-4512-b444-8c2f7eef2f3a,2026-02-04 22:03:40.000,Cafeteria Overview,de_lg
4927d969-3755-43ad-a8aa-3907fc11ed97,2026-02-05 00:02:13.000,Mail Overview,de_ukl
4927d969-3755-43ad-a8aa-3907fc11ed97,2026-02-05 00:02:16.000,Mail Detail,de_ukl
bcfc5846-6d08-43bd-9060-dac5cbec14c8,2026-02-04 23:39:03.000,Mail Detail,de_uhi
4927d969-3755-43ad-a8aa-3907fc11ed97,2026-02-05 00:02:18.000,Mail Overview,de_ukl
14fd2ce5-9e87-4905-99cb-2273ce1cff56,2026-02-05 00:02:13.000,Mail Overview,de_fhef
5eec0984-c007-4e9b-ae51-92c1ee61c418,2026-02-05 00:02:19.000,Mail Overview,de_fhef
5eec0984-c007-4e9b-ae51-92c1ee61c418,2026-02-05 00:02:18.000,Mail Detail,de_fhef
98107398-4e30-4e28-ae8b-86965ba8a39c,2026-02-05 00:02:16.000,Library Overview,de_ua
11e1b2c8-1089-4b45-b6dd-c854486f4038,2026-02-04 11:20:03.000,Studie Modules,de_tucl
2f4e2ca4-42ea-413c-a7c6-e38b3f4ca841,2026-02-05 00:02:16.000,Mail Overview,de_hm
b4b57aaa-fce1-4e3f-b774-f6d061d1acf8,2026-02-04 23:49:39.000,Mail Overview,de_hsko
98107398-4e30-4e28-ae8b-86965ba8a39c,2026-02-05 00:02:15.000,Studie Modules,de_ua
98107398-4e30-4e28-ae8b-86965ba8a39c,2026-02-05 00:02:17.000,Library Detail,de_ua
5eee2238-4da4-443f-a0ff-3cfb6fb5e0f7,2026-02-04 23:20:13.000,Studie Modules,de_jlug
6a01d154-b450-4368-b6ec-bdd5ac158392,2026-02-05 00:02:26.000,Feed,de_thm
7425e73a-dcc1-4305-a514-16a7c390bfc5,2026-02-05 00:02:26.000,Mail Overview,de_pum
5224fc9d-ff13-4c67-99f2-cf4ff86cd350,2026-02-04 20:45:03.000,Studie Modules,de_eufb
5eee2238-4da4-443f-a0ff-3cfb6fb5e0f7,2026-02-04 23:20:14.000,Mail Overview,de_jlug
80a0de86-968c-4087-9dfa-5e1948ec33f4,2026-02-05 00:02:24.000,Mail Overview,de_fhms
80a0de86-968c-4087-9dfa-5e1948ec33f4,2026-02-05 00:02:21.000,Feed,de_fhms
31220c26-6789-47e4-8218-a8078debcabf,2026-02-05 00:02:27.000,Authenticator,de_hm
7169cf90-b48b-44ee-ae97-9691303c2a51,2026-02-05 00:02:19.000,Mail Overview,de_upb
5d18c00d-b8be-4836-8cca-7687569f673c,2026-02-05 00:02:18.000,Mail Overview,de_bt
7169cf90-b48b-44ee-ae97-9691303c2a51,2026-02-05 00:02:18.000,Studie Modules,de_upb
7169cf90-b48b-44ee-ae97-9691303c2a51,2026-02-05 00:02:21.000,Studie Modules,de_upb
42bbf353-7ada-415f-9fdd-334ff0bc8b16,2026-02-04 23:53:05.000,Calendar Month View,de_si
42bbf353-7ada-415f-9fdd-334ff0bc8b16,2026-02-04 23:52:52.000,Career Main,de_si
42bbf353-7ada-415f-9fdd-334ff0bc8b16,2026-02-04 23:52:56.000,Studie Modules,de_si
42bbf353-7ada-415f-9fdd-334ff0bc8b16,2026-02-04 23:53:00.000,Calendar Day View,de_si
36f237aa-5121-4ab5-b5fe-ac2184e2657c,2026-02-05 00:02:22.000,wallet,de_tuda
36f237aa-5121-4ab5-b5fe-ac2184e2657c,2026-02-05 00:02:21.000,Wallet Login,de_tuda
095180be-f2b9-40a6-90c2-7975ab2318b1,2026-02-05 00:02:23.000,Studie Modules,de_phw
3a5e460e-060d-4422-bcd3-f32814a34b73,2026-02-05 00:02:28.000,Mail Detail,de_hdm
3a5e460e-060d-4422-bcd3-f32814a34b73,2026-02-05 00:02:32.000,Mail Overview,de_hdm
1bfdccd5-1353-4378-aec5-0240739a8ab2,2026-02-05 00:02:34.000,Mail Detail,de_fhms
3a5e460e-060d-4422-bcd3-f32814a34b73,2026-02-05 00:02:24.000,Mail Overview,de_hdm
f208f437-5519-4f67-8b62-dbaf65ecf483,2026-02-05 00:02:32.000,Feed,de_hszg
5eec0984-c007-4e9b-ae51-92c1ee61c418,2026-02-05 00:02:27.000,Mail Detail,de_fhef
f208f437-5519-4f67-8b62-dbaf65ecf483,2026-02-05 00:02:28.000,Cafeteria Overview,de_hszg
11e1b2c8-1089-4b45-b6dd-c854486f4038,2026-02-04 11:20:04.000,Mail Overview,de_tucl
7425e73a-dcc1-4305-a514-16a7c390bfc5,2026-02-05 00:02:36.000,Mail Detail,de_pum
11e1b2c8-1089-4b45-b6dd-c854486f4038,2026-02-04 11:20:08.000,Grades Overview,de_tucl
11e1b2c8-1089-4b45-b6dd-c854486f4038,2026-02-04 11:20:07.000,Studie Modules,de_tucl
c2ad1a7f-05e6-4cfb-9ab0-8834aa1c7b55,2026-02-05 00:02:36.000,Feed,de_jlug
c2ad1a7f-05e6-4cfb-9ab0-8834aa1c7b55,2026-02-05 00:02:36.000,Cafeteria Overview,de_jlug
c2ad1a7f-05e6-4cfb-9ab0-8834aa1c7b55,2026-02-05 00:02:36.000,Studie Modules,de_jlug
31220c26-6789-47e4-8218-a8078debcabf,2026-02-05 00:02:29.000,Settings Pincode,de_hm
31220c26-6789-47e4-8218-a8078debcabf,2026-02-05 00:02:37.000,Authenticator,de_hm
1c915801-c687-4920-8461-95258b301046,2026-02-04 12:47:21.000,Mail Overview,de_pum
1c915801-c687-4920-8461-95258b301046,2026-02-04 12:47:11.000,Studie Modules,de_pum
1c915801-c687-4920-8461-95258b301046,2026-02-04 12:47:12.000,Mail Overview,de_pum
1c915801-c687-4920-8461-95258b301046,2026-02-04 12:47:14.000,Mail Detail,de_pum
8b5832cf-4687-4729-bc71-bea823cd9175,2026-02-05 00:02:31.000,Mail Overview,de_hnee
36f237aa-5121-4ab5-b5fe-ac2184e2657c,2026-02-05 00:02:40.000,wallet,de_tuda
ad0304f9-6640-4a18-a2e8-a81ab6e835d3,2026-02-05 00:02:40.000,Cafeteria Overview,de_hshb
36f237aa-5121-4ab5-b5fe-ac2184e2657c,2026-02-05 00:02:38.000,Wallet Disclaimer,de_tuda
d2ee3cf5-09dd-44ac-9122-284d893f255f,2026-02-04 21:20:01.000,Studie Modules,de_pum
d2ee3cf5-09dd-44ac-9122-284d893f255f,2026-02-04 21:20:02.000,Mail Overview,de_pum
e64b5537-ea6d-4ee8-ad09-5e9748382341,2026-02-05 00:02:33.000,Studie Modules,de_si
edec55c3-1df7-4d95-92d6-75d18080a663,2026-02-05 00:02:38.000,Mail Detail,de_hsm
edec55c3-1df7-4d95-92d6-75d18080a663,2026-02-05 00:02:33.000,Mail Overview,de_hsm
e64b5537-ea6d-4ee8-ad09-5e9748382341,2026-02-05 00:02:34.000,Mail Overview,de_si
61c42498-b88e-431a-9e5a-25ff7a9ce896,2026-02-03 10:08:06.000,Mail Overview,de_ks
e64b5537-ea6d-4ee8-ad09-5e9748382341,2026-02-04 20:59:59.000,Mail Overview,de_si
1bfdccd5-1353-4378-aec5-0240739a8ab2,2026-02-05 00:02:41.000,Mail Overview,de_fhms
8ee92fcb-b85a-440d-b97d-7970a8ddea82,2026-02-05 00:02:42.000,Career Onboarding,de_si
8a82ae8a-a80e-4511-8139-517738234a18,2026-02-04 19:43:32.000,Studie Modules,de_hspf
8a82ae8a-a80e-4511-8139-517738234a18,2026-02-04 19:43:28.000,Studie Modules,de_hspf
8a82ae8a-a80e-4511-8139-517738234a18,2026-02-04 19:43:25.000,Todo,de_hspf
8a82ae8a-a80e-4511-8139-517738234a18,2026-02-04 16:28:39.000,Grades Overview,de_hspf
8a82ae8a-a80e-4511-8139-517738234a18,2026-02-04 19:43:24.000,Studie Modules,de_hspf
8a82ae8a-a80e-4511-8139-517738234a18,2026-02-04 19:43:30.000,Grades Overview,de_hspf
8a82ae8a-a80e-4511-8139-517738234a18,2026-02-04 16:28:42.000,Feed,de_hspf
7425e73a-dcc1-4305-a514-16a7c390bfc5,2026-02-05 00:02:44.000,Mail Overview,de_pum
290e1f8a-8bbc-48fa-aaab-4a587fed8b66,2026-02-05 00:02:41.000,Studie Modules,de_si
290e1f8a-8bbc-48fa-aaab-4a587fed8b66,2026-02-05 00:02:44.000,Grades Overview,de_si
0b37e45f-3cc1-4137-b641-c356337df000,2026-02-04 23:03:30.000,Studie Modules,de_dhbws
5ab67c90-22eb-48ad-ac01-8871202012c1,2026-02-05 00:02:46.000,Mail Detail,de_tuda
10c23215-2916-4c49-9d13-154c60e30cc8,2026-02-04 12:41:52.000,Grades Overview,de_dhbws
31220c26-6789-47e4-8218-a8078debcabf,2026-02-05 00:02:42.000,Authenticator Create,de_hm
10c23215-2916-4c49-9d13-154c60e30cc8,2026-02-04 06:31:57.000,Mail Detail,de_dhbws
36f237aa-5121-4ab5-b5fe-ac2184e2657c,2026-02-05 00:02:42.000,Wallet Disclaimer,de_tuda
76fdf816-dc73-408c-a399-b065062b727f,2026-02-05 00:01:11.000,Feed,de_thm
edec55c3-1df7-4d95-92d6-75d18080a663,2026-02-05 00:02:53.000,Mail Detail,de_hsm
edec55c3-1df7-4d95-92d6-75d18080a663,2026-02-05 00:02:52.000,Mail Overview,de_hsm
5c4aa6cb-1c79-472b-9f49-fb003ae21939,2026-02-04 09:37:15.000,Cafeteria Overview,de_pum
0edaf757-bd10-46a9-abc5-c0103eddce94,2026-02-05 00:02:47.000,Mail Detail,de_fhpo
0edaf757-bd10-46a9-abc5-c0103eddce94,2026-02-05 00:02:45.000,Mail Overview,de_fhpo
0edaf757-bd10-46a9-abc5-c0103eddce94,2026-02-05 00:02:56.000,Mail Detail,de_fhpo
0edaf757-bd10-46a9-abc5-c0103eddce94,2026-02-05 00:02:55.000,Mail Overview,de_fhpo
f7d758dc-a58b-4ba9-92f8-4bee8c030f7d,2026-02-04 17:15:10.000,Mail Overview,de_cbs
3ee6f22b-63de-46f1-960f-60f564cabcaa,2026-02-04 22:56:37.000,Mail Overview,de_fhef
e731265a-4be1-41a0-a14c-f9ccea9676cd,2026-02-05 00:02:49.000,Authenticator,de_pum
d0e1bc05-b1d5-4b3c-9e97-1c7ef8160aec,2026-02-04 09:54:08.000,Studie Modules,de_hslu
d0e1bc05-b1d5-4b3c-9e97-1c7ef8160aec,2026-02-04 09:54:14.000,Mail Detail,de_hslu
28f97c08-3430-4a77-9c7f-eb28ed2e8487,2026-02-05 00:02:59.000,Mail Overview,de_bt
d0e1bc05-b1d5-4b3c-9e97-1c7ef8160aec,2026-02-04 09:54:09.000,Mail Overview,de_hslu
76fdf816-dc73-408c-a399-b065062b727f,2026-02-05 00:03:00.000,Feed,de_thm
76fdf816-dc73-408c-a399-b065062b727f,2026-02-05 00:02:51.000,Grades Overview,de_thm
a5beda4d-2872-437b-88df-39005b1fef2f,2026-02-05 00:02:56.000,Mail Detail,de_hslu
f8ab95e3-bdc8-4fdb-98da-e1883ff9b653,2026-02-05 00:02:54.000,Mail Overview,de_eufb
f8ab95e3-bdc8-4fdb-98da-e1883ff9b653,2026-02-05 00:02:53.000,Studie Modules,de_eufb
a5beda4d-2872-437b-88df-39005b1fef2f,2026-02-05 00:02:54.000,Mail Overview,de_hslu
a5beda4d-2872-437b-88df-39005b1fef2f,2026-02-05 00:03:01.000,Mail Overview,de_hslu
a5beda4d-2872-437b-88df-39005b1fef2f,2026-02-05 00:02:53.000,Studie Modules,de_hslu
f8ab95e3-bdc8-4fdb-98da-e1883ff9b653,2026-02-05 00:02:52.000,Feed,de_eufb
7e8992c6-c3c7-42ea-b878-ff8e7f323fa5,2026-02-05 00:03:02.000,Mail Detail,de_bt
f2e1f41f-6a26-4474-b596-4bb88231600b,2026-02-04 19:06:48.000,Studie Modules,de_hm
f2e1f41f-6a26-4474-b596-4bb88231600b,2026-02-02 17:47:53.000,Studie Modules,de_hm
f2e1f41f-6a26-4474-b596-4bb88231600b,2026-02-04 19:07:46.000,Mail Overview,de_hm
f2e1f41f-6a26-4474-b596-4bb88231600b,2026-02-04 19:07:22.000,Mail Detail,de_hm
f2e1f41f-6a26-4474-b596-4bb88231600b,2026-02-04 19:07:05.000,Mail Overview,de_hm
25800702-20a5-4074-ab37-cbed1eee0f34,2026-02-05 00:03:04.000,Games Battleships Profile,de_hawl
ad2c15f7-6e54-4f43-a900-217bb0dd9b0f,2026-02-04 20:11:27.000,Feed,de_hsma
0edaf757-bd10-46a9-abc5-c0103eddce94,2026-02-05 00:03:03.000,Mail Overview,de_fhpo
0edaf757-bd10-46a9-abc5-c0103eddce94,2026-02-05 00:03:02.000,Studie Modules,de_fhpo
0edaf757-bd10-46a9-abc5-c0103eddce94,2026-02-05 00:03:01.000,Feed,de_fhpo
0edaf757-bd10-46a9-abc5-c0103eddce94,2026-02-05 00:02:57.000,Mail Overview,de_fhpo
b670b9d0-d0a9-4142-ab1b-36391ca78129,2026-02-05 00:03:07.000,Mail Overview,de_si
157e7c03-8b32-41b1-974c-b6b78c18f4ff,2026-02-04 07:04:34.000,Feed Detail,ch_phz
1bfdccd5-1353-4378-aec5-0240739a8ab2,2026-02-05 00:03:08.000,Mail Detail,de_fhms
f10e8868-9b60-4db3-8b3a-5ecef2b52b65,2026-02-04 22:36:34.000,Mail Overview,de_ua
f10e8868-9b60-4db3-8b3a-5ecef2b52b65,2026-02-04 09:10:32.000,Mail Overview,de_ua
8ee92fcb-b85a-440d-b97d-7970a8ddea82,2026-02-05 00:03:04.000,Mail Overview,de_si
8ee92fcb-b85a-440d-b97d-7970a8ddea82,2026-02-05 00:02:44.000,Studie Modules,de_si
8ee92fcb-b85a-440d-b97d-7970a8ddea82,2026-02-05 00:03:10.000,Generic Links Overview,de_si
8ee92fcb-b85a-440d-b97d-7970a8ddea82,2026-02-05 00:03:07.000,Studie Modules,de_si
8ee92fcb-b85a-440d-b97d-7970a8ddea82,2026-02-05 00:03:03.000,Studie Modules,de_si
290e1f8a-8bbc-48fa-aaab-4a587fed8b66,2026-02-05 00:03:12.000,Studie Modules,de_si
edec55c3-1df7-4d95-92d6-75d18080a663,2026-02-05 00:03:12.000,Mail Overview,de_hsm
9cb133ce-005f-499f-acf4-14f3e47f9a75,2026-02-05 00:03:05.000,Studie Modules,de_pum
9cb133ce-005f-499f-acf4-14f3e47f9a75,2026-02-05 00:03:06.000,Mail Overview,de_pum
9cb133ce-005f-499f-acf4-14f3e47f9a75,2026-02-05 00:03:08.000,Mail Detail,de_pum
36f237aa-5121-4ab5-b5fe-ac2184e2657c,2026-02-05 00:03:13.000,wallet,de_tuda
d0e1bc05-b1d5-4b3c-9e97-1c7ef8160aec,2026-02-04 09:54:33.000,Mail Overview,de_hslu
d0e1bc05-b1d5-4b3c-9e97-1c7ef8160aec,2026-02-04 09:54:20.000,Mail Detail,de_hslu
d0e1bc05-b1d5-4b3c-9e97-1c7ef8160aec,2026-02-04 09:54:22.000,Mail Overview,de_hslu
d0e1bc05-b1d5-4b3c-9e97-1c7ef8160aec,2026-02-04 09:54:28.000,Mail Detail,de_hslu
d0e1bc05-b1d5-4b3c-9e97-1c7ef8160aec,2026-02-04 09:54:27.000,Mail Overview,de_hslu
d0e1bc05-b1d5-4b3c-9e97-1c7ef8160aec,2026-02-04 09:54:21.000,Mail Detail,de_hslu
d0e1bc05-b1d5-4b3c-9e97-1c7ef8160aec,2026-02-04 09:54:21.000,Mail Overview,de_hslu
d0e1bc05-b1d5-4b3c-9e97-1c7ef8160aec,2026-02-04 09:54:19.000,Mail Overview,de_hslu
d0e1bc05-b1d5-4b3c-9e97-1c7ef8160aec,2026-02-04 09:54:30.000,Mail Detail,de_hslu
d0e1bc05-b1d5-4b3c-9e97-1c7ef8160aec,2026-02-04 09:54:30.000,Mail Overview,de_hslu
d0e1bc05-b1d5-4b3c-9e97-1c7ef8160aec,2026-02-04 09:54:22.000,Mail Detail,de_hslu
f6386970-a69c-49ee-a5eb-c725406e2a94,2026-02-05 00:03:13.000,Grades Overview,de_hsko
86b82009-d706-4052-b738-584a75317e10,2026-02-05 00:03:10.000,Mail Overview,de_hsko
f6386970-a69c-49ee-a5eb-c725406e2a94,2026-02-05 00:03:11.000,Studie Modules,de_hsko
1bfdccd5-1353-4378-aec5-0240739a8ab2,2026-02-05 00:03:11.000,Mail Overview,de_fhms
ee63edb2-583d-49b7-b43f-17a340b0ad62,2026-02-05 00:03:19.000,Studie Modules,de_si
cd7368fb-de8f-4c9f-9b4e-31576a535f50,2026-02-03 11:05:10.000,Cafeteria Overview,de_cau
49146400-d40d-4bbd-8562-f96f84e821a1,2026-02-04 21:50:29.000,Studie Modules,de_ovgu
fd8283a7-7f9d-40a9-bdf6-2f268d612d28,2026-02-04 13:29:51.000,Feed Detail,de_hsge
49146400-d40d-4bbd-8562-f96f84e821a1,2026-02-04 21:50:31.000,Mail Overview,de_ovgu
49146400-d40d-4bbd-8562-f96f84e821a1,2026-02-04 13:52:42.000,Studie Modules,de_ovgu
f125839c-070b-4691-b24c-804f43f496a4,2026-02-05 00:03:14.000,Mail Overview,de_pum
edec55c3-1df7-4d95-92d6-75d18080a663,2026-02-05 00:03:15.000,Grades With API Overview,de_hsm
290e1f8a-8bbc-48fa-aaab-4a587fed8b66,2026-02-05 00:03:13.000,Mail Overview,de_si
edec55c3-1df7-4d95-92d6-75d18080a663,2026-02-05 00:03:19.000,Grades With API Detail,de_hsm
edec55c3-1df7-4d95-92d6-75d18080a663,2026-02-05 00:03:14.000,Feed,de_hsm
5d6d9b9c-331c-40b7-bb91-b0e3356edf62,2026-02-05 00:03:18.000,Mail Overview,de_ehl
4a8d2f9e-0c57-4dcd-9e77-160859b02df9,2026-02-05 00:03:19.000,Mail Overview,de_jlug
ba33cd9e-85d1-4ede-a40a-57b1f8a9e58e,2026-02-05 00:03:16.000,Feed,de_hslu
c28aef02-6ace-47b3-9634-305f6c928b33,2026-02-05 00:03:11.000,Feed Detail,de_hsfd
ba33cd9e-85d1-4ede-a40a-57b1f8a9e58e,2026-02-05 00:03:20.000,Studie Modules,de_hslu
36f237aa-5121-4ab5-b5fe-ac2184e2657c,2026-02-05 00:03:19.000,Wallet Disclaimer,de_tuda
ba33cd9e-85d1-4ede-a40a-57b1f8a9e58e,2026-02-05 00:03:22.000,Mail Overview,de_hslu
ba33cd9e-85d1-4ede-a40a-57b1f8a9e58e,2026-02-05 00:03:14.000,Mail Overview,de_hslu
4a8d2f9e-0c57-4dcd-9e77-160859b02df9,2026-02-05 00:03:17.000,Studie Modules,de_jlug
36f237aa-5121-4ab5-b5fe-ac2184e2657c,2026-02-05 00:03:22.000,wallet,de_tuda
0e15be07-6d20-4ef9-a2f5-244e8fefde93,2026-02-04 23:39:25.000,Mail Detail,de_hm
6de2d0dc-41a4-451f-a453-e8924a275e21,2026-02-05 00:03:21.000,Mail Overview,de_dhbws
0e15be07-6d20-4ef9-a2f5-244e8fefde93,2026-02-04 23:38:58.000,Mail Overview,de_hm
86b82009-d706-4052-b738-584a75317e10,2026-02-05 00:03:19.000,Feed,de_hsko
86b82009-d706-4052-b738-584a75317e10,2026-02-05 00:03:21.000,Grades Overview,de_hsko
0e15be07-6d20-4ef9-a2f5-244e8fefde93,2026-02-04 23:39:06.000,Mail Detail,de_hm
0e15be07-6d20-4ef9-a2f5-244e8fefde93,2026-02-04 23:39:28.000,Mail Overview,de_hm
0e15be07-6d20-4ef9-a2f5-244e8fefde93,2026-02-04 23:39:18.000,Mail Overview,de_hm
0e15be07-6d20-4ef9-a2f5-244e8fefde93,2026-02-04 23:39:32.000,Mail Detail,de_hm
1bfdccd5-1353-4378-aec5-0240739a8ab2,2026-02-05 00:03:26.000,Mail Overview,de_fhms
1bfdccd5-1353-4378-aec5-0240739a8ab2,2026-02-05 00:03:24.000,Mail Detail,de_fhms
b6a16921-36fe-4550-be1e-fd037293ab55,2026-02-05 00:03:18.000,Mail Overview,de_phw
8398f616-8338-446e-91ab-b97e5be83d2b,2026-02-05 00:03:23.000,Mail Overview,de_jlug
4806bb9a-c130-459d-8c28-7f716cb786a8,2026-02-05 00:03:29.000,Grades Permission,de_hsnb
8398f616-8338-446e-91ab-b97e5be83d2b,2026-02-05 00:03:22.000,Studie Modules,de_jlug
3b4b8727-bb00-4c90-a493-c6b7d0a377b5,2026-02-04 12:44:10.000,Mail Overview,de_bt
3b4b8727-bb00-4c90-a493-c6b7d0a377b5,2026-02-04 12:44:06.000,Mail Overview,de_bt
f10e73e5-0cee-4fbd-a36c-471c231b973c,2026-02-04 22:18:39.000,Studie Modules,de_phlb
f10e73e5-0cee-4fbd-a36c-471c231b973c,2026-02-04 22:18:40.000,Grades Overview,de_phlb
3b4b8727-bb00-4c90-a493-c6b7d0a377b5,2026-02-05 00:03:30.000,Mail Overview,de_bt
3b4b8727-bb00-4c90-a493-c6b7d0a377b5,2026-02-04 12:44:08.000,Mail Detail,de_bt
f125839c-070b-4691-b24c-804f43f496a4,2026-02-05 00:03:22.000,Mail Detail,de_pum
9726b1a3-2f65-47d3-a680-6216093dfaa0,2026-02-04 20:45:17.000,Studie Modules,de_eufb
ba33cd9e-85d1-4ede-a40a-57b1f8a9e58e,2026-02-05 00:03:26.000,Games Overview,de_hslu
9726b1a3-2f65-47d3-a680-6216093dfaa0,2026-02-04 20:45:17.000,Mail Overview,de_eufb
ba33cd9e-85d1-4ede-a40a-57b1f8a9e58e,2026-02-05 00:03:33.000,Games Battleships Profile,de_hslu
ba33cd9e-85d1-4ede-a40a-57b1f8a9e58e,2026-02-05 00:03:24.000,Studie Modules,de_hslu
ba33cd9e-85d1-4ede-a40a-57b1f8a9e58e,2026-02-05 00:03:32.000,Games Overview,de_hslu
ba33cd9e-85d1-4ede-a40a-57b1f8a9e58e,2026-02-05 00:03:28.000,Games Basketball Main,de_hslu
14fd2ce5-9e87-4905-99cb-2273ce1cff56,2026-02-05 00:03:34.000,Feed,de_fhef
7703bf5a-de14-4ade-ba31-22faae39252f,2026-02-05 00:03:26.000,Study Field Onboarding,de_hspf
6de2d0dc-41a4-451f-a453-e8924a275e21,2026-02-05 00:03:30.000,Mail Detail,de_dhbws
b6a16921-36fe-4550-be1e-fd037293ab55,2026-02-05 00:03:35.000,Mail Detail,de_phw
1bfdccd5-1353-4378-aec5-0240739a8ab2,2026-02-05 00:03:38.000,Mail Detail,de_fhms
1bfdccd5-1353-4378-aec5-0240739a8ab2,2026-02-05 00:03:34.000,Mail Overview,de_fhms
1bfdccd5-1353-4378-aec5-0240739a8ab2,2026-02-05 00:03:32.000,Mail Detail,de_fhms
d6680e17-674d-4e7e-8339-564ecec84a59,2026-02-05 00:03:37.000,Library Login,de_bt
7d401433-4c7c-4ac7-aeb4-ed7711ac991b,2026-02-05 00:03:35.000,Mail Detail,de_tuda
7d401433-4c7c-4ac7-aeb4-ed7711ac991b,2026-02-05 00:03:27.000,Mail Overview,de_tuda
8398f616-8338-446e-91ab-b97e5be83d2b,2026-02-05 00:03:37.000,Mail Overview,de_jlug
8398f616-8338-446e-91ab-b97e5be83d2b,2026-02-05 00:03:36.000,Studie Modules,de_jlug
4806bb9a-c130-459d-8c28-7f716cb786a8,2026-02-05 00:03:34.000,Grades Overview,de_hsnb
1d1afdbf-8005-4c2d-84a1-c93a2d5ae1ca,2026-02-05 00:03:35.000,Mail Overview,de_hsfd
ba33cd9e-85d1-4ede-a40a-57b1f8a9e58e,2026-02-05 00:03:40.000,Games Battleships Play,de_hslu
14fd2ce5-9e87-4905-99cb-2273ce1cff56,2026-02-05 00:03:37.000,Mail Overview,de_fhef
4a8d2f9e-0c57-4dcd-9e77-160859b02df9,2026-02-05 00:03:35.000,Mail Detail,de_jlug
9c81772f-37ad-4033-b8a6-836906790b49,2026-02-04 15:52:58.000,calendar_overview,ch_phz
9c81772f-37ad-4033-b8a6-836906790b49,2026-02-04 15:53:26.000,Calendar Detail,ch_phz
9c81772f-37ad-4033-b8a6-836906790b49,2026-02-04 15:52:57.000,Studie Modules,ch_phz
9c81772f-37ad-4033-b8a6-836906790b49,2026-02-04 15:53:33.000,calendar_overview,ch_phz
6de2d0dc-41a4-451f-a453-e8924a275e21,2026-02-05 00:03:39.000,Mail Overview,de_dhbws
6de2d0dc-41a4-451f-a453-e8924a275e21,2026-02-05 00:03:44.000,Mail Detail,de_dhbws
1bfdccd5-1353-4378-aec5-0240739a8ab2,2026-02-05 00:03:46.000,Mail Detail,de_fhms
1bfdccd5-1353-4378-aec5-0240739a8ab2,2026-02-05 00:03:43.000,Mail Overview,de_fhms
1bfdccd5-1353-4378-aec5-0240739a8ab2,2026-02-05 00:03:48.000,Mail Overview,de_fhms
9ff74c96-2ba3-47c3-ad61-f2ac89cdf471,2026-02-04 20:28:54.000,Feed,de_bt
8398f616-8338-446e-91ab-b97e5be83d2b,2026-02-05 00:03:45.000,Mail Detail,de_jlug
9ff74c96-2ba3-47c3-ad61-f2ac89cdf471,2026-02-04 15:23:57.000,Feed,de_bt
d51647e3-bd31-43b4-b726-c9fee097c8bf,2026-02-05 00:03:41.000,Grades Overview,de_hsko
14fd2ce5-9e87-4905-99cb-2273ce1cff56,2026-02-05 00:03:53.000,Mail Overview,de_fhef
14fd2ce5-9e87-4905-99cb-2273ce1cff56,2026-02-05 00:03:47.000,Mail Detail,de_fhef
4a8d2f9e-0c57-4dcd-9e77-160859b02df9,2026-02-05 00:03:51.000,Mail Overview,de_jlug
25c510e0-69a9-4a91-88a8-bafad935e944,2026-02-04 22:19:15.000,Grades Overview,de_phlb
25c510e0-69a9-4a91-88a8-bafad935e944,2026-02-04 15:04:28.000,Grades Overview,de_phlb
45f87545-9ece-4c80-bbce-68eb4254c107,2026-02-05 00:03:51.000,Feed Detail,de_hm
45f87545-9ece-4c80-bbce-68eb4254c107,2026-02-05 00:03:55.000,Feed,de_hm
967eda84-faac-40cf-96a9-52e18ace7c5f,2026-02-04 14:09:44.000,Feed,de_lg
6de2d0dc-41a4-451f-a453-e8924a275e21,2026-02-05 00:03:58.000,Mail Overview,de_dhbws
d5d1666a-e355-4b13-a453-d3f704de540a,2026-01-18 18:44:04.000,Mail Overview,de_kuei
d5d1666a-e355-4b13-a453-d3f704de540a,2026-02-05 00:03:50.000,Mail Overview,de_kuei
1bfdccd5-1353-4378-aec5-0240739a8ab2,2026-02-05 00:03:56.000,Mail Overview,de_fhms
d5d1666a-e355-4b13-a453-d3f704de540a,2026-02-05 00:03:56.000,Mail Detail,de_kuei
1bfdccd5-1353-4378-aec5-0240739a8ab2,2026-02-05 00:03:54.000,Mail Detail,de_fhms
d5d1666a-e355-4b13-a453-d3f704de540a,2026-02-05 00:03:49.000,Studie Modules,de_kuei
d5d1666a-e355-4b13-a453-d3f704de540a,2026-01-18 18:44:02.000,Mail Overview,de_kuei
d5d1666a-e355-4b13-a453-d3f704de540a,2026-01-18 18:44:02.000,Studie Modules,de_kuei
3239146e-2a44-44e2-a951-0f33aa63ea64,2026-02-05 00:03:50.000,Studie Modules,de_cau
3239146e-2a44-44e2-a951-0f33aa63ea64,2026-02-05 00:03:51.000,Calendar Day View,de_cau
3239146e-2a44-44e2-a951-0f33aa63ea64,2026-02-05 00:03:55.000,Studie Modules,de_cau
3239146e-2a44-44e2-a951-0f33aa63ea64,2026-02-05 00:03:57.000,Settings Overview,de_cau
8398f616-8338-446e-91ab-b97e5be83d2b,2026-02-05 00:03:51.000,Mail Overview,de_jlug
9ff74c96-2ba3-47c3-ad61-f2ac89cdf471,2026-02-05 00:03:50.000,Feed,de_bt
90e81e92-f7a9-42b2-86ce-b7972ce08a01,2026-02-04 11:17:10.000,Mail Overview,de_hsfd
90e81e92-f7a9-42b2-86ce-b7972ce08a01,2026-02-04 11:17:12.000,Mail Detail,de_hsfd
90e81e92-f7a9-42b2-86ce-b7972ce08a01,2026-02-04 11:17:13.000,Mail Overview,de_hsfd
14f77695-5213-4e5a-b2eb-82ebb88b4a0f,2026-02-05 00:03:33.000,Global Ory Login,de_upb
0dc53fe7-20ab-40ed-ab44-b382174b1e3d,2026-02-05 00:04:01.000,Studie Modules,de_emau
4a8d2f9e-0c57-4dcd-9e77-160859b02df9,2026-02-05 00:03:56.000,Mail Detail,de_jlug
14fd2ce5-9e87-4905-99cb-2273ce1cff56,2026-02-05 00:04:03.000,Mail Detail,de_fhef
fbb10808-5bd6-41b6-bae4-8e7c51bfad99,2026-02-05 00:04:00.000,Mail Overview,de_pum
e1d84c3e-15b7-4bff-b06a-538421d50527,2026-02-05 00:03:56.000,Studie Modules,de_ovgu
e1d84c3e-15b7-4bff-b06a-538421d50527,2026-02-05 00:04:00.000,Career Onboarding,de_ovgu
fbb10808-5bd6-41b6-bae4-8e7c51bfad99,2026-02-05 00:04:04.000,Mail Detail,de_pum
44e9929d-5e81-45e9-a744-b63e3c1d6d0e,2026-02-04 23:38:18.000,Grades Overview,de_cau
44e9929d-5e81-45e9-a744-b63e3c1d6d0e,2026-02-04 23:38:19.000,Studie Modules,de_cau
44e9929d-5e81-45e9-a744-b63e3c1d6d0e,2026-02-04 23:38:20.000,Mail Overview,de_cau
1bfdccd5-1353-4378-aec5-0240739a8ab2,2026-02-05 00:04:04.000,Mail Overview,de_fhms
1bfdccd5-1353-4378-aec5-0240739a8ab2,2026-02-05 00:03:59.000,Mail Detail,de_fhms
1bfdccd5-1353-4378-aec5-0240739a8ab2,2026-02-05 00:04:05.000,Mail Detail,de_fhms
d6680e17-674d-4e7e-8339-564ecec84a59,2026-02-05 00:04:08.000,Library Permission,de_bt
1bfdccd5-1353-4378-aec5-0240739a8ab2,2026-02-05 00:04:01.000,Mail Overview,de_fhms
1bfdccd5-1353-4378-aec5-0240739a8ab2,2026-02-05 00:04:08.000,Mail Overview,de_fhms
1bfdccd5-1353-4378-aec5-0240739a8ab2,2026-02-05 00:04:02.000,Mail Detail,de_fhms
6de2d0dc-41a4-451f-a453-e8924a275e21,2026-02-05 00:04:07.000,Mail Detail,de_dhbws
3239146e-2a44-44e2-a951-0f33aa63ea64,2026-02-05 00:04:03.000,Uninow Account Login,de_cau
8398f616-8338-446e-91ab-b97e5be83d2b,2026-02-05 00:04:02.000,Mail Detail,de_jlug
3239146e-2a44-44e2-a951-0f33aa63ea64,2026-02-05 00:04:01.000,Settings Accounts,de_cau
71d9095a-2407-4366-896d-1f859db6f87c,2026-02-05 00:04:10.000,Mail Overview,de_wum_wiwi
0dc53fe7-20ab-40ed-ab44-b382174b1e3d,2026-02-05 00:04:02.000,Mail Overview,de_emau
7498266d-f2d4-4a47-b944-8c6a87d2e2eb,2026-02-05 00:04:04.000,Mail Overview,de_hm
0dc53fe7-20ab-40ed-ab44-b382174b1e3d,2026-02-05 00:04:04.000,Mail Detail,de_emau
0dc53fe7-20ab-40ed-ab44-b382174b1e3d,2026-02-05 00:04:12.000,Mail Overview,de_emau
5eae5917-1b53-4a98-9a7f-f40f93349327,2026-02-05 00:04:06.000,Mail Overview,de_upb
5eae5917-1b53-4a98-9a7f-f40f93349327,2026-02-05 00:04:08.000,Feed,de_upb
5eae5917-1b53-4a98-9a7f-f40f93349327,2026-02-05 00:04:10.000,wallet,de_upb
e1d84c3e-15b7-4bff-b06a-538421d50527,2026-02-05 00:04:12.000,Career Onboarding,de_ovgu
e1d84c3e-15b7-4bff-b06a-538421d50527,2026-02-05 00:04:13.000,Studie Modules,de_ovgu
e1d84c3e-15b7-4bff-b06a-538421d50527,2026-02-05 00:04:10.000,Studie Modules,de_ovgu
54501290-4cb2-4b1e-bfb3-782d0637d384,2026-02-04 14:05:17.000,Mail Overview,de_hsda
828172ef-16e4-4aed-93e1-e6b62e14136d,2026-02-04 23:36:20.000,Mail Overview,de_pum
546910d5-ff9b-4136-8312-e1415f457837,2026-02-05 00:04:09.000,Studie Modules,de_tuda
546910d5-ff9b-4136-8312-e1415f457837,2026-02-05 00:04:10.000,Generic Links Overview,de_tuda
4806bb9a-c130-459d-8c28-7f716cb786a8,2026-02-05 00:04:16.000,Studie Modules,de_hsnb
cc268a2d-8d18-4977-b58e-68d9c5dbbc18,2026-02-05 00:04:10.000,Mail Overview,de_ua
cc268a2d-8d18-4977-b58e-68d9c5dbbc18,2026-02-05 00:04:10.000,Studie Modules,de_ua
9b656d13-f9fb-4947-b8c6-66dbdcf07ef7,2026-02-04 23:48:43.000,Mail Overview,de_hsko
cc268a2d-8d18-4977-b58e-68d9c5dbbc18,2026-02-05 00:04:08.000,Studie Modules,de_ua
cc268a2d-8d18-4977-b58e-68d9c5dbbc18,2026-02-05 00:04:16.000,Mail Detail,de_ua
cc268a2d-8d18-4977-b58e-68d9c5dbbc18,2026-02-05 00:04:09.000,Todo,de_ua
d6680e17-674d-4e7e-8339-564ecec84a59,2026-02-05 00:04:12.000,Library Overview,de_bt
6de2d0dc-41a4-451f-a453-e8924a275e21,2026-02-05 00:04:13.000,Mail Detail,de_dhbws
6de2d0dc-41a4-451f-a453-e8924a275e21,2026-02-05 00:04:10.000,Mail Write,de_dhbws
1bfdccd5-1353-4378-aec5-0240739a8ab2,2026-02-05 00:04:19.000,Mail Detail,de_fhms
4bc46ae4-4b97-4899-97ba-31023e6f799a,2026-02-04 20:23:12.000,Studie Modules,de_lg
4bc46ae4-4b97-4899-97ba-31023e6f799a,2026-02-04 20:23:13.000,wallet,de_lg
8398f616-8338-446e-91ab-b97e5be83d2b,2026-02-05 00:04:21.000,Mail Overview,de_jlug
31220c26-6789-47e4-8218-a8078debcabf,2026-02-05 00:04:21.000,Authenticator,de_hm
4a8d2f9e-0c57-4dcd-9e77-160859b02df9,2026-02-05 00:04:22.000,Mail Overview,de_jlug
938b1c54-f756-498f-a478-855c08b65486,2026-02-05 00:04:14.000,Mail Overview,de_eufb
0dc53fe7-20ab-40ed-ab44-b382174b1e3d,2026-02-05 00:04:13.000,Mail Detail,de_emau
0dc53fe7-20ab-40ed-ab44-b382174b1e3d,2026-02-05 00:04:14.000,Mail Overview,de_emau
0dc53fe7-20ab-40ed-ab44-b382174b1e3d,2026-02-05 00:04:16.000,Mail Overview,de_emau
0dc53fe7-20ab-40ed-ab44-b382174b1e3d,2026-02-05 00:04:17.000,Mail Overview,de_emau
0dc53fe7-20ab-40ed-ab44-b382174b1e3d,2026-02-05 00:04:22.000,Mail Overview,de_emau
0dc53fe7-20ab-40ed-ab44-b382174b1e3d,2026-02-05 00:04:15.000,Mail Detail,de_emau
4264a703-d5ef-46c4-a2d5-2edd1bb541dc,2026-02-04 18:09:41.000,Feed,de_hshb
0dc53fe7-20ab-40ed-ab44-b382174b1e3d,2026-02-05 00:04:23.000,Mail Detail,de_emau
0dc53fe7-20ab-40ed-ab44-b382174b1e3d,2026-02-05 00:04:20.000,Mail Detail,de_emau
0dc53fe7-20ab-40ed-ab44-b382174b1e3d,2026-02-05 00:04:16.000,Mail Detail,de_emau
e1d84c3e-15b7-4bff-b06a-538421d50527,2026-02-05 00:04:14.000,Settings Overview,de_ovgu
e1d84c3e-15b7-4bff-b06a-538421d50527,2026-02-05 00:04:24.000,Grades Overview,de_ovgu
e1d84c3e-15b7-4bff-b06a-538421d50527,2026-02-05 00:04:19.000,Feed,de_ovgu
bac81dd9-d02e-4a10-a23c-2855b9a3c586,2026-02-05 00:04:20.000,Mail Detail,de_jlug
bac81dd9-d02e-4a10-a23c-2855b9a3c586,2026-02-05 00:04:17.000,Mail Overview,de_jlug
bac81dd9-d02e-4a10-a23c-2855b9a3c586,2026-02-05 00:04:16.000,Studie Modules,de_jlug
bac81dd9-d02e-4a10-a23c-2855b9a3c586,2026-02-04 21:35:20.000,Studie Modules,de_jlug
bac81dd9-d02e-4a10-a23c-2855b9a3c586,2026-02-04 21:35:21.000,Mail Overview,de_jlug
4806bb9a-c130-459d-8c28-7f716cb786a8,2026-02-05 00:04:24.000,Mail Setup Manual,de_hsnb
14c893eb-9f91-4909-a5fb-1dcd99d03242,2026-02-05 00:04:18.000,Studie Modules,de_si
14c893eb-9f91-4909-a5fb-1dcd99d03242,2026-02-05 00:04:20.000,Generic Links Overview,de_si
00242f78-9033-4188-ba0e-0c8e221a9981,2026-02-05 00:04:14.000,Studie Modules,de_hsh
6de2d0dc-41a4-451f-a453-e8924a275e21,2026-02-05 00:04:19.000,Mail Write,de_dhbws
00242f78-9033-4188-ba0e-0c8e221a9981,2026-02-05 00:04:16.000,Grades Overview,de_hsh
6de2d0dc-41a4-451f-a453-e8924a275e21,2026-02-05 00:04:25.000,Mail Detail,de_dhbws
540c86ad-6e3c-4b96-ab4d-5810ee955e5f,2026-02-05 00:04:22.000,Mail Overview,de_si
540c86ad-6e3c-4b96-ab4d-5810ee955e5f,2026-02-05 00:04:20.000,Studie Modules,de_si
1bfdccd5-1353-4378-aec5-0240739a8ab2,2026-02-05 00:04:29.000,Mail Detail,de_fhms
1bfdccd5-1353-4378-aec5-0240739a8ab2,2026-02-05 00:04:21.000,Mail Overview,de_fhms
540c86ad-6e3c-4b96-ab4d-5810ee955e5f,2026-02-05 00:04:29.000,Mail Detail,de_si
d6f5ec82-cec6-4046-8229-e2d053dc8958,2026-02-04 22:14:54.000,Mail Overview,de_thbi
9f7e9b16-9d9c-458a-aee4-1f51e15402db,2026-02-04 09:17:21.000,Cafeteria Overview,de_fhef
37a007fa-4708-429b-90db-cfcb30485d20,2026-02-05 00:04:21.000,Mail Overview,de_hdm
37a007fa-4708-429b-90db-cfcb30485d20,2026-02-04 21:36:09.000,Mail Overview,de_hdm
37a007fa-4708-429b-90db-cfcb30485d20,2026-02-04 21:36:11.000,Feed,de_hdm
9f7e9b16-9d9c-458a-aee4-1f51e15402db,2026-02-04 09:17:22.000,Cafeteria Detail,de_fhef
31220c26-6789-47e4-8218-a8078debcabf,2026-02-05 00:04:31.000,Authenticator,de_hm
31220c26-6789-47e4-8218-a8078debcabf,2026-02-05 00:04:26.000,Authenticator Scan,de_hm
4a8d2f9e-0c57-4dcd-9e77-160859b02df9,2026-02-05 00:04:31.000,Mail Detail,de_jlug
4a8d2f9e-0c57-4dcd-9e77-160859b02df9,2026-02-05 00:04:23.000,Mail Detail,de_jlug
31220c26-6789-47e4-8218-a8078debcabf,2026-02-05 00:04:25.000,Authenticator,de_hm
8398f616-8338-446e-91ab-b97e5be83d2b,2026-02-05 00:04:28.000,Mail Overview,de_jlug
4a8d2f9e-0c57-4dcd-9e77-160859b02df9,2026-02-05 00:04:27.000,Mail Overview,de_jlug
8398f616-8338-446e-91ab-b97e5be83d2b,2026-02-05 00:04:23.000,Mail Detail,de_jlug
31220c26-6789-47e4-8218-a8078debcabf,2026-02-05 00:04:23.000,Authenticator Urlinput,de_hm
3592a677-8da8-4c6c-871b-5ba5f9dae475,2026-02-05 00:04:26.000,Studie Modules,de_hsm
3592a677-8da8-4c6c-871b-5ba5f9dae475,2026-02-05 00:04:27.000,Mail Overview,de_hsm
0dc53fe7-20ab-40ed-ab44-b382174b1e3d,2026-02-05 00:04:24.000,Mail Overview,de_emau
0dc53fe7-20ab-40ed-ab44-b382174b1e3d,2026-02-05 00:04:31.000,Mail Detail,de_emau
1d1617e7-23e8-4352-82da-d5a8c47ec213,2026-02-05 00:04:29.000,Auditories,de_ush
5a47033b-5d21-4d6d-b45c-b74fff3f3794,2026-02-04 23:42:12.000,Studie Modules,de_hm
9ed8454a-29ad-4951-8e8d-bf76f3f3eed2,2026-02-05 00:04:29.000,Mail Overview,de_hsaa
bac81dd9-d02e-4a10-a23c-2855b9a3c586,2026-02-05 00:04:33.000,Mail Detail,de_jlug
9ed8454a-29ad-4951-8e8d-bf76f3f3eed2,2026-02-05 00:04:35.000,Mail Detail,de_hsaa
9ed8454a-29ad-4951-8e8d-bf76f3f3eed2,2026-02-05 00:04:32.000,Mail Detail,de_hsaa
5a47033b-5d21-4d6d-b45c-b74fff3f3794,2026-02-04 23:42:12.000,Mail Overview,de_hm
bac81dd9-d02e-4a10-a23c-2855b9a3c586,2026-02-05 00:04:28.000,Mail Overview,de_jlug
bac81dd9-d02e-4a10-a23c-2855b9a3c586,2026-02-05 00:04:33.000,Mail Overview,de_jlug
bac81dd9-d02e-4a10-a23c-2855b9a3c586,2026-02-05 00:04:29.000,Mail Detail,de_jlug
9ed8454a-29ad-4951-8e8d-bf76f3f3eed2,2026-02-05 00:04:27.000,Studie Modules,de_hsaa
9ed8454a-29ad-4951-8e8d-bf76f3f3eed2,2026-02-05 00:04:34.000,Mail Overview,de_hsaa
b5706782-2497-4f23-868c-bf3eb1f5827b,2026-02-05 00:04:28.000,Study Field Onboarding,de_hspf
6de2d0dc-41a4-451f-a453-e8924a275e21,2026-02-05 00:04:33.000,Mail Overview,de_dhbws
08f7a8bd-8646-4e2f-9a28-f430a725204b,2026-02-04 10:15:36.000,Cafeteria Overview,de_hspf
08f7a8bd-8646-4e2f-9a28-f430a725204b,2026-02-04 10:15:35.000,Feed,de_hspf
6de2d0dc-41a4-451f-a453-e8924a275e21,2026-02-05 00:04:38.000,Mail Detail,de_dhbws
08f7a8bd-8646-4e2f-9a28-f430a725204b,2026-02-04 09:51:55.000,Study Field Onboarding,de_hspf
1bfdccd5-1353-4378-aec5-0240739a8ab2,2026-02-05 00:04:34.000,Mail Overview,de_fhms
9cddb106-d514-4989-8104-9a80cdfba6ac,2026-02-04 23:29:23.000,Mail Overview,de_upb
83f8d926-cb47-4f84-9235-dfa771e0018b,2026-02-04 22:48:48.000,Mail Detail,de_tuda
1bfdccd5-1353-4378-aec5-0240739a8ab2,2026-02-05 00:04:38.000,Mail Detail,de_fhms
1bfdccd5-1353-4378-aec5-0240739a8ab2,2026-02-05 00:04:37.000,Mail Overview,de_fhms
83f8d926-cb47-4f84-9235-dfa771e0018b,2026-02-04 22:48:50.000,Mail Overview,de_tuda
1bfdccd5-1353-4378-aec5-0240739a8ab2,2026-02-05 00:04:36.000,Mail Detail,de_fhms
83f8d926-cb47-4f84-9235-dfa771e0018b,2026-02-04 22:48:46.000,Mail Overview,de_tuda
6bf82637-1b96-48a0-836c-055a5c55bf9a,2026-02-04 23:21:01.000,Mail Overview,de_hm
0dc53fe7-20ab-40ed-ab44-b382174b1e3d,2026-02-05 00:04:37.000,Mail Overview,de_emau
0dc53fe7-20ab-40ed-ab44-b382174b1e3d,2026-02-05 00:04:34.000,Mail Detail,de_emau
0dc53fe7-20ab-40ed-ab44-b382174b1e3d,2026-02-05 00:04:35.000,Mail Overview,de_emau
4a8d2f9e-0c57-4dcd-9e77-160859b02df9,2026-02-05 00:04:38.000,Mail Overview,de_jlug
0dc53fe7-20ab-40ed-ab44-b382174b1e3d,2026-02-05 00:04:36.000,Mail Detail,de_emau
0dc53fe7-20ab-40ed-ab44-b382174b1e3d,2026-02-05 00:04:38.000,Mail Detail,de_emau
0dc53fe7-20ab-40ed-ab44-b382174b1e3d,2026-02-05 00:04:33.000,Mail Overview,de_emau
3592a677-8da8-4c6c-871b-5ba5f9dae475,2026-02-05 00:04:36.000,Mail Detail,de_hsm
1d1617e7-23e8-4352-82da-d5a8c47ec213,2026-02-05 00:04:35.000,Auditories Detail,de_ush
8df569a1-1caf-4cf4-a5ca-d7f89945fe6a,2026-02-05 00:04:35.000,Feed,de_hsaa
3239146e-2a44-44e2-a951-0f33aa63ea64,2026-02-05 00:04:35.000,Settings Loading,de_cau
3239146e-2a44-44e2-a951-0f33aa63ea64,2026-02-05 00:04:37.000,Studie Modules,de_cau
938b1c54-f756-498f-a478-855c08b65486,2026-02-05 00:04:37.000,Mail Detail,de_eufb
3239146e-2a44-44e2-a951-0f33aa63ea64,2026-02-05 00:04:38.000,Schedule Setup,de_cau
8df569a1-1caf-4cf4-a5ca-d7f89945fe6a,2026-02-05 00:04:37.000,Cafeteria Detail,de_hsaa
8df569a1-1caf-4cf4-a5ca-d7f89945fe6a,2026-02-05 00:04:34.000,Studie Modules,de_hsaa
3239146e-2a44-44e2-a951-0f33aa63ea64,2026-02-05 00:04:38.000,Calendar Day View,de_cau
8df569a1-1caf-4cf4-a5ca-d7f89945fe6a,2026-02-05 00:04:36.000,Cafeteria Overview,de_hsaa
3239146e-2a44-44e2-a951-0f33aa63ea64,2026-02-05 00:04:36.000,Feed,de_cau
27b3b2db-009a-4f5f-b833-ec67138f7070,2026-02-05 00:04:40.000,Mail Detail,de_si
bac81dd9-d02e-4a10-a23c-2855b9a3c586,2026-02-05 00:04:44.000,Mail Detail,de_jlug
bac81dd9-d02e-4a10-a23c-2855b9a3c586,2026-02-05 00:04:36.000,Mail Overview,de_jlug
27b3b2db-009a-4f5f-b833-ec67138f7070,2026-02-05 00:04:34.000,Mail Overview,de_si
9ed8454a-29ad-4951-8e8d-bf76f3f3eed2,2026-02-05 00:04:43.000,Mail Overview,de_hsaa
bac81dd9-d02e-4a10-a23c-2855b9a3c586,2026-02-05 00:04:38.000,Mail Detail,de_jlug
bac81dd9-d02e-4a10-a23c-2855b9a3c586,2026-02-05 00:04:42.000,Mail Overview,de_jlug
3bec453e-d691-4ef9-ba05-ed0967ea8bfa,2026-02-04 09:47:56.000,External Login Expired,de_tuda
cc268a2d-8d18-4977-b58e-68d9c5dbbc18,2026-02-05 00:04:46.000,Mail Overview,de_ua
3bec453e-d691-4ef9-ba05-ed0967ea8bfa,2026-02-04 23:57:26.000,External Login Expired,de_tuda
3bec453e-d691-4ef9-ba05-ed0967ea8bfa,2026-02-03 23:55:27.000,External Login Expired,de_tuda
1bcb54ad-cdcb-4e07-bd6a-c5477d26d76f,2026-02-04 22:25:04.000,Mail Overview,de_thm
1bcb54ad-cdcb-4e07-bd6a-c5477d26d76f,2026-02-05 00:04:39.000,Mail Overview,de_thm
1bcb54ad-cdcb-4e07-bd6a-c5477d26d76f,2026-02-05 00:04:46.000,Mail Detail,de_thm
1bcb54ad-cdcb-4e07-bd6a-c5477d26d76f,2026-02-05 00:04:38.000,Studie Modules,de_thm
1bcb54ad-cdcb-4e07-bd6a-c5477d26d76f,2026-02-04 22:25:03.000,Studie Modules,de_thm
0b6b5353-9321-482d-8216-c904992440db,2026-02-05 00:04:43.000,Feed,de_hsab
1bfdccd5-1353-4378-aec5-0240739a8ab2,2026-02-05 00:04:50.000,Mail Overview,de_fhms
0b6b5353-9321-482d-8216-c904992440db,2026-02-05 00:04:41.000,Career Job V2,de_hsab
1bfdccd5-1353-4378-aec5-0240739a8ab2,2026-02-05 00:04:40.000,Mail Overview,de_fhms
1bfdccd5-1353-4378-aec5-0240739a8ab2,2026-02-05 00:04:43.000,Mail Detail,de_fhms
0b6b5353-9321-482d-8216-c904992440db,2026-02-05 00:04:43.000,Studie Modules,de_hsab
08f7a8bd-8646-4e2f-9a28-f430a725204b,2026-02-04 23:03:37.000,Study Field Onboarding,de_hspf
0b6b5353-9321-482d-8216-c904992440db,2026-02-05 00:04:45.000,Mail Overview,de_hsab
7da1cf49-ad0c-4c68-b143-2bc3af0be663,2026-02-04 23:55:00.000,Studie Modules,de_hsko
ec368c9e-aeb2-494b-93e2-c0325a246f93,2026-02-04 02:46:01.000,External Login Expired,de_tuda
7da1cf49-ad0c-4c68-b143-2bc3af0be663,2026-02-04 23:55:18.000,Studie Modules,de_hsko
7da1cf49-ad0c-4c68-b143-2bc3af0be663,2026-02-04 23:55:18.000,Feed,de_hsko
ec368c9e-aeb2-494b-93e2-c0325a246f93,2026-02-05 00:04:39.000,External Login Expired,de_tuda
7da1cf49-ad0c-4c68-b143-2bc3af0be663,2026-02-04 23:55:01.000,Mail Overview,de_hsko
f5fd646a-c5db-40cf-af89-6de7cd49d10e,2026-02-05 00:04:51.000,Mail Overview,de_tuda
f5fd646a-c5db-40cf-af89-6de7cd49d10e,2026-02-04 20:06:24.000,Mail Overview,de_tuda
f5fd646a-c5db-40cf-af89-6de7cd49d10e,2026-02-05 00:04:52.000,Mail Detail,de_tuda
f5fd646a-c5db-40cf-af89-6de7cd49d10e,2026-02-04 20:06:25.000,Mail Detail,de_tuda
0dc53fe7-20ab-40ed-ab44-b382174b1e3d,2026-02-05 00:04:43.000,Mail Overview,de_emau
0dc53fe7-20ab-40ed-ab44-b382174b1e3d,2026-02-05 00:04:46.000,Mail Overview,de_emau
0dc53fe7-20ab-40ed-ab44-b382174b1e3d,2026-02-05 00:04:47.000,Mail Detail,de_emau
0dc53fe7-20ab-40ed-ab44-b382174b1e3d,2026-02-05 00:04:45.000,Mail Overview,de_emau
0dc53fe7-20ab-40ed-ab44-b382174b1e3d,2026-02-05 00:04:50.000,Mail Overview,de_emau
0dc53fe7-20ab-40ed-ab44-b382174b1e3d,2026-02-05 00:04:45.000,Mail Detail,de_emau
0dc53fe7-20ab-40ed-ab44-b382174b1e3d,2026-02-05 00:04:52.000,Mail Overview,de_emau
0dc53fe7-20ab-40ed-ab44-b382174b1e3d,2026-02-05 00:04:49.000,Mail Detail,de_emau
0dc53fe7-20ab-40ed-ab44-b382174b1e3d,2026-02-05 00:04:46.000,Mail Detail,de_emau
0dc53fe7-20ab-40ed-ab44-b382174b1e3d,2026-02-05 00:04:50.000,Mail Detail,de_emau
0dc53fe7-20ab-40ed-ab44-b382174b1e3d,2026-02-05 00:04:51.000,Mail Detail,de_emau
0dc53fe7-20ab-40ed-ab44-b382174b1e3d,2026-02-05 00:04:49.000,Mail Overview,de_emau
0dc53fe7-20ab-40ed-ab44-b382174b1e3d,2026-02-05 00:04:47.000,Mail Overview,de_emau
0dc53fe7-20ab-40ed-ab44-b382174b1e3d,2026-02-05 00:04:53.000,Mail Detail,de_emau
625157a1-09a2-43e7-9028-4efbf082afed,2026-02-05 00:04:45.000,Grades Overview,de_fhja
1f1d809d-5dcf-4ad8-8250-7d1f71911bee,2026-02-05 00:04:44.000,Studie Modules,de_si
3a223f22-4a58-49f6-a500-081023a394e9,2026-02-04 23:31:35.000,Mail Detail,de_uh
1f1d809d-5dcf-4ad8-8250-7d1f71911bee,2026-02-05 00:04:51.000,Mail Detail,de_si
1f1d809d-5dcf-4ad8-8250-7d1f71911bee,2026-02-05 00:04:45.000,Mail Overview,de_si
3a223f22-4a58-49f6-a500-081023a394e9,2026-02-04 23:31:33.000,Mail Overview,de_uh
3a223f22-4a58-49f6-a500-081023a394e9,2026-02-04 23:31:33.000,Studie Modules,de_uh
1f1d809d-5dcf-4ad8-8250-7d1f71911bee,2026-02-05 00:04:53.000,Mail Overview,de_si
cc268a2d-8d18-4977-b58e-68d9c5dbbc18,2026-02-05 00:04:51.000,Mail Overview,de_ua
9ed8454a-29ad-4951-8e8d-bf76f3f3eed2,2026-02-05 00:04:48.000,Mail Detail,de_hsaa
27b3b2db-009a-4f5f-b833-ec67138f7070,2026-02-05 00:04:56.000,Mail Overview,de_si
cc268a2d-8d18-4977-b58e-68d9c5dbbc18,2026-02-05 00:04:49.000,Studie Modules,de_ua
6601c89d-0809-4475-be4d-3c6c1b453b56,2026-02-05 00:04:52.000,Mail Overview,de_ush
6de2d0dc-41a4-451f-a453-e8924a275e21,2026-02-05 00:04:58.000,Mail Overview,de_dhbws
6de2d0dc-41a4-451f-a453-e8924a275e21,2026-02-05 00:04:59.000,Feed,de_dhbws
1bfdccd5-1353-4378-aec5-0240739a8ab2,2026-02-05 00:04:53.000,Mail Detail,de_fhms
08ee4114-4698-447a-a460-3e75761a9528,2026-02-04 21:31:33.000,Mail Overview,de_bt
1bfdccd5-1353-4378-aec5-0240739a8ab2,2026-02-05 00:04:55.000,Mail Overview,de_fhms
bcfc5846-6d08-43bd-9060-dac5cbec14c8,2026-02-05 00:04:57.000,Mail Overview,de_uhi
7d401433-4c7c-4ac7-aeb4-ed7711ac991b,2026-02-05 00:04:54.000,Mail Overview,de_tuda
7d401433-4c7c-4ac7-aeb4-ed7711ac991b,2026-02-05 00:04:56.000,Mail Detail,de_tuda
49eecaa3-4a0e-46e2-aaf8-46891301e92f,2026-02-02 00:34:18.000,Studie Modules,de_tuda
a7a0721e-a875-413c-8b93-1d4b48bed6ca,2026-02-05 00:04:54.000,wallet,de_ehl
49eecaa3-4a0e-46e2-aaf8-46891301e92f,2026-02-05 00:05:00.000,Studie Modules,de_tuda
0dc53fe7-20ab-40ed-ab44-b382174b1e3d,2026-02-05 00:05:02.000,Mail Overview,de_emau
0dc53fe7-20ab-40ed-ab44-b382174b1e3d,2026-02-05 00:04:59.000,Mail Overview,de_emau
0dc53fe7-20ab-40ed-ab44-b382174b1e3d,2026-02-05 00:05:00.000,Mail Detail,de_emau
49eecaa3-4a0e-46e2-aaf8-46891301e92f,2026-02-02 00:34:19.000,Mail Overview,de_tuda
a7a0721e-a875-413c-8b93-1d4b48bed6ca,2026-02-05 00:04:53.000,Studie Modules,de_ehl
49eecaa3-4a0e-46e2-aaf8-46891301e92f,2026-02-05 00:05:01.000,Mail Overview,de_tuda
1f1d809d-5dcf-4ad8-8250-7d1f71911bee,2026-02-05 00:04:56.000,Mail Detail,de_si
1f1d809d-5dcf-4ad8-8250-7d1f71911bee,2026-02-05 00:04:59.000,Mail Overview,de_si
f34fa981-002b-478b-8591-464350f8d3d3,2026-02-04 21:40:39.000,Studie Modules,de_fhef
f34fa981-002b-478b-8591-464350f8d3d3,2026-02-04 21:40:40.000,Mail Overview,de_fhef
2bd2dae0-74ce-4bc6-859b-89660fd2d8df,2026-02-05 00:04:57.000,Mail Overview,de_jlug
2bd2dae0-74ce-4bc6-859b-89660fd2d8df,2026-02-05 00:04:59.000,Mail Detail,de_jlug
6601c89d-0809-4475-be4d-3c6c1b453b56,2026-02-05 00:05:00.000,Mail Detail,de_ush
e322d576-5d78-4e0d-bf55-d4355ddef667,2026-02-04 14:44:19.000,Cafeteria Overview,de_hshb
1bfdccd5-1353-4378-aec5-0240739a8ab2,2026-02-05 00:05:09.000,Mail Detail,de_fhms
6de2d0dc-41a4-451f-a453-e8924a275e21,2026-02-05 00:05:00.000,Calendar Day View,de_dhbws
6de2d0dc-41a4-451f-a453-e8924a275e21,2026-02-05 00:05:04.000,Mail Overview,de_dhbws
6de2d0dc-41a4-451f-a453-e8924a275e21,2026-02-05 00:05:01.000,Feed,de_dhbws
e6fc6b9a-b445-4641-bb79-b97847bcfeba,2026-02-04 20:28:31.000,Grades Overview,de_hsko
e6fc6b9a-b445-4641-bb79-b97847bcfeba,2026-02-04 20:28:28.000,Mail Overview,de_hsko
a4dcf538-5ace-4d77-939a-b1f609b263d7,2026-02-05 00:05:07.000,Studie Modules,de_evhb
a4dcf538-5ace-4d77-939a-b1f609b263d7,2026-02-05 00:05:10.000,Grades Overview,de_evhb
a4dcf538-5ace-4d77-939a-b1f609b263d7,2026-02-04 17:07:28.000,Feed,de_evhb
a4dcf538-5ace-4d77-939a-b1f609b263d7,2026-02-05 00:05:00.000,Mail Overview,de_evhb
e6fc6b9a-b445-4641-bb79-b97847bcfeba,2026-02-04 20:28:30.000,Feed,de_hsko
a4dcf538-5ace-4d77-939a-b1f609b263d7,2026-02-04 17:07:31.000,Calendar Day View,de_evhb
08bb88b0-b092-4ed0-bbad-0a768dcad923,2026-02-05 00:05:02.000,Mail Detail,de_evhb
a4dcf538-5ace-4d77-939a-b1f609b263d7,2026-02-04 17:07:31.000,Feed,de_evhb
a4dcf538-5ace-4d77-939a-b1f609b263d7,2026-02-05 00:04:59.000,Studie Modules,de_evhb
08bb88b0-b092-4ed0-bbad-0a768dcad923,2026-02-05 00:04:59.000,Mail Overview,de_evhb
a4dcf538-5ace-4d77-939a-b1f609b263d7,2026-02-04 17:07:33.000,Grades Overview,de_evhb
a4dcf538-5ace-4d77-939a-b1f609b263d7,2026-02-04 17:07:32.000,Feed,de_evhb
949a6aa7-0586-469b-b71c-5d231cef59a8,2026-02-05 00:05:01.000,Mail Overview,de_ks
a4dcf538-5ace-4d77-939a-b1f609b263d7,2026-02-04 17:07:30.000,Calendar Day View,de_evhb
949a6aa7-0586-469b-b71c-5d231cef59a8,2026-02-05 00:05:10.000,Mail Detail,de_ks
7d401433-4c7c-4ac7-aeb4-ed7711ac991b,2026-02-05 00:05:04.000,Mail Overview,de_tuda
0dc53fe7-20ab-40ed-ab44-b382174b1e3d,2026-02-05 00:05:04.000,Mail Detail,de_emau
64bc0cb4-4aa1-47c8-9cb1-e8478c52d8a7,2026-02-05 00:05:03.000,Mail Overview,de_bt
64bc0cb4-4aa1-47c8-9cb1-e8478c52d8a7,2026-02-05 00:05:09.000,Mail Detail,de_bt
1e20b88b-d99d-4354-b90d-8657fcf8520e,2026-02-04 21:01:12.000,Grades Overview,de_hsge
d91b4bc1-f4f1-46d0-8eb6-27d7b98bf97e,2026-02-05 00:05:12.000,Mail Detail,de_tuda
64bc0cb4-4aa1-47c8-9cb1-e8478c52d8a7,2026-02-05 00:05:14.000,Mail Detail,de_bt
1f1d809d-5dcf-4ad8-8250-7d1f71911bee,2026-02-05 00:05:09.000,Mail Detail,de_si
64bc0cb4-4aa1-47c8-9cb1-e8478c52d8a7,2026-02-05 00:05:13.000,Mail Overview,de_bt
d91b4bc1-f4f1-46d0-8eb6-27d7b98bf97e,2026-02-05 00:05:15.000,Mail Overview,de_tuda
d91b4bc1-f4f1-46d0-8eb6-27d7b98bf97e,2026-02-05 00:05:08.000,Mail Overview,de_tuda
2bd2dae0-74ce-4bc6-859b-89660fd2d8df,2026-02-05 00:05:13.000,Generic Links Overview,de_jlug
2bd2dae0-74ce-4bc6-859b-89660fd2d8df,2026-02-05 00:05:11.000,Feed,de_jlug
2bd2dae0-74ce-4bc6-859b-89660fd2d8df,2026-02-05 00:05:10.000,Mail Overview,de_jlug
2bd2dae0-74ce-4bc6-859b-89660fd2d8df,2026-02-05 00:05:12.000,Studie Modules,de_jlug
d875ece1-1003-40d6-9c21-9ea6a79dc14b,2026-02-05 00:05:13.000,Feed,de_upb
76f1f29e-bdc4-416c-9fe6-058edebcbfe1,2026-02-04 08:50:55.000,Mail Detail,de_jlug
91633da0-33ee-41f7-981e-71dd48d9925b,2026-02-03 21:21:04.000,Mail Overview,de_fhms
1bfdccd5-1353-4378-aec5-0240739a8ab2,2026-02-05 00:05:11.000,Mail Overview,de_fhms
6de2d0dc-41a4-451f-a453-e8924a275e21,2026-02-05 00:05:13.000,Mail Write,de_dhbws
51eed4d3-2090-4442-8c12-2f4df892d611,2026-02-05 00:05:10.000,Mail Overview,de_jlug
91633da0-33ee-41f7-981e-71dd48d9925b,2026-02-03 21:21:06.000,Mail Detail,de_fhms
51eed4d3-2090-4442-8c12-2f4df892d611,2026-02-05 00:05:20.000,Mail Detail,de_jlug
6de2d0dc-41a4-451f-a453-e8924a275e21,2026-02-05 00:05:10.000,Mail Detail,de_dhbws
b820ee31-295d-4e9e-9864-90f7c1d54b5f,2026-02-05 00:05:20.000,Studie Modules,de_ovgu
86c853ae-ae88-48f2-bea6-03f50016de8a,2026-02-05 00:05:12.000,Feed,de_pum
a6190200-c72d-404a-9c53-9539f4fbe905,2026-02-05 00:05:17.000,Studie Modules,de_hsko
86c853ae-ae88-48f2-bea6-03f50016de8a,2026-02-05 00:05:13.000,Mail Overview,de_pum
b820ee31-295d-4e9e-9864-90f7c1d54b5f,2026-02-05 00:05:21.000,Mail Overview,de_ovgu
a6190200-c72d-404a-9c53-9539f4fbe905,2026-02-05 00:05:20.000,Grades Overview,de_hsko
ac149bc3-ecce-458d-a656-a15409e54951,2026-02-05 00:05:23.000,Mail Overview,de_tuda
11005852-09e3-49f9-b661-bcb10edc8be3,2026-02-05 00:05:14.000,External Login Expired,de_tuda
64bc0cb4-4aa1-47c8-9cb1-e8478c52d8a7,2026-02-05 00:05:21.000,Mail Overview,de_bt
64bc0cb4-4aa1-47c8-9cb1-e8478c52d8a7,2026-02-05 00:05:19.000,Mail Detail,de_bt
b8a98bbe-7f19-4a58-b263-c0c68fcb5a06,2026-02-04 13:21:53.000,Feed,de_hsge
b8a98bbe-7f19-4a58-b263-c0c68fcb5a06,2026-02-04 13:21:48.000,Feed Detail,de_hsge
64bc0cb4-4aa1-47c8-9cb1-e8478c52d8a7,2026-02-05 00:05:17.000,Mail Detail,de_bt
b8a98bbe-7f19-4a58-b263-c0c68fcb5a06,2026-02-04 13:21:54.000,Studie Modules,de_hsge
b8a98bbe-7f19-4a58-b263-c0c68fcb5a06,2026-02-04 22:56:14.000,wallet,de_hsge
64bc0cb4-4aa1-47c8-9cb1-e8478c52d8a7,2026-02-05 00:05:16.000,Mail Overview,de_bt
64bc0cb4-4aa1-47c8-9cb1-e8478c52d8a7,2026-02-05 00:05:19.000,Mail Overview,de_bt
bc7f5338-1774-4ee0-96fd-cbc7fbe5a129,2026-02-05 00:05:19.000,Feed,de_lg
5ab67c90-22eb-48ad-ac01-8871202012c1,2026-02-05 00:05:24.000,Mail Overview,de_tuda
5ab67c90-22eb-48ad-ac01-8871202012c1,2026-02-05 00:05:25.000,Mail Detail,de_tuda
5ab67c90-22eb-48ad-ac01-8871202012c1,2026-02-05 00:05:22.000,Mail Detail,de_tuda
bc7f5338-1774-4ee0-96fd-cbc7fbe5a129,2026-02-05 00:05:18.000,Studie Modules,de_lg
0dc53fe7-20ab-40ed-ab44-b382174b1e3d,2026-02-05 00:05:26.000,Mail Overview,de_emau
bc7f5338-1774-4ee0-96fd-cbc7fbe5a129,2026-02-05 00:05:20.000,Mail Overview,de_lg
5ab67c90-22eb-48ad-ac01-8871202012c1,2026-02-05 00:05:20.000,Mail Overview,de_tuda
7ad88922-676c-4508-a159-3ad435baf672,2026-02-04 21:20:39.000,Mail Overview,de_lmum
d875ece1-1003-40d6-9c21-9ea6a79dc14b,2026-02-05 00:05:19.000,Mail Overview,de_upb
f4dc62a6-be26-42ce-83ad-c0dc7b7f7360,2026-02-05 00:05:23.000,Calendar Day View,de_hba
d875ece1-1003-40d6-9c21-9ea6a79dc14b,2026-02-05 00:05:23.000,Mail Overview,de_upb
d875ece1-1003-40d6-9c21-9ea6a79dc14b,2026-02-05 00:05:21.000,Mail Write,de_upb
8f11c23e-f6d5-4428-bd23-987e982afae9,2026-02-05 00:05:21.000,Study Field Onboarding,de_si
057e3db4-fa81-4189-b1da-58fe175cfb7b,2026-02-04 15:04:57.000,Mail Overview,de_hsko
51eed4d3-2090-4442-8c12-2f4df892d611,2026-02-05 00:05:28.000,Mail Overview,de_jlug
057e3db4-fa81-4189-b1da-58fe175cfb7b,2026-02-04 15:04:56.000,Studie Modules,de_hsko
057e3db4-fa81-4189-b1da-58fe175cfb7b,2026-02-04 22:42:16.000,Mail Overview,de_hsko
057e3db4-fa81-4189-b1da-58fe175cfb7b,2026-02-04 15:04:56.000,Feed,de_hsko
057e3db4-fa81-4189-b1da-58fe175cfb7b,2026-02-04 22:42:15.000,Studie Modules,de_hsko
57da7d15-c809-4015-ba09-e2f075761b95,2026-02-05 00:05:30.000,Cafeteria Overview,de_hsm
c3a15283-4e1b-4267-b2f4-ed2d2bc3fca3,2026-02-05 00:05:26.000,Mail Detail,de_hm
57da7d15-c809-4015-ba09-e2f075761b95,2026-02-05 00:05:28.000,Studie Modules,de_hsm
a6190200-c72d-404a-9c53-9539f4fbe905,2026-02-05 00:05:26.000,Studie Modules,de_hsko
57da7d15-c809-4015-ba09-e2f075761b95,2026-02-05 00:05:32.000,Cafeteria Detail,de_hsm
c3a15283-4e1b-4267-b2f4-ed2d2bc3fca3,2026-02-05 00:05:22.000,Mail Overview,de_hm
0fb90e31-cf63-4670-b906-d2a0f654c76d,2026-02-05 00:05:30.000,Feed,de_tuda
0fb90e31-cf63-4670-b906-d2a0f654c76d,2026-02-05 00:05:26.000,Mail Overview,de_tuda
0fb90e31-cf63-4670-b906-d2a0f654c76d,2026-02-05 00:05:32.000,Mail Overview,de_tuda
0fb90e31-cf63-4670-b906-d2a0f654c76d,2026-02-05 00:05:27.000,Mail Detail,de_tuda
0fb90e31-cf63-4670-b906-d2a0f654c76d,2026-02-05 00:05:31.000,Studie Modules,de_tuda
0fb90e31-cf63-4670-b906-d2a0f654c76d,2026-02-05 00:05:29.000,Mail Overview,de_tuda
a0e17487-27f6-4b9f-bd95-87b1bd5d56f8,2026-02-05 00:05:32.000,Mail Detail,de_pum
a0e17487-27f6-4b9f-bd95-87b1bd5d56f8,2026-02-05 00:05:27.000,Mail Overview,de_pum
47f4aef0-54a0-4d72-b033-3845a7ea59ad,2026-02-05 00:05:33.000,Studie Modules,de_pum
47f4aef0-54a0-4d72-b033-3845a7ea59ad,2026-02-05 00:05:31.000,wallet,de_pum
47f4aef0-54a0-4d72-b033-3845a7ea59ad,2026-02-05 00:05:27.000,Studie Modules,de_pum
d6212589-c687-4cf4-8685-1f9742acd147,2026-02-04 20:27:24.000,Calendar Week View,de_hba
737938b7-6bf8-465c-be2b-29fafd081b42,2026-02-04 07:33:06.000,Feed,de_hm
db81553b-6e3f-496e-8270-b87d94ad5263,2026-02-04 12:53:37.000,Mail Detail,de_ush
db81553b-6e3f-496e-8270-b87d94ad5263,2026-02-04 12:53:30.000,Mail Detail,de_ush
db81553b-6e3f-496e-8270-b87d94ad5263,2026-02-04 12:53:39.000,Mail Overview,de_ush
db81553b-6e3f-496e-8270-b87d94ad5263,2026-02-04 12:53:26.000,Mail Overview,de_ush
d6212589-c687-4cf4-8685-1f9742acd147,2026-02-04 12:52:20.000,Calendar Week View,de_hba
d6212589-c687-4cf4-8685-1f9742acd147,2026-02-04 20:27:23.000,Schedule Detail,de_hba
d6212589-c687-4cf4-8685-1f9742acd147,2026-02-04 20:27:19.000,Calendar Week View,de_hba
737938b7-6bf8-465c-be2b-29fafd081b42,2026-02-04 07:33:03.000,Mail Overview,de_hm
d6212589-c687-4cf4-8685-1f9742acd147,2026-02-04 12:52:21.000,Schedule Detail,de_hba
db81553b-6e3f-496e-8270-b87d94ad5263,2026-02-04 12:53:33.000,Mail Overview,de_ush
5ab67c90-22eb-48ad-ac01-8871202012c1,2026-02-05 00:05:32.000,Mail Detail,de_tuda
5ab67c90-22eb-48ad-ac01-8871202012c1,2026-02-05 00:05:28.000,Mail Overview,de_tuda
db81553b-6e3f-496e-8270-b87d94ad5263,2026-02-04 18:55:06.000,Mail Overview,de_ush
5ab67c90-22eb-48ad-ac01-8871202012c1,2026-02-05 00:05:31.000,Mail Overview,de_tuda
db81553b-6e3f-496e-8270-b87d94ad5263,2026-02-04 18:55:12.000,Studie Modules,de_ush
0dc53fe7-20ab-40ed-ab44-b382174b1e3d,2026-02-05 00:05:34.000,Mail Overview,de_emau
db81553b-6e3f-496e-8270-b87d94ad5263,2026-02-04 18:54:48.000,Mail Detail,de_ush
0dc53fe7-20ab-40ed-ab44-b382174b1e3d,2026-02-05 00:05:33.000,Mail Detail,de_emau
6a27ff54-ea22-4919-ba57-1ccac5d38aa2,2026-02-04 23:45:57.000,Schedule Detail,de_pum
db81553b-6e3f-496e-8270-b87d94ad5263,2026-02-04 18:54:59.000,Mail Detail,de_ush
bc7f5338-1774-4ee0-96fd-cbc7fbe5a129,2026-02-05 00:05:26.000,Mail Detail,de_lg
db81553b-6e3f-496e-8270-b87d94ad5263,2026-02-04 18:54:47.000,Mail Overview,de_ush
db81553b-6e3f-496e-8270-b87d94ad5263,2026-02-04 18:54:45.000,Mail Detail,de_ush
db81553b-6e3f-496e-8270-b87d94ad5263,2026-02-04 18:54:52.000,Mail Overview,de_ush
0dc53fe7-20ab-40ed-ab44-b382174b1e3d,2026-02-05 00:05:27.000,Mail Detail,de_emau
5ab67c90-22eb-48ad-ac01-8871202012c1,2026-02-05 00:05:30.000,Mail Detail,de_tuda
db81553b-6e3f-496e-8270-b87d94ad5263,2026-02-04 18:54:58.000,Mail Overview,de_ush
5ab67c90-22eb-48ad-ac01-8871202012c1,2026-02-05 00:05:34.000,Mail Detail,de_tuda
5ab67c90-22eb-48ad-ac01-8871202012c1,2026-02-05 00:05:34.000,Mail Overview,de_tuda
0dc53fe7-20ab-40ed-ab44-b382174b1e3d,2026-02-05 00:05:32.000,Mail Overview,de_emau
5ab67c90-22eb-48ad-ac01-8871202012c1,2026-02-05 00:05:36.000,Mail Detail,de_tuda
0dc53fe7-20ab-40ed-ab44-b382174b1e3d,2026-02-05 00:05:36.000,Mail Overview,de_emau
0dc53fe7-20ab-40ed-ab44-b382174b1e3d,2026-02-05 00:05:35.000,Mail Detail,de_emau
db81553b-6e3f-496e-8270-b87d94ad5263,2026-02-04 18:55:10.000,Feed,de_ush
db81553b-6e3f-496e-8270-b87d94ad5263,2026-02-04 18:54:53.000,Mail Detail,de_ush
5ab67c90-22eb-48ad-ac01-8871202012c1,2026-02-05 00:05:33.000,Mail Overview,de_tuda
1d223e9f-bc59-4f6f-a9d7-dc29f39cf3b8,2026-02-05 00:05:31.000,Feed,de_hm
1d223e9f-bc59-4f6f-a9d7-dc29f39cf3b8,2026-02-05 00:05:26.000,Feed Detail,de_hm
d875ece1-1003-40d6-9c21-9ea6a79dc14b,2026-02-05 00:05:30.000,Mail Detail,de_upb
a5858e87-3553-4fb1-b528-04a07317f13f,2026-02-05 00:05:28.000,Cafeteria Overview,de_ush
00242f78-9033-4188-ba0e-0c8e221a9981,2026-02-05 00:05:29.000,Studie Modules,de_hsh
920a101c-d8f4-467d-9ed3-404f0701e0ed,2026-02-04 19:12:46.000,Mail Overview,de_jlug
920a101c-d8f4-467d-9ed3-404f0701e0ed,2026-02-04 18:52:12.000,Studie Modules,de_jlug
920a101c-d8f4-467d-9ed3-404f0701e0ed,2026-02-04 19:12:45.000,Studie Modules,de_jlug
920a101c-d8f4-467d-9ed3-404f0701e0ed,2026-02-04 18:52:11.000,Library Overview,de_jlug
920a101c-d8f4-467d-9ed3-404f0701e0ed,2026-02-04 18:52:12.000,Mail Overview,de_jlug
920a101c-d8f4-467d-9ed3-404f0701e0ed,2026-02-04 18:52:10.000,Studie Modules,de_jlug
1c38fc2c-4307-48c0-8a9d-cc61c0b2b7e5,2026-02-05 00:05:39.000,Mail Overview,de_jlug
1c38fc2c-4307-48c0-8a9d-cc61c0b2b7e5,2026-02-05 00:05:38.000,Studie Modules,de_jlug
1a470ee7-8065-4dc1-8330-80ae55a89118,2026-02-04 20:35:39.000,Feed,de_hspf
1a470ee7-8065-4dc1-8330-80ae55a89118,2026-02-04 20:35:38.000,Studie Modules,de_hspf
c3a15283-4e1b-4267-b2f4-ed2d2bc3fca3,2026-02-05 00:05:44.000,Mail Overview,de_hm
dc540d57-85ea-40b5-82bb-085c864ffc2f,2026-02-03 22:55:11.000,Feed,de_fhms
d514168b-39f9-4aef-8611-8e43f710d09b,2026-02-05 00:05:32.000,Studie Modules,de_hmb
c881016e-8473-4051-93d4-7e9d748a7693,2026-02-04 23:04:05.000,Studie Modules,de_thk
dc540d57-85ea-40b5-82bb-085c864ffc2f,2026-02-03 22:55:06.000,Studie Modules,de_fhms
c881016e-8473-4051-93d4-7e9d748a7693,2026-02-04 23:04:06.000,Mail Overview,de_thk
938b1c54-f756-498f-a478-855c08b65486,2026-02-05 00:05:38.000,Mail Overview,de_eufb
dc540d57-85ea-40b5-82bb-085c864ffc2f,2026-02-04 09:49:17.000,Mail Overview,de_fhms
dc540d57-85ea-40b5-82bb-085c864ffc2f,2026-02-04 09:49:13.000,Study Field Onboarding,de_fhms
dc540d57-85ea-40b5-82bb-085c864ffc2f,2026-02-03 22:55:10.000,Studie Modules,de_fhms
dc540d57-85ea-40b5-82bb-085c864ffc2f,2026-02-03 22:55:07.000,Mail Overview,de_fhms
d514168b-39f9-4aef-8611-8e43f710d09b,2026-02-05 00:05:34.000,Generic Links Overview,de_hmb
dc540d57-85ea-40b5-82bb-085c864ffc2f,2026-02-04 09:49:16.000,Studie Modules,de_fhms
dc540d57-85ea-40b5-82bb-085c864ffc2f,2026-02-04 09:49:15.000,Feed,de_fhms
dc540d57-85ea-40b5-82bb-085c864ffc2f,2026-02-05 00:05:43.000,Study Field Onboarding,de_fhms
d6212589-c687-4cf4-8685-1f9742acd147,2026-02-05 00:05:35.000,Calendar Week View,de_hba
938b1c54-f756-498f-a478-855c08b65486,2026-02-05 00:05:39.000,Mail Detail,de_eufb
dc540d57-85ea-40b5-82bb-085c864ffc2f,2026-02-03 22:55:04.000,Feed,de_fhms
5ab67c90-22eb-48ad-ac01-8871202012c1,2026-02-05 00:05:39.000,Mail Detail,de_tuda
5ab67c90-22eb-48ad-ac01-8871202012c1,2026-02-05 00:05:38.000,Mail Overview,de_tuda
0dc53fe7-20ab-40ed-ab44-b382174b1e3d,2026-02-05 00:05:45.000,Mail Overview,de_emau
0dc53fe7-20ab-40ed-ab44-b382174b1e3d,2026-02-05 00:05:44.000,Mail Detail,de_emau
4dc149f0-1540-407f-a240-e025ec05795b,2026-02-05 00:05:47.000,Mail Write,de_bt
4dc149f0-1540-407f-a240-e025ec05795b,2026-02-05 00:05:41.000,Mail Overview,de_bt
4dc149f0-1540-407f-a240-e025ec05795b,2026-02-04 13:38:57.000,Studie Modules,de_bt
4dc149f0-1540-407f-a240-e025ec05795b,2026-02-04 13:38:58.000,Feed,de_bt
12da092e-f20a-4d57-ae4e-74c871177286,2026-02-04 23:51:26.000,Feed,de_eufb
aaf87db8-a403-4acc-9f4e-09078142640f,2026-02-04 10:35:47.000,Mail Detail,de_phlb
aaf87db8-a403-4acc-9f4e-09078142640f,2026-02-04 10:35:45.000,Studie Modules,de_phlb
aaf87db8-a403-4acc-9f4e-09078142640f,2026-02-04 10:35:46.000,Mail Overview,de_phlb
08bb88b0-b092-4ed0-bbad-0a768dcad923,2026-02-05 00:05:52.000,Mail Overview,de_evhb
1c38fc2c-4307-48c0-8a9d-cc61c0b2b7e5,2026-02-05 00:05:48.000,Mail Overview,de_jlug
c873d7a4-c88c-4d3c-a4a1-4ad86c777842,2026-02-05 00:05:46.000,Grades Overview,de_hsh
c873d7a4-c88c-4d3c-a4a1-4ad86c777842,2026-02-05 00:05:44.000,Studie Modules,de_hsh
1c38fc2c-4307-48c0-8a9d-cc61c0b2b7e5,2026-02-05 00:05:47.000,Studie Modules,de_jlug
21456d17-ca20-4f69-85b8-ba0008a4ebf0,2026-02-04 18:39:34.000,Grades Overview,de_dhbws
f47e165f-ad24-4e4f-992d-d97c8e12c046,2026-02-02 23:10:43.000,Mail Detail,de_hm
f47e165f-ad24-4e4f-992d-d97c8e12c046,2026-02-02 23:10:46.000,Mail Detail,de_hm
f47e165f-ad24-4e4f-992d-d97c8e12c046,2026-02-05 00:05:42.000,Feed Detail,de_hm
f47e165f-ad24-4e4f-992d-d97c8e12c046,2026-02-02 23:10:46.000,Mail Overview,de_hm
21456d17-ca20-4f69-85b8-ba0008a4ebf0,2026-02-04 15:41:36.000,Feed,de_dhbws
21456d17-ca20-4f69-85b8-ba0008a4ebf0,2026-02-04 18:39:43.000,Grades Detail,de_dhbws
432ab1d1-705b-4820-8b4c-2128645c02ea,2026-02-04 08:13:17.000,Mail Overview,de_hnee
f47e165f-ad24-4e4f-992d-d97c8e12c046,2026-02-04 09:15:49.000,Mail Overview,de_hm
dc540d57-85ea-40b5-82bb-085c864ffc2f,2026-02-05 00:05:47.000,Library Overview,de_fhms
63f5c6ae-ab0c-4c65-8ee3-ad257a43ad96,2026-02-05 00:05:53.000,Mail Overview,de_si
dc540d57-85ea-40b5-82bb-085c864ffc2f,2026-02-05 00:05:46.000,Studie Modules,de_fhms
dc540d57-85ea-40b5-82bb-085c864ffc2f,2026-02-05 00:05:44.000,Feed,de_fhms
dc540d57-85ea-40b5-82bb-085c864ffc2f,2026-02-05 00:05:55.000,Studie Modules,de_fhms
1b7ce503-02e3-46eb-82c8-ec4c698a427c,2026-02-04 23:15:17.000,Studie Modules,de_jlug
3b24f539-5cc4-4631-9194-5432c123670b,2026-02-05 00:05:55.000,Mail Overview,de_pum
d875ece1-1003-40d6-9c21-9ea6a79dc14b,2026-02-05 00:05:56.000,Mail Overview,de_upb
3b24f539-5cc4-4631-9194-5432c123670b,2026-02-05 00:05:54.000,Feed,de_pum
1b7ce503-02e3-46eb-82c8-ec4c698a427c,2026-02-04 23:15:18.000,Library Overview,de_jlug
0dc53fe7-20ab-40ed-ab44-b382174b1e3d,2026-02-05 00:05:51.000,Mail Overview,de_emau
0dc53fe7-20ab-40ed-ab44-b382174b1e3d,2026-02-05 00:05:50.000,Mail Detail,de_emau
899f89e3-131a-4841-9b33-a5fb41a7dfe0,2026-02-05 00:05:46.000,Mail Overview,de_fhms
11b46b7a-53f8-48ea-aa1a-73b46c97a6f7,2026-02-02 12:41:35.000,Studie Modules,de_cau
0dc53fe7-20ab-40ed-ab44-b382174b1e3d,2026-02-05 00:05:53.000,Mail Detail,de_emau
0dc53fe7-20ab-40ed-ab44-b382174b1e3d,2026-02-05 00:05:52.000,Mail Overview,de_emau
11b46b7a-53f8-48ea-aa1a-73b46c97a6f7,2026-02-02 12:41:33.000,Studie Modules,de_cau
899f89e3-131a-4841-9b33-a5fb41a7dfe0,2026-02-05 00:05:52.000,Mail Detail,de_fhms
0dc53fe7-20ab-40ed-ab44-b382174b1e3d,2026-02-05 00:05:56.000,Mail Detail,de_emau
0dc53fe7-20ab-40ed-ab44-b382174b1e3d,2026-02-05 00:05:51.000,Mail Detail,de_emau
11b46b7a-53f8-48ea-aa1a-73b46c97a6f7,2026-02-02 12:41:34.000,Support Chat,de_cau
11b46b7a-53f8-48ea-aa1a-73b46c97a6f7,2026-02-02 12:41:31.000,Feed,de_cau
0dc53fe7-20ab-40ed-ab44-b382174b1e3d,2026-02-05 00:05:55.000,Mail Overview,de_emau
4a1e1dd4-c352-43e5-8e64-61c77e61c4df,2026-02-04 21:17:48.000,Feed,de_ovgu
4a1e1dd4-c352-43e5-8e64-61c77e61c4df,2026-02-04 21:17:49.000,Mail Overview,de_ovgu
6a30c86f-d6f5-446f-85d7-fa0ea69231b7,2026-02-05 00:05:50.000,Feed,de_ks
6a30c86f-d6f5-446f-85d7-fa0ea69231b7,2026-02-05 00:05:59.000,Studie Modules,de_ks
6a30c86f-d6f5-446f-85d7-fa0ea69231b7,2026-02-05 00:05:49.000,Studie Modules,de_ks
bcec4aa2-520d-4f5c-92f6-ff588e5f2f5e,2026-02-05 00:05:53.000,Feed,de_hslu
bcec4aa2-520d-4f5c-92f6-ff588e5f2f5e,2026-02-05 00:05:54.000,Generic Links Overview,de_hslu
52f8a3f8-6b9c-465e-a269-1028052bc5b6,2026-02-05 00:06:01.000,Mail Detail,de_fhef
bcec4aa2-520d-4f5c-92f6-ff588e5f2f5e,2026-02-05 00:05:53.000,Studie Modules,de_hslu
bcec4aa2-520d-4f5c-92f6-ff588e5f2f5e,2026-02-05 00:05:51.000,Mail Overview,de_hslu
52f8a3f8-6b9c-465e-a269-1028052bc5b6,2026-02-05 00:05:55.000,Mail Overview,de_fhef
5d0a5237-bb5e-4e99-a9be-0027ed534e76,2026-02-05 00:05:52.000,Studie Modules,de_hm
5d0a5237-bb5e-4e99-a9be-0027ed534e76,2026-02-05 00:05:57.000,Freshman Setup,de_hm
f47e165f-ad24-4e4f-992d-d97c8e12c046,2026-02-05 00:05:58.000,Feed,de_hm
fe652e4e-35cc-4103-b943-638fced21602,2026-02-04 20:48:58.000,Studie Modules,de_uhi
1c38fc2c-4307-48c0-8a9d-cc61c0b2b7e5,2026-02-05 00:05:59.000,Mail Detail,de_jlug
f47e165f-ad24-4e4f-992d-d97c8e12c046,2026-02-05 00:06:00.000,Mail Overview,de_hm
6af8ccbb-bdf1-43ad-8781-ce59a8f8b643,2026-02-05 00:05:58.000,Cafeteria Overview,de_bt
366369a3-5e06-4a49-8b71-201aaa1fc292,2026-02-05 00:05:54.000,Studie Modules,de_hslu
366369a3-5e06-4a49-8b71-201aaa1fc292,2026-02-05 00:05:55.000,Mail Overview,de_hslu
366369a3-5e06-4a49-8b71-201aaa1fc292,2026-02-05 00:06:01.000,Feed,de_hslu
6af8ccbb-bdf1-43ad-8781-ce59a8f8b643,2026-02-05 00:05:55.000,Feed,de_bt
366369a3-5e06-4a49-8b71-201aaa1fc292,2026-02-05 00:05:57.000,Wallet Login,de_hslu
366369a3-5e06-4a49-8b71-201aaa1fc292,2026-02-05 00:05:58.000,Studie Modules,de_hslu
366369a3-5e06-4a49-8b71-201aaa1fc292,2026-02-05 00:05:57.000,Studie Modules,de_hslu
3b24f539-5cc4-4631-9194-5432c123670b,2026-02-05 00:05:57.000,Mail Overview,de_pum
3b24f539-5cc4-4631-9194-5432c123670b,2026-02-05 00:05:58.000,Mail Detail,de_pum
3b24f539-5cc4-4631-9194-5432c123670b,2026-02-05 00:06:02.000,Feed,de_pum
3b24f539-5cc4-4631-9194-5432c123670b,2026-02-05 00:05:56.000,Mail Detail,de_pum
3b24f539-5cc4-4631-9194-5432c123670b,2026-02-05 00:06:01.000,Mail Overview,de_pum
0dc53fe7-20ab-40ed-ab44-b382174b1e3d,2026-02-05 00:05:59.000,Mail Overview,de_emau
0dc53fe7-20ab-40ed-ab44-b382174b1e3d,2026-02-05 00:06:03.000,Mail Overview,de_emau
0dc53fe7-20ab-40ed-ab44-b382174b1e3d,2026-02-05 00:06:00.000,Mail Overview,de_emau
0dc53fe7-20ab-40ed-ab44-b382174b1e3d,2026-02-05 00:05:59.000,Mail Detail,de_emau
0dc53fe7-20ab-40ed-ab44-b382174b1e3d,2026-02-05 00:06:07.000,Mail Overview,de_emau
0dc53fe7-20ab-40ed-ab44-b382174b1e3d,2026-02-05 00:06:01.000,Mail Detail,de_emau
0dc53fe7-20ab-40ed-ab44-b382174b1e3d,2026-02-05 00:06:01.000,Mail Overview,de_emau
0dc53fe7-20ab-40ed-ab44-b382174b1e3d,2026-02-05 00:05:57.000,Mail Overview,de_emau
0dc53fe7-20ab-40ed-ab44-b382174b1e3d,2026-02-05 00:06:04.000,Mail Detail,de_emau
0dc53fe7-20ab-40ed-ab44-b382174b1e3d,2026-02-05 00:06:02.000,Mail Detail,de_emau
0dc53fe7-20ab-40ed-ab44-b382174b1e3d,2026-02-05 00:06:00.000,Mail Detail,de_emau
3b192b44-c0e7-4dea-afa1-15d186a0ca9e,2026-02-04 20:36:01.000,Feed,de_upb
3b192b44-c0e7-4dea-afa1-15d186a0ca9e,2026-02-04 20:36:00.000,Mail Overview,de_upb
3b192b44-c0e7-4dea-afa1-15d186a0ca9e,2026-02-04 20:35:59.000,Mail Overview,de_upb
3b192b44-c0e7-4dea-afa1-15d186a0ca9e,2026-02-04 20:35:59.000,Mail Detail,de_upb
3a200d0d-964b-447e-8392-18514c82656f,2026-02-04 23:36:36.000,Mail Overview,de_fhms
60da5f90-32a7-45ec-ae8e-58647770c1f4,2026-02-04 20:19:03.000,Grades Detail,de_si
60da5f90-32a7-45ec-ae8e-58647770c1f4,2026-02-04 20:19:07.000,Grades Overview,de_si
6a30c86f-d6f5-446f-85d7-fa0ea69231b7,2026-02-05 00:06:05.000,Mail Detail,de_ks
6a30c86f-d6f5-446f-85d7-fa0ea69231b7,2026-02-05 00:06:00.000,Mail Overview,de_ks
5d0a5237-bb5e-4e99-a9be-0027ed534e76,2026-02-05 00:06:03.000,Studie Modules,de_hm
5d0a5237-bb5e-4e99-a9be-0027ed534e76,2026-02-05 00:06:11.000,Courses Detail,de_hm
5d0a5237-bb5e-4e99-a9be-0027ed534e76,2026-02-05 00:06:05.000,Courses Overview,de_hm
6737be8f-1c98-4017-8834-228aad8ac3ae,2026-02-05 00:06:08.000,Mail Detail,de_pum
6737be8f-1c98-4017-8834-228aad8ac3ae,2026-02-05 00:06:03.000,Studie Modules,de_pum
6737be8f-1c98-4017-8834-228aad8ac3ae,2026-02-05 00:06:03.000,Mail Overview,de_pum
aade2cef-3c9b-45bd-8b90-237bae8acaa5,2026-02-05 00:06:12.000,Mail Overview,de_upb
899f89e3-131a-4841-9b33-a5fb41a7dfe0,2026-02-05 00:06:13.000,Mail Overview,de_fhms
aade2cef-3c9b-45bd-8b90-237bae8acaa5,2026-02-05 00:06:11.000,Studie Modules,de_upb
06adf029-6e76-4b87-9aba-59ad84301c29,2026-02-05 00:06:07.000,Grades Overview,de_fhlb
0dc53fe7-20ab-40ed-ab44-b382174b1e3d,2026-02-05 00:06:09.000,Mail Overview,de_emau
0dc53fe7-20ab-40ed-ab44-b382174b1e3d,2026-02-05 00:06:12.000,Mail Overview,de_emau
0dc53fe7-20ab-40ed-ab44-b382174b1e3d,2026-02-05 00:06:08.000,Mail Detail,de_emau
0dc53fe7-20ab-40ed-ab44-b382174b1e3d,2026-02-05 00:06:11.000,Mail Detail,de_emau
0dc53fe7-20ab-40ed-ab44-b382174b1e3d,2026-02-05 00:06:09.000,Mail Detail,de_emau
b49fe3ad-a998-4206-b0f2-3b1748ee9988,2026-02-05 00:06:13.000,Mail Overview,de_hm
0dc53fe7-20ab-40ed-ab44-b382174b1e3d,2026-02-05 00:06:08.000,Mail Overview,de_emau
b49fe3ad-a998-4206-b0f2-3b1748ee9988,2026-02-05 00:06:12.000,Studie Modules,de_hm
0dc53fe7-20ab-40ed-ab44-b382174b1e3d,2026-02-05 00:06:13.000,Mail Detail,de_emau
b49fe3ad-a998-4206-b0f2-3b1748ee9988,2026-02-05 00:06:14.000,Mail Detail,de_hm
0dc53fe7-20ab-40ed-ab44-b382174b1e3d,2026-02-05 00:06:15.000,Mail Overview,de_emau
b49fe3ad-a998-4206-b0f2-3b1748ee9988,2026-02-05 00:06:16.000,Mail Overview,de_hm
0dc53fe7-20ab-40ed-ab44-b382174b1e3d,2026-02-05 00:06:10.000,Mail Detail,de_emau
0dc53fe7-20ab-40ed-ab44-b382174b1e3d,2026-02-05 00:06:10.000,Mail Overview,de_emau
0dc53fe7-20ab-40ed-ab44-b382174b1e3d,2026-02-05 00:06:16.000,Mail Detail,de_emau
1c38fc2c-4307-48c0-8a9d-cc61c0b2b7e5,2026-02-05 00:06:17.000,Mail Overview,de_jlug
8239e582-a1ff-480b-b8f3-55d344e829b4,2026-02-05 00:06:13.000,Mail Detail,de_thm
8239e582-a1ff-480b-b8f3-55d344e829b4,2026-02-05 00:06:11.000,Mail Overview,de_thm
2b627f93-09c2-41d3-b476-221702c3f4e3,2026-02-05 00:06:19.000,Mail Overview,de_hm
58ec6c0a-ee21-41c6-b2d9-bdbcdf4e700c,2026-02-04 23:38:37.000,Studie Modules,de_ekut
58ec6c0a-ee21-41c6-b2d9-bdbcdf4e700c,2026-02-04 23:38:38.000,Mail Overview,de_ekut
2b627f93-09c2-41d3-b476-221702c3f4e3,2026-02-05 00:06:14.000,Mail Overview,de_hm
2b627f93-09c2-41d3-b476-221702c3f4e3,2026-02-05 00:06:08.000,Feed Detail,de_hm
2b627f93-09c2-41d3-b476-221702c3f4e3,2026-02-05 00:06:17.000,Mail Detail,de_hm
58ec6c0a-ee21-41c6-b2d9-bdbcdf4e700c,2026-02-04 23:38:36.000,Feed,de_ekut
2b627f93-09c2-41d3-b476-221702c3f4e3,2026-02-05 00:06:20.000,Mail Detail,de_hm
2b627f93-09c2-41d3-b476-221702c3f4e3,2026-02-05 00:06:11.000,Feed,de_hm
58ec6c0a-ee21-41c6-b2d9-bdbcdf4e700c,2026-02-04 23:38:40.000,Studie Modules,de_ekut
5fc28e3e-747c-455d-a101-cec859cab578,2026-02-04 22:17:47.000,Grades Overview,de_hsge
5fc28e3e-747c-455d-a101-cec859cab578,2026-02-05 00:06:19.000,Studie Modules,de_hsge
db4ac828-d496-47c8-9ff1-21287f9a8bc5,2026-02-04 21:05:26.000,Generic Links Overview,de_hsmz
db4ac828-d496-47c8-9ff1-21287f9a8bc5,2026-02-04 21:05:24.000,Studie Modules,de_hsmz
034a0e4a-5b7b-4688-b6bc-72cd647ea6aa,2026-02-04 18:41:55.000,Studie Modules,de_thdeg
034a0e4a-5b7b-4688-b6bc-72cd647ea6aa,2026-02-04 20:12:26.000,Grades With API Overview,de_thdeg
034a0e4a-5b7b-4688-b6bc-72cd647ea6aa,2026-02-05 00:06:21.000,Studie Modules,de_thdeg
034a0e4a-5b7b-4688-b6bc-72cd647ea6aa,2026-02-04 20:12:25.000,Studie Modules,de_thdeg
034a0e4a-5b7b-4688-b6bc-72cd647ea6aa,2026-02-04 18:41:57.000,Grades With API Overview,de_thdeg
3b24f539-5cc4-4631-9194-5432c123670b,2026-02-05 00:06:23.000,Mail Overview,de_pum
899f89e3-131a-4841-9b33-a5fb41a7dfe0,2026-02-05 00:06:14.000,Mail Detail,de_fhms
aade2cef-3c9b-45bd-8b90-237bae8acaa5,2026-02-05 00:06:23.000,Mail Detail,de_upb
aade2cef-3c9b-45bd-8b90-237bae8acaa5,2026-02-05 00:06:19.000,Mail Detail,de_upb
aade2cef-3c9b-45bd-8b90-237bae8acaa5,2026-02-05 00:06:21.000,Mail Overview,de_upb
9244a638-2c6f-474a-ad4e-c631e97e92e8,2026-02-05 00:06:25.000,Studie Modules,de_thm
0dc53fe7-20ab-40ed-ab44-b382174b1e3d,2026-02-05 00:06:24.000,Mail Overview,de_emau
b49fe3ad-a998-4206-b0f2-3b1748ee9988,2026-02-05 00:06:17.000,Mail Detail,de_hm
b49fe3ad-a998-4206-b0f2-3b1748ee9988,2026-02-05 00:06:20.000,Mail Overview,de_hm
50638e0d-874f-4fd0-a06e-f85f7216f21d,2026-02-05 00:06:16.000,Mail Overview,de_ua
0dc53fe7-20ab-40ed-ab44-b382174b1e3d,2026-02-05 00:06:27.000,Mail Overview,de_emau
b49fe3ad-a998-4206-b0f2-3b1748ee9988,2026-02-05 00:06:21.000,Mail Detail,de_hm
50638e0d-874f-4fd0-a06e-f85f7216f21d,2026-02-05 00:06:21.000,Feed,de_ua
50638e0d-874f-4fd0-a06e-f85f7216f21d,2026-02-05 00:06:20.000,Studie Modules,de_ua
50638e0d-874f-4fd0-a06e-f85f7216f21d,2026-02-04 07:23:45.000,Mail Overview,de_ua
06adf029-6e76-4b87-9aba-59ad84301c29,2026-02-05 00:06:26.000,Studie Modules,de_fhlb
50638e0d-874f-4fd0-a06e-f85f7216f21d,2026-02-05 00:06:15.000,Studie Modules,de_ua
0dc53fe7-20ab-40ed-ab44-b382174b1e3d,2026-02-05 00:06:24.000,Mail Detail,de_emau
4da17dd0-747e-49af-ad83-3540baddea9e,2026-02-05 00:06:21.000,Mail Detail,de_fhms
1c38fc2c-4307-48c0-8a9d-cc61c0b2b7e5,2026-02-05 00:06:21.000,Mail Detail,de_jlug
4da17dd0-747e-49af-ad83-3540baddea9e,2026-02-05 00:06:16.000,Mail Overview,de_fhms
1c38fc2c-4307-48c0-8a9d-cc61c0b2b7e5,2026-02-05 00:06:24.000,Mail Overview,de_jlug
02ba421a-de8a-47ac-8444-f289e81c99d5,2026-02-05 00:06:25.000,Settings Overview,de_fhswf
02ba421a-de8a-47ac-8444-f289e81c99d5,2026-02-05 00:06:20.000,Studie Modules,de_fhswf
08102c1f-55a5-4faf-9a64-4e9d0f24b311,2026-02-04 19:08:34.000,Mail Overview,de_ehl
08102c1f-55a5-4faf-9a64-4e9d0f24b311,2026-02-04 19:08:35.000,Feed,de_ehl
02ba421a-de8a-47ac-8444-f289e81c99d5,2026-02-05 00:06:29.000,Settings Overview,de_fhswf
02ba421a-de8a-47ac-8444-f289e81c99d5,2026-02-05 00:06:27.000,Career Onboarding,de_fhswf
2b627f93-09c2-41d3-b476-221702c3f4e3,2026-02-05 00:06:26.000,Mail Detail,de_hm
2b627f93-09c2-41d3-b476-221702c3f4e3,2026-02-05 00:06:28.000,Mail Overview,de_hm
2b627f93-09c2-41d3-b476-221702c3f4e3,2026-02-05 00:06:30.000,Feed,de_hm
2b627f93-09c2-41d3-b476-221702c3f4e3,2026-02-05 00:06:22.000,Mail Detail,de_hm
2b627f93-09c2-41d3-b476-221702c3f4e3,2026-02-05 00:06:24.000,Mail Detail,de_hm
2b627f93-09c2-41d3-b476-221702c3f4e3,2026-02-05 00:06:23.000,Mail Overview,de_hm
2b627f93-09c2-41d3-b476-221702c3f4e3,2026-02-05 00:06:21.000,Mail Overview,de_hm
2b627f93-09c2-41d3-b476-221702c3f4e3,2026-02-05 00:06:25.000,Mail Overview,de_hm
2490a39e-4959-4d86-94ca-e0bd6a3f7948,2026-02-05 00:06:24.000,Mail Overview,de_hsnd
de4eaa6f-ae02-47de-933e-2c08e38caafd,2026-02-05 00:06:21.000,Mail Overview,de_hsfd
de4eaa6f-ae02-47de-933e-2c08e38caafd,2026-02-05 00:06:24.000,Mail Detail,de_hsfd
3b24f539-5cc4-4631-9194-5432c123670b,2026-02-05 00:06:24.000,Feed,de_pum
ef57814f-21de-49f3-afe4-e67827b46111,2026-02-04 15:40:25.000,Mail Overview,de_bt
2490a39e-4959-4d86-94ca-e0bd6a3f7948,2026-02-05 00:06:22.000,Studie Modules,de_hsnd
9939cba3-6e96-499f-9b5f-e3dc6a0c3d44,2026-02-05 00:06:25.000,Cafeteria Detail,de_ks
899f89e3-131a-4841-9b33-a5fb41a7dfe0,2026-02-05 00:06:26.000,Mail Overview,de_fhms
d468d797-53cd-4363-b887-5dda0b4ec2ad,2026-02-05 00:06:30.000,Cafeteria Overview,de_hsm
aade2cef-3c9b-45bd-8b90-237bae8acaa5,2026-02-05 00:06:28.000,Mail Overview,de_upb
d468d797-53cd-4363-b887-5dda0b4ec2ad,2026-02-05 00:06:24.000,Studie Modules,de_hsm
bc7f5338-1774-4ee0-96fd-cbc7fbe5a129,2026-02-05 00:06:34.000,Mail Overview,de_lg
d468d797-53cd-4363-b887-5dda0b4ec2ad,2026-02-05 00:06:31.000,Cafeteria Detail,de_hsm
949a6aa7-0586-469b-b71c-5d231cef59a8,2026-02-05 00:06:34.000,Mail Overview,de_ks
9244a638-2c6f-474a-ad4e-c631e97e92e8,2026-02-05 00:06:29.000,Feed,de_thm
9244a638-2c6f-474a-ad4e-c631e97e92e8,2026-02-05 00:06:26.000,Mail Overview,de_thm
9244a638-2c6f-474a-ad4e-c631e97e92e8,2026-02-05 00:06:27.000,Studie Modules,de_thm
a3fa1a83-7f2e-4405-9c3e-496700c86d10,2026-02-05 00:06:35.000,Mail Overview,de_hsko
5ab67c90-22eb-48ad-ac01-8871202012c1,2026-02-05 00:06:36.000,Mail Overview,de_tuda
a3fa1a83-7f2e-4405-9c3e-496700c86d10,2026-02-05 00:06:33.000,Mail Detail,de_hsko
a3fa1a83-7f2e-4405-9c3e-496700c86d10,2026-02-05 00:06:24.000,Mail Overview,de_hsko
0dc53fe7-20ab-40ed-ab44-b382174b1e3d,2026-02-05 00:06:33.000,Mail Overview,de_emau
0dc53fe7-20ab-40ed-ab44-b382174b1e3d,2026-02-05 00:06:30.000,Mail Overview,de_emau
0dc53fe7-20ab-40ed-ab44-b382174b1e3d,2026-02-05 00:06:31.000,Mail Detail,de_emau
0dc53fe7-20ab-40ed-ab44-b382174b1e3d,2026-02-05 00:06:36.000,Mail Overview,de_emau
0dc53fe7-20ab-40ed-ab44-b382174b1e3d,2026-02-05 00:06:29.000,Mail Detail,de_emau
0dc53fe7-20ab-40ed-ab44-b382174b1e3d,2026-02-05 00:06:36.000,Mail Detail,de_emau
0dc53fe7-20ab-40ed-ab44-b382174b1e3d,2026-02-05 00:06:28.000,Mail Overview,de_emau
0dc53fe7-20ab-40ed-ab44-b382174b1e3d,2026-02-05 00:06:34.000,Mail Detail,de_emau
0dc53fe7-20ab-40ed-ab44-b382174b1e3d,2026-02-05 00:06:32.000,Mail Overview,de_emau
0dc53fe7-20ab-40ed-ab44-b382174b1e3d,2026-02-05 00:06:28.000,Mail Detail,de_emau
0dc53fe7-20ab-40ed-ab44-b382174b1e3d,2026-02-05 00:06:35.000,Mail Overview,de_emau
436a9c0c-2813-4045-9b34-1c6b8b25d1b7,2026-02-04 23:58:04.000,External Login Expired,de_tuda
0dc53fe7-20ab-40ed-ab44-b382174b1e3d,2026-02-05 00:06:32.000,Mail Detail,de_emau
02ba421a-de8a-47ac-8444-f289e81c99d5,2026-02-05 00:06:35.000,wallet,de_fhswf
02ba421a-de8a-47ac-8444-f289e81c99d5,2026-02-05 00:06:31.000,Feed,de_fhswf
02ba421a-de8a-47ac-8444-f289e81c99d5,2026-02-05 00:06:36.000,Feed,de_fhswf
02ba421a-de8a-47ac-8444-f289e81c99d5,2026-02-05 00:06:38.000,Grades Overview,de_fhswf
f7eb73bb-e072-41dc-91e6-b3448cd1c7dc,2026-02-05 00:06:35.000,Courses Overview,de_tum
bc7f5338-1774-4ee0-96fd-cbc7fbe5a129,2026-02-05 00:06:42.000,Mail Detail,de_lg
cc268a2d-8d18-4977-b58e-68d9c5dbbc18,2026-02-05 00:06:43.000,Mail Detail,de_ua
91d08e95-ffa6-4ba5-942c-80423339b0f7,2026-02-05 00:06:41.000,Mail Overview,de_pum
5ab67c90-22eb-48ad-ac01-8871202012c1,2026-02-05 00:06:44.000,Mail Detail,de_tuda
0dc53fe7-20ab-40ed-ab44-b382174b1e3d,2026-02-05 00:06:39.000,Mail Detail,de_emau
0dc53fe7-20ab-40ed-ab44-b382174b1e3d,2026-02-05 00:06:40.000,Mail Detail,de_emau
0dc53fe7-20ab-40ed-ab44-b382174b1e3d,2026-02-05 00:06:41.000,Mail Detail,de_emau
0dc53fe7-20ab-40ed-ab44-b382174b1e3d,2026-02-05 00:06:38.000,Mail Detail,de_emau
0dc53fe7-20ab-40ed-ab44-b382174b1e3d,2026-02-05 00:06:43.000,Mail Detail,de_emau
0dc53fe7-20ab-40ed-ab44-b382174b1e3d,2026-02-05 00:06:38.000,Mail Overview,de_emau
0dc53fe7-20ab-40ed-ab44-b382174b1e3d,2026-02-05 00:06:41.000,Mail Overview,de_emau
0dc53fe7-20ab-40ed-ab44-b382174b1e3d,2026-02-05 00:06:42.000,Mail Overview,de_emau
0dc53fe7-20ab-40ed-ab44-b382174b1e3d,2026-02-05 00:06:46.000,Mail Overview,de_emau
0dc53fe7-20ab-40ed-ab44-b382174b1e3d,2026-02-05 00:06:40.000,Mail Overview,de_emau
0dc53fe7-20ab-40ed-ab44-b382174b1e3d,2026-02-05 00:06:47.000,Mail Detail,de_emau
21ebc7f4-cdf6-47e5-91da-81d6f1c0d4ec,2026-02-05 00:06:45.000,Mail Detail,de_fhef
b701668d-838a-4fd2-a86d-d1820b9c9863,2026-02-04 23:06:38.000,Studie Modules,de_hsan
41d4bda5-420d-4ab2-af3b-c01c7ff3d641,2026-02-05 00:06:03.000,Wallet Login,de_hshb
41d4bda5-420d-4ab2-af3b-c01c7ff3d641,2026-02-05 00:06:01.000,Studie Modules,de_hshb
b701668d-838a-4fd2-a86d-d1820b9c9863,2026-02-04 23:06:41.000,Mail Overview,de_hsan
82bdd9ef-6b11-42e3-aaba-396e2b861c0a,2026-02-05 00:06:42.000,Mail Overview,de_bt
82bdd9ef-6b11-42e3-aaba-396e2b861c0a,2026-02-05 00:06:40.000,Studie Modules,de_bt
21ebc7f4-cdf6-47e5-91da-81d6f1c0d4ec,2026-02-05 00:06:39.000,Mail Overview,de_fhef
e8e1a78b-1d0d-43e4-9a62-7ab58ad79c9d,2026-02-05 00:06:49.000,Mail Overview,de_hm
c1225a94-144d-427f-9934-b3451cb135b8,2026-02-04 23:36:07.000,Studie Modules,de_hm
b028b267-145c-48f1-8e25-52aef7b0e68f,2026-02-04 23:51:19.000,Mail Overview,de_bt
c1225a94-144d-427f-9934-b3451cb135b8,2026-02-04 23:36:07.000,Mail Overview,de_hm
b028b267-145c-48f1-8e25-52aef7b0e68f,2026-02-04 23:51:18.000,Studie Modules,de_bt
4d82efc2-a759-42a3-a11a-9a111db16f31,2026-02-05 00:06:50.000,Mail Detail,de_hvk
4d82efc2-a759-42a3-a11a-9a111db16f31,2026-02-05 00:06:45.000,Mail Overview,de_hvk
afffbe4d-a066-49da-914f-a1b0c6811ce6,2026-02-04 09:08:08.000,calendar_overview,ch_phz
cc268a2d-8d18-4977-b58e-68d9c5dbbc18,2026-02-05 00:06:53.000,Mail Overview,de_ua
9e6fddae-feba-429e-bc77-e7d29ccb0150,2026-02-04 19:14:29.000,Mail Overview,de_hslu
9e6fddae-feba-429e-bc77-e7d29ccb0150,2026-02-04 19:14:28.000,Mail Detail,de_hslu
91d08e95-ffa6-4ba5-942c-80423339b0f7,2026-02-05 00:06:48.000,Mail Detail,de_pum
14fd2ce5-9e87-4905-99cb-2273ce1cff56,2026-02-05 00:06:51.000,Mail Overview,de_fhef
5ab67c90-22eb-48ad-ac01-8871202012c1,2026-02-05 00:06:54.000,Mail Overview,de_tuda
14fd2ce5-9e87-4905-99cb-2273ce1cff56,2026-02-05 00:06:46.000,Mail Overview,de_fhef
14fd2ce5-9e87-4905-99cb-2273ce1cff56,2026-02-05 00:06:49.000,Mail Detail,de_fhef
0dc53fe7-20ab-40ed-ab44-b382174b1e3d,2026-02-05 00:06:49.000,Mail Overview,de_emau
0dc53fe7-20ab-40ed-ab44-b382174b1e3d,2026-02-05 00:06:47.000,Mail Overview,de_emau
0dc53fe7-20ab-40ed-ab44-b382174b1e3d,2026-02-05 00:06:50.000,Mail Overview,de_emau
0dc53fe7-20ab-40ed-ab44-b382174b1e3d,2026-02-05 00:06:48.000,Mail Detail,de_emau
0dc53fe7-20ab-40ed-ab44-b382174b1e3d,2026-02-05 00:06:49.000,Mail Detail,de_emau
82bdd9ef-6b11-42e3-aaba-396e2b861c0a,2026-02-05 00:06:57.000,Mail Overview,de_bt
82bdd9ef-6b11-42e3-aaba-396e2b861c0a,2026-02-05 00:06:51.000,Mail Detail,de_bt
096a6faf-796c-4485-bdb0-707bf2cdc87a,2026-02-05 00:06:57.000,Studie Modules,de_bt
096a6faf-796c-4485-bdb0-707bf2cdc87a,2026-02-04 19:00:27.000,Studie Modules,de_bt
096a6faf-796c-4485-bdb0-707bf2cdc87a,2026-02-05 00:06:57.000,Mail Overview,de_bt
096a6faf-796c-4485-bdb0-707bf2cdc87a,2026-02-04 19:00:28.000,Mail Overview,de_bt
02ba421a-de8a-47ac-8444-f289e81c99d5,2026-02-05 00:06:58.000,Feed,de_fhswf
4c84ef35-ef4c-4df9-80a2-c53c59e98c8c,2026-02-05 00:06:50.000,Mail Overview,de_thm
4c84ef35-ef4c-4df9-80a2-c53c59e98c8c,2026-02-05 00:06:53.000,Mail Detail,de_thm
4c84ef35-ef4c-4df9-80a2-c53c59e98c8c,2026-02-05 00:06:49.000,Studie Modules,de_thm
69f0ad22-bbd1-431a-8f44-1f60b21a32a0,2026-02-04 17:41:09.000,Studie Modules,de_hsab
69f0ad22-bbd1-431a-8f44-1f60b21a32a0,2026-02-04 17:41:08.000,Feed,de_hsab
69f0ad22-bbd1-431a-8f44-1f60b21a32a0,2026-02-04 17:41:10.000,Mail Overview,de_hsab
69f0ad22-bbd1-431a-8f44-1f60b21a32a0,2026-02-04 17:41:06.000,Studie Modules,de_hsab
9244a638-2c6f-474a-ad4e-c631e97e92e8,2026-02-05 00:07:02.000,Feed Detail,de_thm
b8fb96f7-4ee4-4280-90c1-347d87b4bebb,2026-02-05 00:06:55.000,Mail Overview,de_ua
6630f5c3-6f86-4eaa-8bd2-1a2ef58aef2d,2026-02-05 00:06:53.000,Mail Overview,de_upb
6630f5c3-6f86-4eaa-8bd2-1a2ef58aef2d,2026-02-05 00:06:52.000,Studie Modules,de_upb
91d08e95-ffa6-4ba5-942c-80423339b0f7,2026-02-05 00:07:02.000,Mail Overview,de_pum
91d08e95-ffa6-4ba5-942c-80423339b0f7,2026-02-05 00:07:03.000,Feed,de_pum
14fd2ce5-9e87-4905-99cb-2273ce1cff56,2026-02-05 00:07:02.000,Mail Overview,de_fhef
14fd2ce5-9e87-4905-99cb-2273ce1cff56,2026-02-05 00:07:00.000,Mail Detail,de_fhef
a4f38aac-3aae-40e0-b609-5ac991b68732,2026-02-05 00:06:59.000,Mail Overview,de_hsda
818c3013-d45a-4f6f-9d49-1e18e347d532,2026-02-05 00:07:00.000,Mail Overview,de_jlug
a4f38aac-3aae-40e0-b609-5ac991b68732,2026-02-05 00:06:55.000,Studie Modules,de_hsda
442e09ae-7ec0-4d17-a28d-b61a0766e3e4,2026-02-04 23:22:24.000,Studie Modules,de_buw
492c14e5-122d-47c6-9485-4db4f023c2fb,2026-02-04 23:37:00.000,Mail Overview,de_phw
442e09ae-7ec0-4d17-a28d-b61a0766e3e4,2026-02-04 23:22:24.000,Mail Overview,de_buw
492c14e5-122d-47c6-9485-4db4f023c2fb,2026-02-04 23:36:58.000,Feed,de_phw
0dc53fe7-20ab-40ed-ab44-b382174b1e3d,2026-02-05 00:07:07.000,Studie Modules,de_emau
82bdd9ef-6b11-42e3-aaba-396e2b861c0a,2026-02-05 00:06:58.000,Mail Detail,de_bt
e728cbd3-c10b-43d1-8792-edb6df17d028,2026-02-05 00:07:03.000,Feed,de_upb
e728cbd3-c10b-43d1-8792-edb6df17d028,2026-02-05 00:07:07.000,Feed,de_upb
e728cbd3-c10b-43d1-8792-edb6df17d028,2026-02-05 00:06:53.000,wallet,de_upb
e728cbd3-c10b-43d1-8792-edb6df17d028,2026-02-05 00:07:05.000,Mail Setup Manual,de_upb
3b94c3de-c107-4b99-aaf3-61a30361a817,2026-02-05 00:06:58.000,Mail Overview,de_lg
3b94c3de-c107-4b99-aaf3-61a30361a817,2026-02-04 23:50:06.000,Mail Overview,de_lg
c7de5de1-c646-4d6f-a3e3-e3aa04f28473,2026-02-05 00:07:02.000,Cafeteria Overview,de_bt
3b94c3de-c107-4b99-aaf3-61a30361a817,2026-02-04 23:50:06.000,Studie Modules,de_lg
3b94c3de-c107-4b99-aaf3-61a30361a817,2026-02-05 00:06:57.000,Studie Modules,de_lg
da5cd821-bea7-4ee8-8dc2-a9585ac6483f,2026-02-04 16:24:07.000,Mail Overview,de_hslu
da5cd821-bea7-4ee8-8dc2-a9585ac6483f,2026-02-04 16:20:20.000,Mail Overview,de_hslu
da5cd821-bea7-4ee8-8dc2-a9585ac6483f,2026-02-04 16:24:06.000,Studie Modules,de_hslu
4c84ef35-ef4c-4df9-80a2-c53c59e98c8c,2026-02-05 00:07:07.000,Mail Overview,de_thm
da5cd821-bea7-4ee8-8dc2-a9585ac6483f,2026-02-04 16:02:22.000,Mail Overview,de_hslu
da5cd821-bea7-4ee8-8dc2-a9585ac6483f,2026-02-04 16:02:20.000,Feed,de_hslu
4c84ef35-ef4c-4df9-80a2-c53c59e98c8c,2026-02-05 00:07:08.000,Studie Modules,de_thm
4c84ef35-ef4c-4df9-80a2-c53c59e98c8c,2026-02-05 00:07:09.000,Grades Overview,de_thm
41d4bda5-420d-4ab2-af3b-c01c7ff3d641,2026-02-05 00:07:01.000,wallet,de_hshb
2bc39404-f7ad-4c55-9f83-6fd99544c85b,2026-02-05 00:07:00.000,Studie Modules,de_bt
8239e582-a1ff-480b-b8f3-55d344e829b4,2026-02-05 00:07:11.000,Mail Overview,de_thm
5118b3b3-2f09-4ff2-a13b-35215a9f8c0f,2026-02-04 23:05:02.000,Feed,de_ua
2bc39404-f7ad-4c55-9f83-6fd99544c85b,2026-02-05 00:07:01.000,Mail Overview,de_bt
6e283bbd-5138-4604-8484-542bd59f0a34,2026-02-05 00:07:05.000,Mail Detail,de_hub
6e283bbd-5138-4604-8484-542bd59f0a34,2026-02-05 00:07:03.000,Studie Modules,de_hub
6e283bbd-5138-4604-8484-542bd59f0a34,2026-02-05 00:07:04.000,Mail Overview,de_hub
00dc7879-d8ab-438a-80b9-de09798949f8,2026-02-05 00:07:12.000,Mail Overview,de_si
359bdc8d-9305-4c1c-b8ff-5052c8f094c7,2026-02-04 21:41:30.000,Mail Detail,de_pum
14fd2ce5-9e87-4905-99cb-2273ce1cff56,2026-02-05 00:07:09.000,Mail Detail,de_fhef
a4f38aac-3aae-40e0-b609-5ac991b68732,2026-02-05 00:07:06.000,Mail Detail,de_hsda
a4f38aac-3aae-40e0-b609-5ac991b68732,2026-02-05 00:07:08.000,Mail Overview,de_hsda
4806bb9a-c130-459d-8c28-7f716cb786a8,2026-02-05 00:07:11.000,Mail FolderSelection,de_hsnb
14fd2ce5-9e87-4905-99cb-2273ce1cff56,2026-02-05 00:07:11.000,Mail Overview,de_fhef
842cb71f-a91a-4532-9fd9-423ed72e35b1,2026-02-04 18:12:59.000,Mail Overview,de_hsm
5ab67c90-22eb-48ad-ac01-8871202012c1,2026-02-05 00:07:14.000,Mail Write,de_tuda
5ab67c90-22eb-48ad-ac01-8871202012c1,2026-02-05 00:07:12.000,Mail Detail,de_tuda
842cb71f-a91a-4532-9fd9-423ed72e35b1,2026-02-04 19:39:26.000,Studie Modules,de_hsm
ec5c94ca-e18c-4885-8079-a822b27f398d,2026-02-05 00:07:16.000,Mail Detail,de_hm
ec5c94ca-e18c-4885-8079-a822b27f398d,2026-02-05 00:07:08.000,Feed,de_hm
818c3013-d45a-4f6f-9d49-1e18e347d532,2026-02-05 00:07:16.000,Mail Detail,de_jlug
842cb71f-a91a-4532-9fd9-423ed72e35b1,2026-02-04 19:39:29.000,Mail Overview,de_hsm
ec5c94ca-e18c-4885-8079-a822b27f398d,2026-02-05 00:07:09.000,Mail Overview,de_hm
308fecce-1d27-4fc7-92b0-cdb98a804163,2026-02-04 15:59:29.000,Mail Detail,de_ks
0dc53fe7-20ab-40ed-ab44-b382174b1e3d,2026-02-05 00:07:11.000,Grades Overview,de_emau
308fecce-1d27-4fc7-92b0-cdb98a804163,2026-02-04 15:59:30.000,Mail Overview,de_ks
4a644303-894a-4726-8f9c-7489857b1679,2026-02-04 18:35:47.000,Studie Modules,de_thbi
ee7f0c66-3959-4e35-8938-fee33a0b23d2,2026-02-04 23:58:24.000,External Login Expired,de_tuda
4a644303-894a-4726-8f9c-7489857b1679,2026-02-04 18:35:50.000,Studie Modules,de_thbi
51b79e75-15ba-4e8d-8fa4-45bcfbe3da40,2026-02-04 23:48:20.000,External Login Expired,de_tuda
4a644303-894a-4726-8f9c-7489857b1679,2026-02-04 18:35:48.000,Mail Overview,de_thbi
4814f961-68ba-4229-ac72-541e6cf02b83,2026-02-05 00:07:20.000,Studie Modules,de_pum
4c84ef35-ef4c-4df9-80a2-c53c59e98c8c,2026-02-05 00:07:17.000,Grades Detail,de_thm
06adf029-6e76-4b87-9aba-59ad84301c29,2026-02-05 00:07:19.000,Feed,de_fhlb
8239e582-a1ff-480b-b8f3-55d344e829b4,2026-02-05 00:07:19.000,Mail Detail,de_thm
82bdd9ef-6b11-42e3-aaba-396e2b861c0a,2026-02-05 00:07:20.000,Mail Overview,de_bt
8239e582-a1ff-480b-b8f3-55d344e829b4,2026-02-05 00:07:12.000,Mail Detail,de_thm
8239e582-a1ff-480b-b8f3-55d344e829b4,2026-02-05 00:07:13.000,Mail Overview,de_thm
1a6585ea-6c82-4114-ada0-206524ea72bf,2026-02-05 00:07:15.000,Cafeteria Overview,de_hsko
1a6585ea-6c82-4114-ada0-206524ea72bf,2026-02-05 00:07:16.000,Studie Modules,de_hsko
1a6585ea-6c82-4114-ada0-206524ea72bf,2026-02-05 00:07:18.000,Studie Modules,de_hsko
f05ca8d0-3a50-44c2-93f4-91d42beb995b,2026-02-04 20:10:43.000,Feed,de_si
1a6585ea-6c82-4114-ada0-206524ea72bf,2026-02-05 00:07:17.000,Cafeteria Overview,de_hsko
1a6585ea-6c82-4114-ada0-206524ea72bf,2026-02-05 00:07:19.000,Grades Overview,de_hsko
3e454b46-cdde-49a5-9fa8-df9ba2b4f4b3,2026-02-05 00:07:20.000,Mail Overview,de_thm
3e454b46-cdde-49a5-9fa8-df9ba2b4f4b3,2026-02-05 00:07:22.000,Studie Modules,de_thm
00dc7879-d8ab-438a-80b9-de09798949f8,2026-02-05 00:07:16.000,Mail Detail,de_si
00dc7879-d8ab-438a-80b9-de09798949f8,2026-02-05 00:07:22.000,Grades Overview,de_si
3e454b46-cdde-49a5-9fa8-df9ba2b4f4b3,2026-02-05 00:07:23.000,Grades Overview,de_thm
3e454b46-cdde-49a5-9fa8-df9ba2b4f4b3,2026-02-05 00:07:16.000,Mail Detail,de_thm
4806bb9a-c130-459d-8c28-7f716cb786a8,2026-02-05 00:07:21.000,Mail Overview,de_hsnb
4806bb9a-c130-459d-8c28-7f716cb786a8,2026-02-05 00:07:17.000,Mail Permission,de_hsnb
9244a638-2c6f-474a-ad4e-c631e97e92e8,2026-02-05 00:07:27.000,Feed,de_thm
fb903612-c591-464f-a74e-2db0ac4f5200,2026-02-04 15:31:22.000,Studie Modules,de_fhwo
fb903612-c591-464f-a74e-2db0ac4f5200,2026-02-04 15:36:19.000,Grades Detail,de_fhwo
a4f38aac-3aae-40e0-b609-5ac991b68732,2026-02-05 00:07:27.000,Studie Modules,de_hsda
fb903612-c591-464f-a74e-2db0ac4f5200,2026-02-04 15:52:16.000,Grades Overview,de_fhwo
fb903612-c591-464f-a74e-2db0ac4f5200,2026-02-04 15:52:15.000,Grades Detail,de_fhwo
fb903612-c591-464f-a74e-2db0ac4f5200,2026-02-04 15:32:10.000,Grades Overview,de_fhwo
fb903612-c591-464f-a74e-2db0ac4f5200,2026-02-04 15:36:21.000,Grades Overview,de_fhwo
3a6a85b9-b584-4973-810e-b7686fef9e4b,2026-02-05 00:07:19.000,Studie Modules,de_rkuh
0dc53fe7-20ab-40ed-ab44-b382174b1e3d,2026-02-05 00:07:21.000,Grades Detail,de_emau
0dc53fe7-20ab-40ed-ab44-b382174b1e3d,2026-02-05 00:07:27.000,Studie Modules,de_emau
0dc53fe7-20ab-40ed-ab44-b382174b1e3d,2026-02-05 00:07:26.000,Grades Overview,de_emau
2d3da877-bf2e-420d-8b7e-f0eb8e5988be,2026-02-05 00:07:19.000,Mail Overview,de_fhst
3a6a85b9-b584-4973-810e-b7686fef9e4b,2026-02-05 00:07:22.000,Feed,de_rkuh
3a6a85b9-b584-4973-810e-b7686fef9e4b,2026-01-27 17:01:33.000,Mail Overview,de_rkuh
d92592e2-3867-468c-8000-822139101970,2026-02-05 00:07:17.000,External Login Expired,de_hm
d92592e2-3867-468c-8000-822139101970,2026-02-05 00:07:19.000,Settings Loading,de_hm
19a500e1-60c0-450d-961e-284887cf50d5,2026-02-05 00:07:24.000,Cafeteria Overview,de_hsm
d862ab28-944b-4d7e-836e-6b8defb4cc05,2026-02-05 00:07:24.000,Mail Write,de_jlug
d862ab28-944b-4d7e-836e-6b8defb4cc05,2026-02-05 00:07:21.000,Mail Overview,de_jlug
d92592e2-3867-468c-8000-822139101970,2026-02-05 00:07:17.000,Feed Detail,de_hm
d92592e2-3867-468c-8000-822139101970,2026-02-05 00:07:21.000,Feed,de_hm
d862ab28-944b-4d7e-836e-6b8defb4cc05,2026-02-05 00:07:19.000,Studie Modules,de_jlug
a8fd6015-96e5-4b26-b591-3e3c0cd3c55a,2026-02-04 19:40:08.000,Studie Modules,de_ur
91d375af-62e0-4e91-b823-a914ab5e027a,2026-02-04 23:35:31.000,Grades Overview,de_hsnb
91d375af-62e0-4e91-b823-a914ab5e027a,2026-02-04 23:35:26.000,Mail Overview,de_hsnb
a8fd6015-96e5-4b26-b591-3e3c0cd3c55a,2026-02-04 19:40:08.000,Mail Overview,de_ur
4814f961-68ba-4229-ac72-541e6cf02b83,2026-02-05 00:07:21.000,Mail Overview,de_pum
a8fd6015-96e5-4b26-b591-3e3c0cd3c55a,2026-02-04 19:40:11.000,Cafeteria Overview,de_ur
a8fd6015-96e5-4b26-b591-3e3c0cd3c55a,2026-02-04 19:40:10.000,Studie Modules,de_ur
640b6221-0498-4009-a199-15189c701ee8,2026-02-04 23:02:16.000,Mail Overview,de_hspf
91d375af-62e0-4e91-b823-a914ab5e027a,2026-02-04 23:35:31.000,Feed,de_hsnb
91d375af-62e0-4e91-b823-a914ab5e027a,2026-02-04 23:35:33.000,Feed,de_hsnb
eaae93b4-043b-4beb-b91b-a8978bdc5fe3,2026-02-04 17:30:50.000,Studie Modules,de_fhki
9eebfca7-e88d-47a0-8eef-5a65dbb06c83,2026-02-04 23:41:10.000,Mail Detail,de_bt
9eebfca7-e88d-47a0-8eef-5a65dbb06c83,2026-02-04 23:41:14.000,Mail Overview,de_bt
82bdd9ef-6b11-42e3-aaba-396e2b861c0a,2026-02-05 00:07:23.000,Mail Detail,de_bt
eaae93b4-043b-4beb-b91b-a8978bdc5fe3,2026-02-04 17:30:53.000,Mail Detail,de_fhki
eaae93b4-043b-4beb-b91b-a8978bdc5fe3,2026-02-04 17:30:57.000,Mail Overview,de_fhki
b584498b-caf7-4262-b4f0-789b54adc685,2026-02-05 00:07:19.000,Mail Overview,de_pum
eaae93b4-043b-4beb-b91b-a8978bdc5fe3,2026-02-04 17:30:51.000,Mail Overview,de_fhki
9eebfca7-e88d-47a0-8eef-5a65dbb06c83,2026-02-04 23:41:09.000,Mail Overview,de_bt
00614b88-ddc1-488a-96af-a83501516cc7,2026-02-05 00:07:30.000,Feed,de_thhf
00614b88-ddc1-488a-96af-a83501516cc7,2026-02-04 21:47:39.000,Feed,de_thhf
00614b88-ddc1-488a-96af-a83501516cc7,2026-02-04 21:47:37.000,Studie Modules,de_thhf
19ec063d-7faf-4263-bee0-58e1fa4e7bd9,2026-02-05 00:07:26.000,Studie Modules,de_pum
1a6585ea-6c82-4114-ada0-206524ea72bf,2026-02-05 00:07:25.000,Grades Detail,de_hsko
1a6585ea-6c82-4114-ada0-206524ea72bf,2026-02-05 00:07:26.000,Grades Overview,de_hsko
19ec063d-7faf-4263-bee0-58e1fa4e7bd9,2026-02-05 00:07:26.000,Mail Overview,de_pum
968d6c00-7aa5-4b91-b35e-1b02d66a69cf,2026-02-05 00:07:26.000,wallet,de_hsfb
19ec063d-7faf-4263-bee0-58e1fa4e7bd9,2026-02-05 00:07:29.000,Mail Detail,de_pum
00dc7879-d8ab-438a-80b9-de09798949f8,2026-02-05 00:07:31.000,Mail Detail,de_si
bbff53ba-997d-44cf-82bb-246862ba29b6,2026-02-05 00:07:24.000,External Login Expired,de_tuda
4da17dd0-747e-49af-ad83-3540baddea9e,2026-02-05 00:07:36.000,Mail Overview,de_fhms
c259e769-91fe-48de-92a5-47618a3f3bf1,2026-02-05 00:07:32.000,Mail Overview,de_jlug
9fc11c5c-e9fb-4e0e-acde-e8d98c9d486e,2026-02-05 00:07:29.000,Mail Overview,de_pum
bcec8fe5-044a-4a2c-8780-c45e1ecde3a9,2026-02-05 00:02:42.000,Mail Overview,de_fhwo
14f77695-5213-4e5a-b2eb-82ebb88b4a0f,2026-02-05 00:07:25.000,Global Ory Login,de_upb
a2051a49-ce64-496d-991a-90a4a8549a51,2026-02-04 05:47:50.000,wallet,de_tuda
818c3013-d45a-4f6f-9d49-1e18e347d532,2026-02-05 00:07:36.000,Mail Write,de_jlug
14f77695-5213-4e5a-b2eb-82ebb88b4a0f,2026-02-05 00:07:27.000,In App Browser Webview,de_upb
bcec8fe5-044a-4a2c-8780-c45e1ecde3a9,2026-02-05 00:02:42.000,Feed,de_fhwo
6e861fb8-eb01-4e24-9e97-0f60322d5ff5,2026-02-04 20:45:22.000,Mail Overview,de_phlb
3a6a85b9-b584-4973-810e-b7686fef9e4b,2026-02-05 00:07:31.000,Cafeteria Detail,de_rkuh
3a6a85b9-b584-4973-810e-b7686fef9e4b,2026-02-05 00:07:30.000,Cafeteria Overview,de_rkuh
3a6a85b9-b584-4973-810e-b7686fef9e4b,2026-02-05 00:07:28.000,Studie Modules,de_rkuh
52f8a3f8-6b9c-465e-a269-1028052bc5b6,2026-02-05 00:07:37.000,Mail Overview,de_fhef
4814f961-68ba-4229-ac72-541e6cf02b83,2026-02-05 00:07:36.000,Mail Detail,de_pum
ad67f859-56b2-4241-aab1-15df460beb07,2026-02-04 20:50:43.000,Studie Modules,de_kuei
ad67f859-56b2-4241-aab1-15df460beb07,2026-02-04 20:50:44.000,Mail Overview,de_kuei
552e0e69-846b-4fcd-b8c7-316c45e9b0d8,2026-02-04 19:52:55.000,Feed,de_evhb
552e0e69-846b-4fcd-b8c7-316c45e9b0d8,2026-02-04 19:52:51.000,Grades Overview,de_evhb
8239e582-a1ff-480b-b8f3-55d344e829b4,2026-02-05 00:07:40.000,Mail Overview,de_thm
56922388-1627-414e-b863-8e86599988ac,2026-02-04 22:22:46.000,Studie Modules,de_phw
56922388-1627-414e-b863-8e86599988ac,2026-02-04 22:22:47.000,Mail Overview,de_phw
88a22b90-6b10-4085-b59d-42e631e2500d,2026-02-04 15:49:02.000,Studie Modules,de_jlug
c259e769-91fe-48de-92a5-47618a3f3bf1,2026-02-05 00:07:35.000,Mail Detail,de_jlug
4da17dd0-747e-49af-ad83-3540baddea9e,2026-02-05 00:07:36.000,Mail Detail,de_fhms
242cf0bd-b911-4141-a66d-107875e4f6e7,2026-02-05 00:07:36.000,Studie Modules,de_hsab
2f71a909-ef81-4792-8fb9-92404b58a723,2026-02-04 21:40:15.000,Mail Overview,de_jlug
242cf0bd-b911-4141-a66d-107875e4f6e7,2026-02-05 00:07:38.000,Mail Overview,de_hsab
242cf0bd-b911-4141-a66d-107875e4f6e7,2026-02-05 00:07:45.000,Mail Detail,de_hsab
9fc11c5c-e9fb-4e0e-acde-e8d98c9d486e,2026-02-05 00:07:36.000,Mail Overview,de_pum
c259e769-91fe-48de-92a5-47618a3f3bf1,2026-02-05 00:07:42.000,Mail Overview,de_jlug
2f71a909-ef81-4792-8fb9-92404b58a723,2026-02-04 21:40:14.000,Studie Modules,de_jlug
4a8d2f9e-0c57-4dcd-9e77-160859b02df9,2026-02-05 00:07:46.000,Mail Detail,de_jlug
52f8a3f8-6b9c-465e-a269-1028052bc5b6,2026-02-05 00:07:44.000,Mail Detail,de_fhef
0c23d1eb-3621-444f-83c8-5a34f5902f55,2026-02-05 00:07:46.000,Games Battleships Profile,de_kit
0c23d1eb-3621-444f-83c8-5a34f5902f55,2026-02-05 00:07:47.000,Games Overview,de_kit
0c23d1eb-3621-444f-83c8-5a34f5902f55,2026-02-05 00:07:44.000,Games Overview,de_kit
0c23d1eb-3621-444f-83c8-5a34f5902f55,2026-02-05 00:07:47.000,Games Basketball Main,de_kit
0c23d1eb-3621-444f-83c8-5a34f5902f55,2026-02-05 00:07:42.000,Studie Modules,de_kit
f8ec0823-4ab9-4934-b157-3abad0274f98,2026-02-04 14:37:37.000,Feed,de_eufb
066d61ef-a0f0-4cc4-bcc7-de0cae04a34a,2026-02-04 22:06:26.000,Mail Overview,de_tuda
066d61ef-a0f0-4cc4-bcc7-de0cae04a34a,2026-02-04 22:06:28.000,Feed,de_tuda
dc753351-8666-4cf5-808e-dfe846fbbd4a,2026-02-04 17:26:06.000,Mail Overview,de_hm
00614b88-ddc1-488a-96af-a83501516cc7,2026-02-05 00:07:50.000,Feed Shortcuts List,de_thhf
dc753351-8666-4cf5-808e-dfe846fbbd4a,2026-02-04 17:26:04.000,Studie Modules,de_hm
dc753351-8666-4cf5-808e-dfe846fbbd4a,2026-02-04 17:26:07.000,Mail Detail,de_hm
00614b88-ddc1-488a-96af-a83501516cc7,2026-02-05 00:07:50.000,Studie Modules,de_thhf
00614b88-ddc1-488a-96af-a83501516cc7,2026-02-05 00:07:50.000,Feed Profile,de_thhf
e7925bbf-f6c1-4a86-bab9-39ce79370d1b,2026-02-05 00:07:39.000,Studie Modules,de_tuda
8b7a7d1d-0e41-4e80-a151-cc9de48239a2,2026-02-05 00:07:52.000,Studie Modules,de_ush
8b7a7d1d-0e41-4e80-a151-cc9de48239a2,2026-02-05 00:07:43.000,Mail Overview,de_ush
8b7a7d1d-0e41-4e80-a151-cc9de48239a2,2026-02-05 00:07:45.000,Mail Detail,de_ush
8b7a7d1d-0e41-4e80-a151-cc9de48239a2,2026-02-05 00:07:41.000,Studie Modules,de_ush
2c87e6a1-b65a-493b-a980-756aa1b88f7a,2026-02-05 00:07:52.000,Mail Overview,de_hdm
2c87e6a1-b65a-493b-a980-756aa1b88f7a,2026-02-05 00:07:54.000,Mail Detail,de_hdm
242cf0bd-b911-4141-a66d-107875e4f6e7,2026-02-05 00:07:51.000,Mail Detail,de_hsab
242cf0bd-b911-4141-a66d-107875e4f6e7,2026-02-05 00:07:46.000,Mail Overview,de_hsab
a84320a9-a810-4d18-aeca-1a72e38b7116,2026-02-04 21:45:41.000,Mail Detail,de_kuei
a84320a9-a810-4d18-aeca-1a72e38b7116,2026-02-04 21:45:43.000,Mail Detail,de_kuei
a84320a9-a810-4d18-aeca-1a72e38b7116,2026-02-04 21:45:38.000,Studie Modules,de_kuei
cec16faa-938f-4ae8-a78b-0908422e094d,2026-02-04 23:25:43.000,Mail Overview,de_hsge
a84320a9-a810-4d18-aeca-1a72e38b7116,2026-02-04 21:45:43.000,Mail Overview,de_kuei
a84320a9-a810-4d18-aeca-1a72e38b7116,2026-02-04 21:45:39.000,Mail Overview,de_kuei
3d3b727a-4743-4f7a-97cd-540eea7a9d8b,2026-02-05 00:07:56.000,Mail Overview,de_hsge
52f8a3f8-6b9c-465e-a269-1028052bc5b6,2026-02-05 00:07:55.000,Mail Overview,de_fhef
82aedc34-e0fb-451c-bb51-8640154a7339,2026-02-04 19:41:33.000,Studie Modules,de_hsge
82aedc34-e0fb-451c-bb51-8640154a7339,2026-02-04 19:41:33.000,Mail Overview,de_hsge
b9779701-4904-46c8-acb3-7c870232c4e3,2026-02-05 00:07:49.000,Studie Modules,de_hsko
82aedc34-e0fb-451c-bb51-8640154a7339,2026-02-04 23:11:46.000,Studie Modules,de_hsge
b9779701-4904-46c8-acb3-7c870232c4e3,2026-02-05 00:07:52.000,Generic Links Overview,de_hsko
e84ed2cf-ba38-43c0-aab1-78b8fb7f6c4e,2026-02-04 23:03:34.000,Mail Detail,de_ks
82aedc34-e0fb-451c-bb51-8640154a7339,2026-02-04 23:11:47.000,Mail Overview,de_hsge
88aca256-afe9-4f4e-a95b-ec85b409b6bc,2026-02-04 10:13:24.000,Mail Overview,de_si
88aca256-afe9-4f4e-a95b-ec85b409b6bc,2026-02-05 00:07:59.000,Mail Overview,de_si
daf945b8-7559-433d-bb53-a04fdaba6feb,2026-02-05 00:07:50.000,Study Field Onboarding,de_fhki
bda01563-4bc7-4213-a0a5-3a14c424f7e5,2026-02-04 18:40:18.000,Study Field Onboarding,de_hsge
e7925bbf-f6c1-4a86-bab9-39ce79370d1b,2026-02-05 00:07:55.000,Generic Links Overview,de_tuda
59c49baf-cf50-40de-b554-a56e8748a620,2026-02-05 00:08:02.000,Mail Detail,de_hsm
6de2d0dc-41a4-451f-a453-e8924a275e21,2026-02-05 00:08:02.000,Mail Detail,de_dhbws
59c49baf-cf50-40de-b554-a56e8748a620,2026-02-05 00:07:56.000,Mail Overview,de_hsm
0dc53fe7-20ab-40ed-ab44-b382174b1e3d,2026-02-05 00:07:59.000,Studie Modules,de_emau
0c23d1eb-3621-444f-83c8-5a34f5902f55,2026-02-05 00:08:04.000,Games Overview,de_kit
8b7a7d1d-0e41-4e80-a151-cc9de48239a2,2026-02-05 00:07:55.000,Grades Overview,de_ush
0dc53fe7-20ab-40ed-ab44-b382174b1e3d,2026-02-05 00:08:00.000,Mail Overview,de_emau
0dc53fe7-20ab-40ed-ab44-b382174b1e3d,2026-02-05 00:07:58.000,Library Login,de_emau
1d9d83d7-2879-4212-ab16-644e6d6f8532,2026-02-05 00:08:05.000,Studie Modules,de_si
f13c4e99-ddc2-4d34-bb40-b5c6c9014155,2026-02-05 00:07:57.000,Mail Write,de_emau
f13c4e99-ddc2-4d34-bb40-b5c6c9014155,2026-02-05 00:07:55.000,Mail Overview,de_emau
242cf0bd-b911-4141-a66d-107875e4f6e7,2026-02-05 00:08:01.000,Mail Overview,de_hsab
3d3b727a-4743-4f7a-97cd-540eea7a9d8b,2026-02-05 00:08:07.000,Mail Overview,de_hsge
3d3b727a-4743-4f7a-97cd-540eea7a9d8b,2026-02-05 00:07:58.000,Mail Detail,de_hsge
3d3b727a-4743-4f7a-97cd-540eea7a9d8b,2026-02-05 00:08:01.000,Mail Detail,de_hsge
3d3b727a-4743-4f7a-97cd-540eea7a9d8b,2026-02-05 00:07:59.000,Mail Overview,de_hsge
066ed5be-2036-4a36-b7d6-a262b3783658,2026-02-05 00:08:05.000,Feed Shortcuts List,de_hspf
1ec74a9c-30db-4c5f-86a0-48c63ff05f59,2026-02-04 22:04:43.000,Mail Overview,de_jlug
1ec74a9c-30db-4c5f-86a0-48c63ff05f59,2026-02-04 12:34:42.000,Mail Overview,de_jlug
db6b5b0f-a8ed-4e7d-b1d9-caf2a906e9e9,2026-02-05 00:07:59.000,Generic Links Overview,de_bt
db6b5b0f-a8ed-4e7d-b1d9-caf2a906e9e9,2026-02-05 00:07:57.000,Studie Modules,de_bt
0dc53fe7-20ab-40ed-ab44-b382174b1e3d,2026-02-05 00:08:13.000,Mail Detail,de_emau
c1c3e6ff-2337-4b95-80dc-1a4419ddb453,2026-02-05 00:08:04.000,Grades Overview,de_hspf
bd129aa8-b62b-44e7-b5b1-b140d41c5141,2026-02-04 16:45:19.000,Studie Modules,ch_phz
1d9d83d7-2879-4212-ab16-644e6d6f8532,2026-02-05 00:08:05.000,Mail Overview,de_si
bd129aa8-b62b-44e7-b5b1-b140d41c5141,2026-02-04 18:07:02.000,Grades With API Overview,ch_phz
bd129aa8-b62b-44e7-b5b1-b140d41c5141,2026-02-04 16:45:17.000,Feed,ch_phz
1d9d83d7-2879-4212-ab16-644e6d6f8532,2026-02-05 00:08:07.000,Mail Detail,de_si
242cf0bd-b911-4141-a66d-107875e4f6e7,2026-02-05 00:08:15.000,Mail Detail,de_hsab
e3050e5c-5209-4775-9eb1-18f12c2d9612,2026-02-04 23:38:04.000,Global Ory Login,de_upb
cb268522-faa0-4a6a-b3f7-fa654e8392ec,2026-02-05 00:08:12.000,Studie Modules,de_ush
cb268522-faa0-4a6a-b3f7-fa654e8392ec,2026-02-05 00:08:18.000,Mail Detail,de_ush
cb268522-faa0-4a6a-b3f7-fa654e8392ec,2026-02-05 00:08:14.000,Mail Overview,de_ush
0fa9318b-440e-4e2c-9acd-9af8b8c56dab,2026-02-04 23:55:13.000,Mail Overview,de_phlb
5e94ddf8-49de-4ffd-9f70-c1fad4f73e0a,2026-02-05 00:08:13.000,Mail Overview,de_fub
5e94ddf8-49de-4ffd-9f70-c1fad4f73e0a,2026-02-05 00:08:14.000,Mail Detail,de_fub
5e94ddf8-49de-4ffd-9f70-c1fad4f73e0a,2026-02-05 00:08:12.000,Studie Modules,de_fub
0fa9318b-440e-4e2c-9acd-9af8b8c56dab,2026-02-04 23:55:12.000,Studie Modules,de_phlb
e421bd1c-d0e5-49ad-a585-54a5e8614957,2026-02-05 00:08:17.000,Mail Overview,de_hnee
e421bd1c-d0e5-49ad-a585-54a5e8614957,2026-02-05 00:08:16.000,Studie Modules,de_hnee
0dc53fe7-20ab-40ed-ab44-b382174b1e3d,2026-02-05 00:08:20.000,Mail Overview,de_emau
9653f804-441b-492b-b75d-4af6a490ce11,2026-02-05 00:08:25.000,Studie Modules,de_si
21ebc7f4-cdf6-47e5-91da-81d6f1c0d4ec,2026-02-05 00:08:25.000,Mail Overview,de_fhef
33011b63-6f7f-4e74-8c2a-9a0473a8a317,2026-02-04 14:31:04.000,Mail Overview,de_hsm
33011b63-6f7f-4e74-8c2a-9a0473a8a317,2026-02-04 14:31:02.000,Mail Detail,de_hsm
73739c05-3404-4523-bac6-6ac5cb10acd9,2026-02-05 00:08:18.000,Mail Overview,de_hsfd
7c93587b-861c-4f46-b090-1ba3fcefe929,2026-02-05 00:07:15.000,Mail Overview,de_ovgu
65cd0792-b50d-44ef-82a8-1d7102eea77d,2026-02-05 00:08:26.000,Mail Overview,de_kuei
2a372815-8a6e-4aa3-8373-a4705f59c79d,2026-02-04 23:52:43.000,Mail Overview,de_phlb
2a372815-8a6e-4aa3-8373-a4705f59c79d,2026-02-04 23:52:42.000,Studie Modules,de_phlb
99629107-3195-4f7e-9ab7-0840dcd10c30,2026-02-04 20:41:18.000,Mail Overview,de_pum
cb268522-faa0-4a6a-b3f7-fa654e8392ec,2026-02-05 00:08:24.000,Mail Detail,de_ush
cb268522-faa0-4a6a-b3f7-fa654e8392ec,2026-02-05 00:08:28.000,Mail Overview,de_ush
9c10d7c9-f11e-4523-9497-546668bb12eb,2026-02-04 12:35:24.000,Cafeteria Overview,de_thm
cb268522-faa0-4a6a-b3f7-fa654e8392ec,2026-02-05 00:08:21.000,Mail Overview,de_ush
9c10d7c9-f11e-4523-9497-546668bb12eb,2026-02-04 12:35:25.000,Studie Modules,de_thm
4a8d2f9e-0c57-4dcd-9e77-160859b02df9,2026-02-05 00:08:31.000,Mail Overview,de_jlug
4a8d2f9e-0c57-4dcd-9e77-160859b02df9,2026-02-05 00:08:32.000,Studie Modules,de_jlug
00614b88-ddc1-488a-96af-a83501516cc7,2026-02-05 00:08:29.000,Studie Modules,de_thhf
91a12fe1-7d2c-4433-bd4e-5a14f1d84602,2026-02-05 00:08:28.000,Grades Overview,de_hspf
1d19f94e-81fe-453d-9d46-093be338bccc,2026-02-05 00:08:28.000,Studie Modules,de_hsgh
1d19f94e-81fe-453d-9d46-093be338bccc,2026-02-05 00:08:31.000,Studie Modules,de_hsgh
2de5f982-0764-425a-8a44-1f63ab93ce96,2026-02-04 23:25:36.000,Mail Detail,de_hm
1d19f94e-81fe-453d-9d46-093be338bccc,2026-02-05 00:08:29.000,Mail Overview,de_hsgh
1d19f94e-81fe-453d-9d46-093be338bccc,2026-02-05 00:08:33.000,Mail Overview,de_hsgh
9653f804-441b-492b-b75d-4af6a490ce11,2026-02-05 00:08:27.000,Mail Overview,de_si
14f77695-5213-4e5a-b2eb-82ebb88b4a0f,2026-02-05 00:08:24.000,Global Ory Login,de_upb
9653f804-441b-492b-b75d-4af6a490ce11,2026-02-05 00:08:30.000,Mail Detail,de_si
14f77695-5213-4e5a-b2eb-82ebb88b4a0f,2026-02-05 00:08:26.000,In App Browser Webview,de_upb
b6c07a9c-9755-4887-b4b3-e7c35a986d21,2026-02-05 00:08:27.000,Studie Modules,de_phw
b6c07a9c-9755-4887-b4b3-e7c35a986d21,2026-02-05 00:08:28.000,Mail Overview,de_phw
b6c07a9c-9755-4887-b4b3-e7c35a986d21,2026-02-05 00:08:35.000,Mail Detail,de_phw
65cd0792-b50d-44ef-82a8-1d7102eea77d,2026-02-05 00:08:30.000,Mail Detail,de_kuei
1fd5935b-b4fb-4a4f-903b-f7dda1fc9559,2026-02-05 00:08:33.000,Mail Overview,de_hsda
d249fa50-111d-4f53-aef8-576e0093514a,2026-02-05 00:08:33.000,Cafeteria Overview,de_tubs
d249fa50-111d-4f53-aef8-576e0093514a,2026-02-05 00:08:35.000,Cafeteria Detail,de_tubs
cb268522-faa0-4a6a-b3f7-fa654e8392ec,2026-02-05 00:08:40.000,Mail Overview,de_ush
d249fa50-111d-4f53-aef8-576e0093514a,2026-02-05 00:08:31.000,Studie Modules,de_tubs
cb268522-faa0-4a6a-b3f7-fa654e8392ec,2026-02-05 00:08:33.000,Mail Detail,de_ush
9382d731-792e-426e-9750-f6cc6dd9fd8e,2026-02-05 00:08:42.000,Mail Overview,de_hm
920f3528-1d58-4bc1-8cab-ef386f03cac3,2026-02-04 15:38:50.000,Feed,de_hspf
9382d731-792e-426e-9750-f6cc6dd9fd8e,2026-02-03 12:05:17.000,Studie Modules,de_hm
9382d731-792e-426e-9750-f6cc6dd9fd8e,2026-02-05 00:08:31.000,Studie Modules,de_hm
920f3528-1d58-4bc1-8cab-ef386f03cac3,2026-02-04 15:38:51.000,Studie Modules,de_hspf
87b6910d-4e56-47c8-8c95-f11cda5b38f4,2026-02-05 00:08:34.000,Setup Loading,""
4c53b40f-0695-4739-a344-649973e778b4,2026-02-05 00:08:37.000,Studie Modules,de_jlug
00614b88-ddc1-488a-96af-a83501516cc7,2026-02-05 00:08:34.000,Grades Overview,de_thhf
4c53b40f-0695-4739-a344-649973e778b4,2026-02-04 15:51:42.000,Mail Overview,de_jlug
4c53b40f-0695-4739-a344-649973e778b4,2026-02-04 15:51:42.000,Studie Modules,de_jlug
4c53b40f-0695-4739-a344-649973e778b4,2026-02-05 00:08:38.000,Mail Overview,de_jlug
3a5ff574-24a8-40cc-95af-c31c0ea8960c,2026-02-05 00:08:34.000,Mail Overview,de_bt
1d19f94e-81fe-453d-9d46-093be338bccc,2026-02-05 00:08:39.000,Games Basketball Main,de_hsgh
3a5ff574-24a8-40cc-95af-c31c0ea8960c,2026-02-05 00:08:37.000,Mail Detail,de_bt
3a5ff574-24a8-40cc-95af-c31c0ea8960c,2026-02-05 00:08:43.000,Mail Overview,de_bt
1d19f94e-81fe-453d-9d46-093be338bccc,2026-02-05 00:08:37.000,Games Overview,de_hsgh
1d19f94e-81fe-453d-9d46-093be338bccc,2026-02-05 00:08:34.000,Studie Modules,de_hsgh
20364b48-f844-4137-bb4e-ec004bb0a22e,2026-02-04 23:22:20.000,Studie Modules,de_hsko
f45cdeae-cf2e-4ba4-8008-0b6836ce4380,2026-02-05 00:08:40.000,Mail Overview,de_bt
0dc53fe7-20ab-40ed-ab44-b382174b1e3d,2026-02-05 00:08:45.000,Mail Detail,de_emau
f45cdeae-cf2e-4ba4-8008-0b6836ce4380,2026-02-05 00:08:44.000,Mail Detail,de_bt
2907105d-8518-43f9-9887-7a2c68a0dac8,2026-02-04 19:34:27.000,Mail Overview,de_mkk
2907105d-8518-43f9-9887-7a2c68a0dac8,2026-02-05 00:08:45.000,Mail Detail,de_mkk
2907105d-8518-43f9-9887-7a2c68a0dac8,2026-02-05 00:08:40.000,Mail Overview,de_mkk
1d9d83d7-2879-4212-ab16-644e6d6f8532,2026-02-05 00:08:47.000,Mail Overview,de_si
b0e21eca-85db-4078-aa44-df8ded76ce4f,2026-02-04 23:19:12.000,Studie Modules,de_hsaa
b0e21eca-85db-4078-aa44-df8ded76ce4f,2026-02-04 20:36:25.000,Mail Overview,de_hsaa
7efb5523-af97-4f9f-956d-d0178209820c,2026-02-04 19:22:42.000,Mail Overview,de_hsma
7efb5523-af97-4f9f-956d-d0178209820c,2026-02-04 19:22:40.000,Studie Modules,de_hsma
b0e21eca-85db-4078-aa44-df8ded76ce4f,2026-02-04 23:19:14.000,Feed,de_hsaa
7efb5523-af97-4f9f-956d-d0178209820c,2026-02-04 19:22:41.000,Library Overview,de_hsma
7efb5523-af97-4f9f-956d-d0178209820c,2026-02-04 19:22:42.000,Studie Modules,de_hsma
bf9abc03-ffef-4c1f-b86c-b09e4cd48e6d,2026-02-05 00:08:47.000,Mail Detail,de_hsge
bf9abc03-ffef-4c1f-b86c-b09e4cd48e6d,2026-02-05 00:08:45.000,Mail Overview,de_hsge
20fe20b6-8c63-45b1-9134-47d349b46c39,2026-02-04 17:32:40.000,Mail Overview,de_fuke
73739c05-3404-4523-bac6-6ac5cb10acd9,2026-02-05 00:08:50.000,Mail Detail,de_hsfd
cb268522-faa0-4a6a-b3f7-fa654e8392ec,2026-02-05 00:08:44.000,Mail Overview,de_ush
cb268522-faa0-4a6a-b3f7-fa654e8392ec,2026-02-05 00:08:47.000,Mail Detail,de_ush
2aab18f7-cb27-4bb7-8100-424bed4e3733,2026-02-05 00:08:39.000,Feed Detail,de_hm
2aab18f7-cb27-4bb7-8100-424bed4e3733,2026-02-04 23:08:37.000,Mail Detail,de_hm
cb268522-faa0-4a6a-b3f7-fa654e8392ec,2026-02-05 00:08:41.000,Mail Detail,de_ush
8bb0d01b-0278-4445-881d-618e8950ad55,2026-02-05 00:08:50.000,Feed,de_hshb
ce53f169-965d-4ebf-be4c-c8cd17a28cb3,2026-02-04 20:40:48.000,Mail Overview,de_jmu
8bb0d01b-0278-4445-881d-618e8950ad55,2026-02-05 00:08:48.000,Wallet Select Image,de_hshb
8bb0d01b-0278-4445-881d-618e8950ad55,2026-02-05 00:08:50.000,wallet,de_hshb
87b6910d-4e56-47c8-8c95-f11cda5b38f4,2026-02-05 00:08:46.000,Settings Loading,de_lg
87b6910d-4e56-47c8-8c95-f11cda5b38f4,2026-02-05 00:08:43.000,Feed,""
9d682176-fa54-498d-ac5c-767bafd6d1a6,2026-02-05 00:08:46.000,Studie Modules,de_ua
9d682176-fa54-498d-ac5c-767bafd6d1a6,2026-02-05 00:08:46.000,Mail Overview,de_ua
14f77695-5213-4e5a-b2eb-82ebb88b4a0f,2026-02-05 00:08:56.000,Feed,de_upb
14f77695-5213-4e5a-b2eb-82ebb88b4a0f,2026-02-05 00:08:55.000,Global Ory Login,de_upb
d61d92cd-c32a-406e-9fa2-92d36c373a7a,2026-02-05 00:08:48.000,Mail Overview,de_thm
d61d92cd-c32a-406e-9fa2-92d36c373a7a,2026-02-05 00:08:51.000,Mail Detail,de_thm
164e517d-767f-4705-9b76-ee7266a9d5f4,2026-02-05 00:08:51.000,Calendar Month View,de_hsnd
164e517d-767f-4705-9b76-ee7266a9d5f4,2026-02-05 00:08:49.000,Cafeteria Overview,de_hsnd
164e517d-767f-4705-9b76-ee7266a9d5f4,2026-02-05 00:08:50.000,Studie Modules,de_hsnd
bbde8c82-402e-4dc3-b6ae-d08fa1153c55,2026-02-05 00:08:49.000,Mail Overview,de_tuda
164e517d-767f-4705-9b76-ee7266a9d5f4,2026-02-05 00:08:48.000,Studie Modules,de_hsnd
b0e21eca-85db-4078-aa44-df8ded76ce4f,2026-02-05 00:08:51.000,Mail Overview,de_hsaa
6d27bfd3-2702-40f9-b4b4-e21c52872a28,2026-02-05 00:08:56.000,Studie Modules,de_tucl
bbde8c82-402e-4dc3-b6ae-d08fa1153c55,2026-02-05 00:08:51.000,Mail Write,de_tuda
6d27bfd3-2702-40f9-b4b4-e21c52872a28,2026-02-05 00:08:53.000,Career Main,de_tucl
bbde8c82-402e-4dc3-b6ae-d08fa1153c55,2026-02-05 00:08:48.000,Studie Modules,de_tuda
d3676022-6e22-4685-aa97-0c4363bf8804,2026-02-05 00:08:52.000,Study Field Onboarding,de_si
00614b88-ddc1-488a-96af-a83501516cc7,2026-02-05 00:08:57.000,Grades Detail,de_thhf
e731265a-4be1-41a0-a14c-f9ccea9676cd,2026-02-05 00:08:44.000,Authenticator,de_pum
87b6910d-4e56-47c8-8c95-f11cda5b38f4,2026-02-05 00:08:57.000,Studie Modules,de_lg
e731265a-4be1-41a0-a14c-f9ccea9676cd,2026-02-05 00:08:43.000,Studie Modules,de_pum
777f610a-c1db-4a46-bb48-87a92e6a0c5a,2026-02-05 00:09:00.000,Feed,de_hm
777f610a-c1db-4a46-bb48-87a92e6a0c5a,2026-02-05 00:08:57.000,Feed Detail,de_hm
6630f5c3-6f86-4eaa-8bd2-1a2ef58aef2d,2026-02-05 00:08:54.000,Studie Modules,de_upb
6630f5c3-6f86-4eaa-8bd2-1a2ef58aef2d,2026-02-05 00:08:55.000,Mail Overview,de_upb
6630f5c3-6f86-4eaa-8bd2-1a2ef58aef2d,2026-02-05 00:09:01.000,Mail Detail,de_upb
2907105d-8518-43f9-9887-7a2c68a0dac8,2026-02-05 00:09:04.000,Mail Overview,de_mkk
1d9d83d7-2879-4212-ab16-644e6d6f8532,2026-02-05 00:09:05.000,Mail Detail,de_si
14f77695-5213-4e5a-b2eb-82ebb88b4a0f,2026-02-05 00:09:02.000,wallet,de_upb
14f77695-5213-4e5a-b2eb-82ebb88b4a0f,2026-02-05 00:08:58.000,Studie Modules,de_upb
942130d3-5e6d-4ac1-8ae6-075ef152c556,2026-02-05 00:08:56.000,Studie Modules,de_pum
e29aae8b-b2a5-40d8-8665-642369475649,2026-02-05 00:08:57.000,Study Field Onboarding,de_fhms
942130d3-5e6d-4ac1-8ae6-075ef152c556,2026-02-04 16:58:06.000,Studie Modules,de_pum
942130d3-5e6d-4ac1-8ae6-075ef152c556,2026-02-04 16:58:06.000,Feed,de_pum
942130d3-5e6d-4ac1-8ae6-075ef152c556,2026-02-05 00:08:57.000,Mail Overview,de_pum
6d27bfd3-2702-40f9-b4b4-e21c52872a28,2026-02-05 00:09:09.000,Grades Overview,de_tucl
f838ddfb-16d2-4258-a0d8-c0cd60e4a1d2,2026-02-05 00:09:07.000,Mail Detail,de_hsma
6d27bfd3-2702-40f9-b4b4-e21c52872a28,2026-02-05 00:09:00.000,Settings Overview,de_tucl
0a9a3786-0542-493f-a4d6-7ea6d3634fce,2026-02-04 21:43:43.000,Mail Overview,de_upb
f838ddfb-16d2-4258-a0d8-c0cd60e4a1d2,2026-02-05 00:09:04.000,Mail Overview,de_hsma
0a9a3786-0542-493f-a4d6-7ea6d3634fce,2026-02-04 21:43:45.000,Feed,de_upb
6d27bfd3-2702-40f9-b4b4-e21c52872a28,2026-02-05 00:09:04.000,Feed,de_tucl
6d27bfd3-2702-40f9-b4b4-e21c52872a28,2026-02-05 00:09:06.000,Studie Modules,de_tucl
1a1f293c-e43b-4c59-b44d-69900f67b303,2026-02-05 00:09:00.000,Study Field Onboarding,de_hsge
ba33cd9e-85d1-4ede-a40a-57b1f8a9e58e,2026-02-05 00:09:11.000,Games Battleships Profile,de_hslu
757b45ce-a22b-4772-ac21-558d57d22cf4,2026-02-03 10:56:18.000,Global Ory Login,de_upb
87b6910d-4e56-47c8-8c95-f11cda5b38f4,2026-02-05 00:09:05.000,Wallet Login,de_lg
757b45ce-a22b-4772-ac21-558d57d22cf4,2026-02-04 10:42:08.000,Global Ory Login,de_upb
80043c90-aa48-48c4-9999-4aad00fe1a95,2026-02-05 00:09:02.000,External Login Expired,de_tuda
2907105d-8518-43f9-9887-7a2c68a0dac8,2026-02-05 00:09:07.000,Mail Detail,de_mkk
6630f5c3-6f86-4eaa-8bd2-1a2ef58aef2d,2026-02-05 00:09:08.000,Mail Detail,de_upb
64e8ff55-5600-4815-b9f6-7403b5077bb2,2026-02-03 07:57:03.000,Mail Overview,de_hvk
6630f5c3-6f86-4eaa-8bd2-1a2ef58aef2d,2026-02-05 00:09:07.000,Mail Overview,de_upb
64e8ff55-5600-4815-b9f6-7403b5077bb2,2026-02-03 07:57:05.000,Feed,de_hvk
cb268522-faa0-4a6a-b3f7-fa654e8392ec,2026-02-05 00:09:16.000,Mail Overview,de_ush
b2b77ada-21e3-4804-a5f5-e0a27d81a0a0,2026-02-05 00:09:09.000,Grades Overview,de_hbc
c6bfbb5a-5d6a-48cd-8dec-903e060cb843,2026-02-05 00:09:07.000,wallet,de_upb
b2b77ada-21e3-4804-a5f5-e0a27d81a0a0,2026-02-05 00:09:07.000,Studie Modules,de_hbc
3451a587-edd0-4bd9-a272-8d38f4091a17,2026-02-04 23:42:38.000,Feed,de_pum
3451a587-edd0-4bd9-a272-8d38f4091a17,2026-02-04 23:42:36.000,Studie Modules,de_pum
bbde8c82-402e-4dc3-b6ae-d08fa1153c55,2026-02-05 00:09:17.000,Mail Overview,de_tuda
858c87de-9361-4cef-8dd1-d874659a0cf1,2026-02-05 00:09:09.000,Mail Overview,de_hsfd
858c87de-9361-4cef-8dd1-d874659a0cf1,2026-02-05 00:09:15.000,Mail Detail,de_hsfd
6b2e4f42-9001-446f-8b0c-9b38e7a47063,2026-02-04 10:18:14.000,Mail Overview,de_hgo
6b2e4f42-9001-446f-8b0c-9b38e7a47063,2026-02-04 10:18:23.000,Mail Detail,de_hgo
6b2e4f42-9001-446f-8b0c-9b38e7a47063,2026-02-04 10:18:24.000,Mail Overview,de_hgo
6b2e4f42-9001-446f-8b0c-9b38e7a47063,2026-02-04 10:18:13.000,Studie Modules,de_hgo
2984645c-2232-45ff-9c2e-ca68520fa141,2026-02-05 00:09:15.000,Mail Detail,de_ks
2984645c-2232-45ff-9c2e-ca68520fa141,2026-02-05 00:09:14.000,Mail Overview,de_ks
74de121a-ffaf-4894-91f3-2d1be735e81c,2026-02-05 00:09:22.000,Studie Modules,de_ks
d4662397-fcc2-451e-b3f5-4a7cbc77f3fc,2026-02-05 00:09:12.000,Studie Modules,de_hshb
6b2e4f42-9001-446f-8b0c-9b38e7a47063,2026-02-04 17:59:10.000,Mail Detail,de_hgo
6b2e4f42-9001-446f-8b0c-9b38e7a47063,2026-02-04 17:22:58.000,Mail Detail,de_hgo
597271de-3869-475a-8f88-248eaf0a7f36,2026-02-04 16:41:36.000,Feed,de_emau
597271de-3869-475a-8f88-248eaf0a7f36,2026-02-04 16:41:37.000,Studie Modules,de_emau
6b2e4f42-9001-446f-8b0c-9b38e7a47063,2026-02-04 17:23:17.000,Mail Detail,de_hgo
6b2e4f42-9001-446f-8b0c-9b38e7a47063,2026-02-04 17:23:15.000,Mail Overview,de_hgo
74de121a-ffaf-4894-91f3-2d1be735e81c,2026-02-05 00:09:23.000,Mail Overview,de_ks
6b2e4f42-9001-446f-8b0c-9b38e7a47063,2026-02-04 17:48:26.000,Mail Overview,de_hgo
597271de-3869-475a-8f88-248eaf0a7f36,2026-02-04 16:41:38.000,Mail Overview,de_emau
d4662397-fcc2-451e-b3f5-4a7cbc77f3fc,2026-02-05 00:09:12.000,wallet,de_hshb
dfada086-0130-4789-ae06-433c41103329,2026-02-05 00:09:16.000,calendar_overview,de_cbs
2907105d-8518-43f9-9887-7a2c68a0dac8,2026-02-05 00:09:20.000,Mail Overview,de_mkk
f838ddfb-16d2-4258-a0d8-c0cd60e4a1d2,2026-02-05 00:09:24.000,Mail Overview,de_hsma
d51647e3-bd31-43b4-b726-c9fee097c8bf,2026-02-05 00:03:53.000,Studie Modules,de_hsko
cb268522-faa0-4a6a-b3f7-fa654e8392ec,2026-02-05 00:09:17.000,Studie Modules,de_ush
2d932f6f-c0d3-4f32-9622-02b4dd90fb8a,2026-02-05 00:09:23.000,Cafeteria Detail,de_lg
82792e3c-7f55-4658-b96a-393818dcb732,2026-02-04 07:48:07.000,Studie Modules,de_kuei
82792e3c-7f55-4658-b96a-393818dcb732,2026-02-04 07:48:08.000,Mail Overview,de_kuei
82792e3c-7f55-4658-b96a-393818dcb732,2026-02-05 00:09:25.000,Mail Overview,de_kuei
82792e3c-7f55-4658-b96a-393818dcb732,2026-02-05 00:09:24.000,Studie Modules,de_kuei
858c87de-9361-4cef-8dd1-d874659a0cf1,2026-02-05 00:09:30.000,Mail Overview,de_hsfd
74de121a-ffaf-4894-91f3-2d1be735e81c,2026-02-05 00:09:24.000,Studie Modules,de_ks
74de121a-ffaf-4894-91f3-2d1be735e81c,2026-02-05 00:09:27.000,Cafeteria Overview,de_ks
19a1df62-3853-48d9-a9b8-bb06bbca3239,2026-02-05 00:09:31.000,Calendar Week View,de_ehl
f838ddfb-16d2-4258-a0d8-c0cd60e4a1d2,2026-02-05 00:09:29.000,Mail Detail,de_hsma
19a1df62-3853-48d9-a9b8-bb06bbca3239,2026-02-05 00:09:24.000,Career Onboarding,de_ehl
0a69581f-056b-4eec-b8f3-6070dc007946,2026-02-05 00:09:26.000,Global Ory Login,de_si
2907105d-8518-43f9-9887-7a2c68a0dac8,2026-02-05 00:09:34.000,Mail Detail,de_mkk
19a1df62-3853-48d9-a9b8-bb06bbca3239,2026-02-05 00:09:29.000,Feed,de_ehl
18e6f6ad-0860-4698-9572-056bf7383634,2026-02-05 00:09:35.000,Feed,de_hawl
18e6f6ad-0860-4698-9572-056bf7383634,2026-02-05 00:09:37.000,Mail Overview,de_hawl
57440c27-742e-4d1b-93ab-366e4a1eddab,2026-02-04 20:59:47.000,Mail Overview,de_bt
f5dc32a8-85bb-414f-bda9-ea6d6932c134,2026-02-04 17:48:03.000,Mail Overview,de_emau
51f7d224-9f73-4b62-ab2c-92b66fb15e4f,2026-02-05 00:09:29.000,wallet,de_hsko
82792e3c-7f55-4658-b96a-393818dcb732,2026-02-05 00:09:32.000,Mail Overview,de_kuei
51f7d224-9f73-4b62-ab2c-92b66fb15e4f,2026-02-05 00:09:29.000,WALLET,de_hsko
51f7d224-9f73-4b62-ab2c-92b66fb15e4f,2026-02-05 00:09:28.000,Studie Modules,de_hsko
82792e3c-7f55-4658-b96a-393818dcb732,2026-02-05 00:09:32.000,Mail Detail,de_kuei
82792e3c-7f55-4658-b96a-393818dcb732,2026-02-05 00:09:30.000,Mail Detail,de_kuei
33f45d52-e486-4e10-a408-07ea7a52c874,2026-02-04 23:53:34.000,Mail Overview,de_pum
bb604da3-c4b0-4f16-8eda-4000715c9ff3,2026-02-04 22:54:04.000,Mail Overview,de_phlb
f1c93794-8511-4eca-8193-d3cf1cf1da8d,2026-02-04 23:39:46.000,Studie Modules,de_hsma
567f02fb-72d5-4a79-928a-9bcfd3066ef3,2026-02-04 22:39:24.000,Mail Detail,de_pum
1a3b350a-003d-4a11-9938-65be5975dfc3,2026-02-04 22:45:49.000,Feed,de_pum
1a3b350a-003d-4a11-9938-65be5975dfc3,2026-02-04 22:45:48.000,Studie Modules,de_pum
1a3b350a-003d-4a11-9938-65be5975dfc3,2026-02-04 22:45:50.000,Cafeteria Overview,de_pum
1a2c62ab-f776-468d-a21c-ccbed3116eef,2026-02-04 14:18:56.000,Studie Modules,de_lg
95a1c785-d43e-4087-be01-1b457231d888,2026-02-05 00:09:35.000,Cafeteria Detail,de_hshz
1a2c62ab-f776-468d-a21c-ccbed3116eef,2026-02-04 16:05:04.000,Studie Modules,de_lg
1a2c62ab-f776-468d-a21c-ccbed3116eef,2026-02-04 16:04:59.000,Mail Overview,de_lg
1a2c62ab-f776-468d-a21c-ccbed3116eef,2026-02-04 16:04:59.000,Studie Modules,de_lg
1a2c62ab-f776-468d-a21c-ccbed3116eef,2026-02-04 14:18:57.000,Mail Overview,de_lg
19a1df62-3853-48d9-a9b8-bb06bbca3239,2026-02-05 00:09:43.000,Calendar Week View,de_ehl
2907105d-8518-43f9-9887-7a2c68a0dac8,2026-02-05 00:09:38.000,Mail Overview,de_mkk
19a1df62-3853-48d9-a9b8-bb06bbca3239,2026-02-05 00:09:39.000,Schedule Detail,de_ehl
2907105d-8518-43f9-9887-7a2c68a0dac8,2026-02-05 00:09:43.000,Mail Detail,de_mkk
1d19f94e-81fe-453d-9d46-093be338bccc,2026-02-05 00:09:45.000,Games Overview,de_hsgh
19a1df62-3853-48d9-a9b8-bb06bbca3239,2026-02-05 00:09:44.000,Schedule Detail,de_ehl
7b034d23-e076-42aa-9461-dc7cb19705c9,2026-02-04 22:08:14.000,Studie Modules,de_si
7b034d23-e076-42aa-9461-dc7cb19705c9,2026-02-04 22:08:18.000,Mail Overview,de_si
7b034d23-e076-42aa-9461-dc7cb19705c9,2026-02-04 22:08:15.000,Mail Overview,de_si
7b034d23-e076-42aa-9461-dc7cb19705c9,2026-02-04 22:08:20.000,Mail Detail,de_si
7b034d23-e076-42aa-9461-dc7cb19705c9,2026-02-04 22:08:17.000,Mail Detail,de_si
c35b88f5-81f4-4372-9a8e-1a89c4be1906,2026-02-04 23:52:40.000,Studie Modules,de_jlug
c35b88f5-81f4-4372-9a8e-1a89c4be1906,2026-02-04 23:52:41.000,Mail Overview,de_jlug
e7925bbf-f6c1-4a86-bab9-39ce79370d1b,2026-02-05 00:09:49.000,Studie Modules,de_tuda
97cbea83-d6ef-46c1-a0c0-638f5940d9ff,2026-02-05 00:09:42.000,Studie Modules,de_hmb
97cbea83-d6ef-46c1-a0c0-638f5940d9ff,2026-02-05 00:09:40.000,Studie Modules,de_hmb
97cbea83-d6ef-46c1-a0c0-638f5940d9ff,2026-02-05 00:09:43.000,Mail Overview,de_hmb
97cbea83-d6ef-46c1-a0c0-638f5940d9ff,2026-02-05 00:09:41.000,Generic Links Overview,de_hmb
97cbea83-d6ef-46c1-a0c0-638f5940d9ff,2026-02-05 00:09:49.000,Mail Overview,de_hmb
97cbea83-d6ef-46c1-a0c0-638f5940d9ff,2026-02-05 00:09:50.000,Mail Write,de_hmb
97cbea83-d6ef-46c1-a0c0-638f5940d9ff,2026-02-05 00:09:46.000,Mail Detail,de_hmb
8c17a469-d0e4-4164-8187-73369cb1458d,2026-02-05 00:09:43.000,Mail Overview,de_pum
8c17a469-d0e4-4164-8187-73369cb1458d,2026-02-05 00:09:52.000,Library Overview,de_pum
8c17a469-d0e4-4164-8187-73369cb1458d,2026-02-05 00:09:50.000,Studie Modules,de_pum
8c17a469-d0e4-4164-8187-73369cb1458d,2026-02-05 00:09:42.000,Studie Modules,de_pum
0d9be287-ec52-46bb-a65d-c838c5344a8c,2026-02-05 00:09:41.000,Mail Overview,de_bt
0d9be287-ec52-46bb-a65d-c838c5344a8c,2026-02-05 00:09:48.000,Mail Detail,de_bt
0d9be287-ec52-46bb-a65d-c838c5344a8c,2026-02-05 00:09:48.000,Mail Overview,de_bt
0d9be287-ec52-46bb-a65d-c838c5344a8c,2026-02-05 00:09:47.000,Mail Detail,de_bt
1d19f94e-81fe-453d-9d46-093be338bccc,2026-02-05 00:09:46.000,Games Battleships Profile,de_hsgh
19a1df62-3853-48d9-a9b8-bb06bbca3239,2026-02-05 00:09:49.000,Schedule Detail,de_ehl
19a1df62-3853-48d9-a9b8-bb06bbca3239,2026-02-05 00:09:47.000,Calendar Week View,de_ehl
90f1eafb-9e06-4ce3-b6d1-7e64ee7693a4,2026-02-05 00:09:45.000,Mail Overview,de_emau
90f1eafb-9e06-4ce3-b6d1-7e64ee7693a4,2026-02-05 00:09:51.000,Mail Overview,de_emau
1d19f94e-81fe-453d-9d46-093be338bccc,2026-02-05 00:09:50.000,Games Battleships Play,de_hsgh
085150ce-dd47-4f09-87a2-be7f074316ec,2026-02-05 00:09:53.000,Schedule Detail,de_hba
90f1eafb-9e06-4ce3-b6d1-7e64ee7693a4,2026-02-05 00:09:47.000,Mail Detail,de_emau
90f1eafb-9e06-4ce3-b6d1-7e64ee7693a4,2026-02-05 00:09:45.000,Studie Modules,de_emau
496fa963-346a-4b39-8543-3c91b0e6d7bb,2026-02-05 00:09:43.000,Study Field Onboarding,de_si
90f1eafb-9e06-4ce3-b6d1-7e64ee7693a4,2026-02-05 00:09:55.000,Mail Detail,de_emau
2907105d-8518-43f9-9887-7a2c68a0dac8,2026-02-05 00:09:55.000,Mail Overview,de_mkk
3980e257-0d86-4e13-ba62-e2701fab83bb,2026-02-05 00:09:50.000,Mail Overview,de_hsko
6d27bfd3-2702-40f9-b4b4-e21c52872a28,2026-02-05 00:09:56.000,Studie Modules,de_tucl
3980e257-0d86-4e13-ba62-e2701fab83bb,2026-02-05 00:09:54.000,Career Onboarding,de_hsko
3980e257-0d86-4e13-ba62-e2701fab83bb,2026-02-05 00:09:53.000,Studie Modules,de_hsko
3980e257-0d86-4e13-ba62-e2701fab83bb,2026-02-05 00:09:49.000,Studie Modules,de_hsko
3980e257-0d86-4e13-ba62-e2701fab83bb,2026-02-05 00:09:55.000,Studie Modules,de_hsko
6ffe5a0d-8432-4f9f-a556-39f575f70ff7,2026-02-04 17:22:02.000,Mail Overview,de_ovgu
281fc7d6-76e0-43ed-b926-3d357b45f676,2026-02-04 23:24:49.000,Mail Overview,de_jlug
6ffe5a0d-8432-4f9f-a556-39f575f70ff7,2026-02-04 17:22:00.000,Mail Detail,de_ovgu
6ffe5a0d-8432-4f9f-a556-39f575f70ff7,2026-02-04 17:21:56.000,Mail Overview,de_ovgu
e16e07a6-985c-4a92-8eb9-bb0bfec8d437,2026-02-04 12:05:17.000,Mail Overview,de_hsaa
6787e5bb-d0a0-4622-8fdd-9de2c3983052,2026-02-05 00:09:57.000,Feed,de_hsge
e16e07a6-985c-4a92-8eb9-bb0bfec8d437,2026-02-04 12:05:11.000,Mail Overview,de_hsaa
6787e5bb-d0a0-4622-8fdd-9de2c3983052,2026-02-05 00:09:47.000,Feed Detail,de_hsge
e16e07a6-985c-4a92-8eb9-bb0bfec8d437,2026-02-04 12:05:13.000,Mail Detail,de_hsaa
f5cabe8d-d742-4db5-a0bc-77b90ab3b402,2026-02-04 19:49:31.000,Mail Overview,de_jlug
7473dc0d-4e86-4925-b731-c6744b3bcdf8,2026-02-05 00:09:53.000,Grades Overview,de_hspf
7473dc0d-4e86-4925-b731-c6744b3bcdf8,2026-02-05 00:09:52.000,Studie Modules,de_hspf
60342d3b-bc42-414b-890b-95472d20c51d,2026-02-05 00:09:56.000,Mail Overview,de_tuda
